#
# A fatal error has been detected by the Java Runtime Environment:
#
#  SIGBUS (0xa) at pc=0x00000001191ea868, pid=3630, tid=23331
#
# JRE version: OpenJDK Runtime Environment Corretto-21.0.11.10.1 (21.0.11+10) (build 21.0.11+10-LTS)
# Java VM: OpenJDK 64-Bit Server VM Corretto-21.0.11.10.1 (21.0.11+10-LTS, mixed mode, sharing, tiered, compressed oops, compressed class ptrs, g1 gc, bsd-aarch64)
# Problematic frame:
# J 4444 c2 java.lang.invoke.Invokers$Holder.linkToTargetMethod(Ljava/lang/Object;Ljava/lang/Object;)Ljava/lang/Object; java.base@21.0.11 (9 bytes) @ 0x00000001191ea868 [0x00000001191ea840+0x0000000000000028]
#
# No core dump will be written. Core dumps have been disabled. To enable core dumping, try "ulimit -c unlimited" before starting Java again
#
# If you would like to submit a bug report, please visit:
#   https://github.com/corretto/corretto-21/issues/
#

---------------  S U M M A R Y ------------

Command Line: --add-opens=java.base/java.lang=ALL-UNNAMED --add-opens=java.base/java.lang.invoke=ALL-UNNAMED --add-opens=java.base/java.util=ALL-UNNAMED --add-opens=java.prefs/java.util.prefs=ALL-UNNAMED --add-exports=jdk.compiler/com.sun.tools.javac.api=ALL-UNNAMED --add-exports=jdk.compiler/com.sun.tools.javac.util=ALL-UNNAMED --add-opens=java.base/java.nio.charset=ALL-UNNAMED --add-opens=java.base/java.net=ALL-UNNAMED --add-opens=java.base/java.util.concurrent=ALL-UNNAMED --add-opens=java.base/java.util.concurrent.atomic=ALL-UNNAMED --add-opens=java.xml/javax.xml.namespace=ALL-UNNAMED --add-opens=java.base/java.time=ALL-UNNAMED -Xmx4096M -Dfile.encoding=UTF-8 -Duser.country=BO -Duser.language=en -Duser.variant -javaagent:/Users/orly/.gradle/wrapper/dists/gradle-9.5.0-bin/bvnork1r7n8i6kp5cnkibsc9q/gradle-9.5.0/lib/agents/gradle-instrumentation-agent-9.5.0.jar org.gradle.launcher.daemon.bootstrap.GradleDaemon 9.5.0

Host: "MacBookPro18,1" arm64, 10 cores, 16G, Darwin 25.5.0, macOS 26.5.2 (25F84)
Time: Thu Jul 23 11:39:48 2026 -04 elapsed time: 620.226270 seconds (0d 0h 10m 20s)

---------------  T H R E A D  ---------------

Current thread (0x0000000b5e8c7100):  JavaThread "Daemon worker Thread 2"        [_thread_in_Java, id=23331, stack(0x0000000171630000,0x0000000171833000) (2060K)]

Stack: [0x0000000171630000,0x0000000171833000],  sp=0x0000000171830240,  free space=2048k
Native frames: (J=compiled Java code, j=interpreted, Vv=VM code, C=native code)
J 4444 c2 java.lang.invoke.Invokers$Holder.linkToTargetMethod(Ljava/lang/Object;Ljava/lang/Object;)Ljava/lang/Object; java.base@21.0.11 (9 bytes) @ 0x00000001191ea868 [0x00000001191ea840+0x0000000000000028]
j  org.gradle.internal.cc.impl.problems.ConfigurationCacheProblems.counter$default(Lorg/gradle/internal/cc/impl/problems/ConfigurationCacheProblems;ILjava/lang/String;Ljava/lang/String;ILjava/lang/Object;)Ljava/lang/String;+8
j  org.gradle.internal.cc.impl.problems.ConfigurationCacheProblems$PostBuildProblemsHandler.beforeComplete(Ljava/lang/Throwable;)V+63
J 5798 c1 java.lang.invoke.LambdaForm$DMH+0x000000c801030000.invokeInterface(Ljava/lang/Object;Ljava/lang/Object;Ljava/lang/Object;)V java.base@21.0.11 (28 bytes) @ 0x0000000111fde654 [0x0000000111fddf00+0x0000000000000754]
J 5824 c1 java.lang.invoke.LambdaForm$MH+0x000000c80103f000.invoke(Ljava/lang/Object;Ljava/lang/Object;Ljava/lang/Object;)Ljava/lang/Object; java.base@21.0.11 (57 bytes) @ 0x0000000111fefc0c [0x0000000111fef340+0x00000000000008cc]
J 23536 c2 org.gradle.internal.dispatch.ReflectionDispatch.dispatch(Ljava/lang/Object;)V (9 bytes) @ 0x0000000119b43f9c [0x0000000119b43d40+0x000000000000025c]
J 31062 c1 org.gradle.internal.event.DefaultListenerManager$ListenerDetails.dispatch(Lorg/gradle/internal/dispatch/MethodInvocation;)V (67 bytes) @ 0x0000000114b94a08 [0x0000000114b94540+0x00000000000004c8]
J 14798 c1 org.gradle.internal.event.DefaultListenerManager$ListenerDetails.dispatch(Ljava/lang/Object;)V (9 bytes) @ 0x0000000111b0c608 [0x0000000111b0c440+0x00000000000001c8]
J 23572 c2 org.gradle.internal.event.AbstractBroadcastDispatch.dispatch(Lorg/gradle/internal/dispatch/MethodInvocation;Ljava/util/List;)V (65 bytes) @ 0x0000000119b55d08 [0x0000000119b55680+0x0000000000000688]
J 12453 c1 org.gradle.internal.event.DefaultListenerManager$EventBroadcast$ListenerDispatch.dispatch(Lorg/gradle/internal/dispatch/MethodInvocation;)V (46 bytes) @ 0x00000001129d46b0 [0x00000001129d4440+0x0000000000000270]
J 12452 c1 org.gradle.internal.event.DefaultListenerManager$EventBroadcast$ListenerDispatch.dispatch(Ljava/lang/Object;)V (9 bytes) @ 0x00000001129d4088 [0x00000001129d3ec0+0x00000000000001c8]
J 22363 c1 org.gradle.internal.dispatch.ProxyDispatchAdapter$DispatchingInvocationHandler.invoke(Ljava/lang/Object;Ljava/lang/reflect/Method;[Ljava/lang/Object;)Ljava/lang/Object; (266 bytes) @ 0x0000000113993d88 [0x0000000113992280+0x0000000000001b08]
j  jdk.proxy1.$Proxy37.beforeComplete(Ljava/lang/Throwable;)V+16 jdk.proxy1
j  org.gradle.composite.internal.DefaultRootBuildState.run(Ljava/util/function/Function;)Ljava/lang/Object;+101
j  org.gradle.launcher.exec.RootBuildLifecycleBuildActionExecutor.execute(Lorg/gradle/internal/invocation/BuildAction;)Lorg/gradle/internal/buildtree/BuildActionRunner$Result;+91
j  org.gradle.launcher.exec.BuildTreeLifecycleBuildActionExecutor.runRootBuildAction(Lorg/gradle/internal/invocation/BuildAction;Lorg/gradle/internal/service/ServiceRegistry;Lorg/gradle/internal/buildtree/BuildActionModelRequirements;Lorg/gradle/internal/buildtree/BuildModelParameters;)Lorg/gradle/internal/buildtree/BuildActionRunner$Result;+42
j  org.gradle.launcher.exec.BuildTreeLifecycleBuildActionExecutor.execute(Lorg/gradle/internal/invocation/BuildAction;Lorg/gradle/internal/session/BuildSessionContext;)Lorg/gradle/internal/buildtree/BuildActionRunner$Result;+50
j  org.gradle.launcher.exec.RunAsBuildOperationBuildActionExecutor$2.call(Lorg/gradle/internal/operations/BuildOperationContext;)Lorg/gradle/internal/buildtree/BuildActionRunner$Result;+25
j  org.gradle.launcher.exec.RunAsBuildOperationBuildActionExecutor$2.call(Lorg/gradle/internal/operations/BuildOperationContext;)Ljava/lang/Object;+2
J 18398 c1 org.gradle.internal.operations.DefaultBuildOperationRunner$CallableBuildOperationWorker.execute(Lorg/gradle/internal/operations/BuildOperation;Lorg/gradle/internal/operations/BuildOperationContext;)V (10 bytes) @ 0x000000011344cb78 [0x000000011344c8c0+0x00000000000002b8]
J 22009 c1 org.gradle.internal.operations.DefaultBuildOperationRunner$2.execute(Lorg/gradle/internal/operations/BuildOperationDescriptor;Lorg/gradle/internal/operations/BuildOperationState;Lorg/gradle/internal/operations/BuildOperationState;Lorg/gradle/internal/operations/DefaultBuildOperationRunner$ReadableBuildOperationContext;Lorg/gradle/internal/operations/DefaultBuildOperationRunner$BuildOperationExecutionListener;)Lorg/gradle/internal/operations/BuildOperation; (110 bytes) @ 0x00000001138defe0 [0x00000001138ded80+0x0000000000000260]
J 11812 c1 org.gradle.internal.operations.DefaultBuildOperationRunner$2.execute(Lorg/gradle/internal/operations/BuildOperationDescriptor;Lorg/gradle/internal/operations/BuildOperationState;Lorg/gradle/internal/operations/BuildOperationState;Lorg/gradle/internal/operations/DefaultBuildOperationRunner$ReadableBuildOperationContext;Lorg/gradle/internal/operations/DefaultBuildOperationRunner$BuildOperationExecutionListener;)Ljava/lang/Object; (12 bytes) @ 0x00000001128cfa14 [0x00000001128cf940+0x00000000000000d4]
J 29685 c1 org.gradle.internal.operations.DefaultBuildOperationRunner.execute(Lorg/gradle/internal/operations/BuildOperationDescriptor$Builder;Lorg/gradle/internal/operations/DefaultBuildOperationRunner$BuildOperationExecution;)Ljava/lang/Object; (147 bytes) @ 0x000000011488f248 [0x000000011488ecc0+0x0000000000000588]
J 15827 c2 org.gradle.internal.operations.DefaultBuildOperationRunner.execute(Lorg/gradle/internal/operations/BuildOperation;Lorg/gradle/internal/operations/BuildOperationWorker;)V (22 bytes) @ 0x00000001195e757c [0x00000001195e74c0+0x00000000000000bc]
J 10960 c1 org.gradle.internal.operations.DefaultBuildOperationRunner.call(Lorg/gradle/internal/operations/CallableBuildOperation;)Ljava/lang/Object; (20 bytes) @ 0x0000000111cc21c0 [0x0000000111cc2000+0x00000000000001c0]
j  org.gradle.launcher.exec.RunAsBuildOperationBuildActionExecutor.execute(Lorg/gradle/internal/invocation/BuildAction;Lorg/gradle/internal/session/BuildSessionContext;)Lorg/gradle/internal/buildtree/BuildActionRunner$Result;+23
j  org.gradle.launcher.exec.RunAsWorkerThreadBuildActionExecutor.lambda$execute$0(Lorg/gradle/internal/invocation/BuildAction;Lorg/gradle/internal/session/BuildSessionContext;)Lorg/gradle/internal/buildtree/BuildActionRunner$Result;+6
j  org.gradle.launcher.exec.RunAsWorkerThreadBuildActionExecutor$$Lambda+0x000000c8012a8450.create()Ljava/lang/Object;+12
J 18424 c1 org.gradle.internal.work.DefaultWorkerLeaseService$$Lambda+0x000000c8012aa030.create()Ljava/lang/Object; (16 bytes) @ 0x0000000111c96358 [0x0000000111c96280+0x00000000000000d8]
J 14299 c1 org.gradle.internal.work.DefaultWorkerLeaseService.withLocksAcquired(Ljava/util/Collection;Lorg/gradle/internal/Factory;)Ljava/lang/Object; (27 bytes) @ 0x0000000112e21d90 [0x0000000112e21500+0x0000000000000890]
J 18431 c1 org.gradle.internal.work.DefaultWorkerLeaseService.runAsWorkerThread(Lorg/gradle/internal/Factory;)Ljava/lang/Object; (37 bytes) @ 0x0000000111dd12a8 [0x0000000111dd1080+0x0000000000000228]
j  org.gradle.launcher.exec.RunAsWorkerThreadBuildActionExecutor.execute(Lorg/gradle/internal/invocation/BuildAction;Lorg/gradle/internal/session/BuildSessionContext;)Lorg/gradle/internal/buildtree/BuildActionRunner$Result;+12
j  org.gradle.tooling.internal.provider.continuous.ContinuousBuildActionExecutor.execute(Lorg/gradle/internal/invocation/BuildAction;Lorg/gradle/internal/session/BuildSessionContext;)Lorg/gradle/internal/buildtree/BuildActionRunner$Result;+58
j  org.gradle.tooling.internal.provider.SubscribableBuildActionExecutor.execute(Lorg/gradle/internal/invocation/BuildAction;Lorg/gradle/internal/session/BuildSessionContext;)Lorg/gradle/internal/buildtree/BuildActionRunner$Result;+30
j  org.gradle.internal.session.DefaultBuildSessionContext.execute(Lorg/gradle/internal/invocation/BuildAction;)Lorg/gradle/internal/buildtree/BuildActionRunner$Result;+64
j  org.gradle.internal.buildprocess.execution.BuildSessionLifecycleBuildActionExecutor$ActionImpl.apply(Lorg/gradle/internal/session/BuildSessionContext;)Lorg/gradle/launcher/exec/BuildActionResult;+6
j  org.gradle.internal.buildprocess.execution.BuildSessionLifecycleBuildActionExecutor$ActionImpl.apply(Ljava/lang/Object;)Ljava/lang/Object;+5
j  org.gradle.internal.session.BuildSessionState.run(Ljava/util/function/Function;)Ljava/lang/Object;+5
j  org.gradle.internal.buildprocess.execution.BuildSessionLifecycleBuildActionExecutor.execute(Lorg/gradle/internal/invocation/BuildAction;Lorg/gradle/launcher/exec/BuildActionParameters;Lorg/gradle/initialization/BuildRequestContext;)Lorg/gradle/launcher/exec/BuildActionResult;+105
j  org.gradle.internal.buildprocess.execution.BuildSessionLifecycleBuildActionExecutor.execute(Lorg/gradle/internal/invocation/BuildAction;Ljava/lang/Object;Ljava/lang/Object;)Lorg/gradle/launcher/exec/BuildActionResult;+10
j  org.gradle.internal.buildprocess.execution.StartParamsValidatingActionExecutor.execute(Lorg/gradle/internal/invocation/BuildAction;Lorg/gradle/launcher/exec/BuildActionParameters;Lorg/gradle/initialization/BuildRequestContext;)Lorg/gradle/launcher/exec/BuildActionResult;+142
j  org.gradle.internal.buildprocess.execution.StartParamsValidatingActionExecutor.execute(Lorg/gradle/internal/invocation/BuildAction;Ljava/lang/Object;Ljava/lang/Object;)Lorg/gradle/launcher/exec/BuildActionResult;+10
j  org.gradle.internal.buildprocess.execution.SessionFailureReportingActionExecutor.execute(Lorg/gradle/internal/invocation/BuildAction;Lorg/gradle/launcher/exec/BuildActionParameters;Lorg/gradle/initialization/BuildRequestContext;)Lorg/gradle/launcher/exec/BuildActionResult;+7
j  org.gradle.internal.buildprocess.execution.SessionFailureReportingActionExecutor.execute(Lorg/gradle/internal/invocation/BuildAction;Ljava/lang/Object;Ljava/lang/Object;)Lorg/gradle/launcher/exec/BuildActionResult;+10
j  org.gradle.internal.buildprocess.execution.SetupLoggingActionExecutor.execute(Lorg/gradle/internal/invocation/BuildAction;Lorg/gradle/launcher/exec/BuildActionParameters;Lorg/gradle/initialization/BuildRequestContext;)Lorg/gradle/launcher/exec/BuildActionResult;+50
j  org.gradle.internal.buildprocess.execution.SetupLoggingActionExecutor.execute(Lorg/gradle/internal/invocation/BuildAction;Ljava/lang/Object;Ljava/lang/Object;)Lorg/gradle/launcher/exec/BuildActionResult;+10
j  org.gradle.launcher.daemon.server.exec.ExecuteBuild.doBuild(Lorg/gradle/launcher/daemon/server/api/DaemonCommandExecution;Lorg/gradle/launcher/daemon/protocol/Build;)V+147
j  org.gradle.launcher.daemon.server.exec.BuildCommandOnly.execute(Lorg/gradle/launcher/daemon/server/api/DaemonCommandExecution;)V+49
j  org.gradle.launcher.daemon.server.api.DaemonCommandExecution.proceed()Z+23
j  org.gradle.launcher.daemon.server.exec.WatchForDisconnection.execute(Lorg/gradle/launcher/daemon/server/api/DaemonCommandExecution;)V+19
j  org.gradle.launcher.daemon.server.api.DaemonCommandExecution.proceed()Z+23
j  org.gradle.launcher.daemon.server.exec.ResetDeprecationLogger.execute(Lorg/gradle/launcher/daemon/server/api/DaemonCommandExecution;)V+7
j  org.gradle.launcher.daemon.server.api.DaemonCommandExecution.proceed()Z+23
j  org.gradle.launcher.daemon.server.exec.RequestStopIfSingleUsedDaemon.execute(Lorg/gradle/launcher/daemon/server/api/DaemonCommandExecution;)V+33
j  org.gradle.launcher.daemon.server.api.DaemonCommandExecution.proceed()Z+23
j  org.gradle.launcher.daemon.server.exec.ForwardClientInput.lambda$execute$0(Lorg/gradle/launcher/daemon/server/api/DaemonCommandExecution;Lorg/gradle/internal/daemon/clientinput/StdinHandler;)Ljava/lang/Object;+11
j  org.gradle.launcher.daemon.server.exec.ForwardClientInput$$Lambda+0x000000c8011923a0.apply(Ljava/lang/Object;)Ljava/lang/Object;+8
j  org.gradle.internal.daemon.clientinput.ClientInputForwarder.forwardInput(Ljava/util/function/Function;)Ljava/lang/Object;+46
j  org.gradle.launcher.daemon.server.exec.ForwardClientInput.execute(Lorg/gradle/launcher/daemon/server/api/DaemonCommandExecution;)V+10
j  org.gradle.launcher.daemon.server.api.DaemonCommandExecution.proceed()Z+23
j  org.gradle.launcher.daemon.server.exec.LogAndCheckHealth.execute(Lorg/gradle/launcher/daemon/server/api/DaemonCommandExecution;)V+51
j  org.gradle.launcher.daemon.server.api.DaemonCommandExecution.proceed()Z+23
j  org.gradle.launcher.daemon.server.exec.LogToClient.doBuild(Lorg/gradle/launcher/daemon/server/api/DaemonCommandExecution;Lorg/gradle/launcher/daemon/protocol/Build;)V+87
j  org.gradle.launcher.daemon.server.exec.BuildCommandOnly.execute(Lorg/gradle/launcher/daemon/server/api/DaemonCommandExecution;)V+49
j  org.gradle.launcher.daemon.server.api.DaemonCommandExecution.proceed()Z+23
j  org.gradle.launcher.daemon.server.exec.EstablishBuildEnvironment.doBuild(Lorg/gradle/launcher/daemon/server/api/DaemonCommandExecution;Lorg/gradle/launcher/daemon/protocol/Build;)V+356
j  org.gradle.launcher.daemon.server.exec.BuildCommandOnly.execute(Lorg/gradle/launcher/daemon/server/api/DaemonCommandExecution;)V+49
j  org.gradle.launcher.daemon.server.api.DaemonCommandExecution.proceed()Z+23
j  org.gradle.launcher.daemon.server.exec.StartBuildOrRespondWithBusy$1.run()V+44
j  org.gradle.launcher.daemon.server.DaemonStateCoordinator.lambda$runCommand$0(Ljava/lang/Runnable;)V+1
j  org.gradle.launcher.daemon.server.DaemonStateCoordinator$$Lambda+0x000000c801190f30.run()V+8
J 17614 c2 org.gradle.internal.concurrent.ExecutorPolicy$CatchAndRecordFailures.onExecute(Ljava/lang/Runnable;)V (29 bytes) @ 0x000000011981f410 [0x000000011981f3c0+0x0000000000000050]
J 18507 c1 org.gradle.internal.concurrent.AbstractManagedExecutor$1.run()V (57 bytes) @ 0x0000000111f94b30 [0x0000000111f94a00+0x0000000000000130]
j  java.util.concurrent.ThreadPoolExecutor.runWorker(Ljava/util/concurrent/ThreadPoolExecutor$Worker;)V+92 java.base@21.0.11
j  java.util.concurrent.ThreadPoolExecutor$Worker.run()V+5 java.base@21.0.11
j  java.lang.Thread.runWith(Ljava/lang/Object;Ljava/lang/Runnable;)V+5 java.base@21.0.11
j  java.lang.Thread.run()V+19 java.base@21.0.11
v  ~StubRoutines::call_stub 0x0000000118a6c154
V  [libjvm.dylib+0x4afe9c]  JavaCalls::call_helper(JavaValue*, methodHandle const&, JavaCallArguments*, JavaThread*)+0x3d8
V  [libjvm.dylib+0x4aedd4]  JavaCalls::call_virtual(JavaValue*, Klass*, Symbol*, Symbol*, JavaCallArguments*, JavaThread*)+0x140
V  [libjvm.dylib+0x4aeea0]  JavaCalls::call_virtual(JavaValue*, Handle, Klass*, Symbol*, Symbol*, JavaThread*)+0x64
V  [libjvm.dylib+0x57e798]  thread_entry(JavaThread*, JavaThread*)+0x9c
V  [libjvm.dylib+0x4c41e4]  JavaThread::thread_main_inner()+0x98
V  [libjvm.dylib+0x9fb850]  Thread::call_run()+0xc8
V  [libjvm.dylib+0x81e700]  thread_native_entry(Thread*)+0x118
C  [libsystem_pthread.dylib+0x6c58]  _pthread_start+0x88

siginfo: si_signo: 10 (SIGBUS), si_code: 1 (BUS_ADRALN), si_addr: 0x00000004fed3db08

Registers:
 x0=0x00000004fed3db00  x1=0x00000005d3753550  x2=0x00000004fed3db00  x3=0x0000000000000000
 x4=0x0000000000000008  x5=0x000000004440000a  x6=0x0000000084400001  x7=0x69726574614d2f73
 x8=0x000000000000001b  x9=0x000000000000001b x10=0x00000005d3753550 x11=0x000000009ae56265
x12=0x000000c8000ae8b8 x13=0x00000000000002c0 x14=0x0000000000000000 x15=0x0000000000000000
x16=0x000000c801186e70 x17=0x00000004d8053f70 x18=0x0000000000000000 x19=0x0000000171830260
x20=0x0000000171830290 x21=0x0000000108a91ef0 x22=0x0000000000000000 x23=0x00000004fdaee168
x24=0x0000000171830328 x25=0x000000009f418b09 x26=0x00000001333f8000 x27=0x0000000000000000
x28=0x0000000b5e8c7100  fp=0x00000001718302f0  lr=0x0000000118a71820  sp=0x0000000171830240
pc=0x00000001191ea868 cpsr=0x0000000060001000

Register to memory mapping:

x0 =
[error occurred during error reporting (printing register info), id 0xb, SIGSEGV (0xb) at pc=0x00000001081012ac]
x1 =0x00000005d3753550 is an oop: java.lang.String 
{0x00000005d3753550} - klass: 'java/lang/String'
 - string: "problem"
 - ---- fields (total size 3 words):
 - private 'hash' 'I' @12  0 (0x00000000)
 - private final 'coder' 'B' @16  0 (0x00)
 - private 'hashIsZero' 'Z' @17  false (0x00)
 - injected 'flags' 'B' @18  0 (0x00)
 - private final 'value' '[B' @20  [B{0x00000005d3753568} (0xba6ea6ad)
x2 =
[error occurred during error reporting (printing register info, attempt 2), id 0xb, SIGSEGV (0xb) at pc=0x00000001081012ac]
x3 =0x0 is null
x4 =0x0000000000000008 is an unknown value
x5 =0x000000004440000a is an unknown value
x6 =0x0000000084400001 is an unknown value
x7 =0x69726574614d2f73 is an unknown value
x8 =0x000000000000001b is an unknown value
x9 =0x000000000000001b is an unknown value
x10=0x00000005d3753550 is an oop: java.lang.String 
{0x00000005d3753550} - klass: 'java/lang/String'
 - string: "problem"
 - ---- fields (total size 3 words):
 - private 'hash' 'I' @12  0 (0x00000000)
 - private final 'coder' 'B' @16  0 (0x00)
 - private 'hashIsZero' 'Z' @17  false (0x00)
 - injected 'flags' 'B' @18  0 (0x00)
 - private final 'value' '[B' @20  [B{0x00000005d3753568} (0xba6ea6ad)
x11=2598724197 is a compressed pointer to object: [Ljava.util.Map$Entry; 
{0x00000004d72b1328} - klass: 'java/util/Map$Entry'[]
 - length: 0
x12={method} {0x000000c8000ae8b8} 'linkToTargetMethod' '(Ljava/lang/Object;Ljava/lang/Object;)Ljava/lang/Object;' in 'java/lang/invoke/Invokers$Holder'
x13=0x00000000000002c0 is an unknown value
x14=0x0 is null
x15=0x0 is null
x16=0x000000c801186e70 is a pointer to class: 
com.google.common.collect.RegularImmutableMap {0x000000c801186e70}
 - instance size:     5
 - klass size:        115
 - access:            final synchronized 
 - flags:             rewritten has_nonstatic_fields should_verify_class has_nonstatic_concrete_methods has_localvariable_table has_miranda_methods has_resolved_methods 
 - state:             fully_initialized
 - name:              'com/google/common/collect/RegularImmutableMap'
 - super:             'com/google/common/collect/ImmutableMap'
 - sub:               
 - arrays:            null
 - methods:           Array<T>(0x00000001278ad938)
 - method ordering:   Array<T>(0x000000c800b2f1b0)
 - local interfaces:  Array<T>(0x000000c800617340)
 - trans. interfaces: Array<T>(0x000000012789c658)
 - secondary supers: Array<T>(0x00000001278aee40)
 - hash_slot:         18
 - bitmap:            0x0000002100000000
 - constants:         constant pool [325] {0x00000001278acda8} for 'com/google/common/collect/RegularImmutableMap' cache=0x00000001278b2b38
 - class loader data:  loader data: 0x0000000b610db520 for instance a 'org/gradle/internal/classloader/VisitableURLClassLoader'{0x00000004d56519a8}
 - source file:       'RegularImmutableMap.java'
 - field type annotations:  Array<T>(0x00000001278ad8f0)
 - generic signature: '<K:Ljava/lang/Object;V:Ljava/lang/Object;>Lcom/google/common/collect/ImmutableMap<TK;TV;>;'
 - inner classes:     Array<T>(0x00000001278aed88)
 - nest members:     Array<T>(0x000000c8006172c8)
 - permitted subclasses:     Array<T>(0x000000c8006172c8)
 - java mirror:       a 'java/lang/Class'{0x00000005d4d86250} = 'com/google/common/collect/RegularImmutableMap'
 - vtable length      26  (start addr: 0x000000c801187040)
 - itable length      29 (start addr: 0x000000c801187110)
 - ---- static fields (5 words):
 - static final 'EMPTY' 'Lcom/google/common/collect/ImmutableMap;' @112 
 - static final 'MAX_LOAD_FACTOR' 'D' @120 
 - static final 'HASH_FLOODING_FPP' 'D' @128 
 - static final 'MAX_HASH_BUCKET_LENGTH' 'I' @144 
 - private static final 'serialVersionUID' 'J' @136 
 - ---- non-static fields (7 words):
 - private transient 'entrySet' 'Lcom/google/common/collect/ImmutableSet;' @12 
 - private transient 'keySet' 'Lcom/google/common/collect/ImmutableSet;' @16 
 - private transient 'values' 'Lcom/google/common/collect/ImmutableCollection;' @20 
 - private transient 'multimapView' 'Lcom/google/common/collect/ImmutableSetMultimap;' @24 
 - private final transient 'mask' 'I' @28 
 - final transient 'entries' '[Ljava/util/Map$Entry;' @32 
 - private final transient 'table' '[Lcom/google/common/collect/ImmutableMapEntry;' @36 
 - non-static oop maps: 12-24 32-36 
x17=0x00000004d8053f70 is an oop: java.lang.Class 
{0x00000004d8053f70} - klass: 'java/lang/Class'
 - ---- fields (total size 14 words):
 - private volatile transient 'classRedefinedCount' 'I' @12  0 (0x00000000)
 - injected 'klass' 'J' @16  858993463920 (0x000000c800001270)
 - injected 'array_klass' 'J' @24  858994876704 (0x000000c80015a120)
 - injected 'oop_size' 'I' @32  14 (0x0000000e)
 - injected 'static_oop_field_count' 'I' @36  0 (0x00000000)
 - private volatile transient 'cachedConstructor' 'Ljava/lang/reflect/Constructor;' @40  null (0x00000000)
 - private transient 'name' 'Ljava/lang/String;' @44  "[Ljava.lang.Object;"{0x00000005d4787458} (0xba8f0e8b)
 - private transient 'module' 'Ljava/lang/Module;' @48  a 'java/lang/Module'{0x00000004d5668ac0} (0x9aacd158)
 - private final 'classLoader' 'Ljava/lang/ClassLoader;' @52  null (0x00000000)
 - private transient 'classData' 'Ljava/lang/Object;' @56  null (0x00000000)
 - private transient 'packageName' 'Ljava/lang/String;' @60  null (0x00000000)
 - private final 'componentType' 'Ljava/lang/Class;' @64  a 'java/lang/Class'{0x00000004d8054a80} = 'java/lang/Object' (0x9b00a950)
 - private volatile transient 'reflectionData' 'Ljava/lang/ref/SoftReference;' @68  a 'java/lang/ref/SoftReference'{0x00000004df322738} (0x9be644e7)
 - private volatile transient 'genericInfo' 'Lsun/reflect/generics/repository/ClassRepository;' @72  null (0x00000000)
 - private volatile transient 'enumConstants' '[Ljava/lang/Object;' @76  null (0x00000000)
 - private volatile transient 'enumConstantDirectory' 'Ljava/util/Map;' @80  null (0x00000000)
 - private volatile transient 'annotationData' 'Ljava/lang/Class$AnnotationData;' @84  null (0x00000000)
 - private volatile transient 'annotationType' 'Lsun/reflect/annotation/AnnotationType;' @88  null (0x00000000)
 - transient 'classValueMap' 'Ljava/lang/ClassValue$ClassValueMap;' @92  a 'java/lang/ClassValue$ClassValueMap'{0x00000004d597ac90} (0x9ab2f592)
 - injected 'protection_domain' 'Ljava/lang/Object;' @96  null (0x00000000)
 - injected 'signers_name' 'Ljava/lang/Object;' @100  null (0x00000000)
 - injected 'source_file' 'Ljava/lang/Object;' @104  null (0x00000000)
 - injected '<init_lock>' 'Ljava/lang/Object;' @108  null (0x00000000)
 - signature: [Ljava/lang/Object;
x18=0x0 is null
x19=0x0000000171830260 is pointing into the stack for thread: 0x0000000b5e8c7100
x20=0x0000000171830290 is pointing into the stack for thread: 0x0000000b5e8c7100
x21=0x0000000108a91ef0: _ZN19TemplateInterpreter13_active_tableE+0 in /Users/orly/.gradle/jdks/amazon_com_inc_-21-aarch64-os_x.2/amazon-corretto-21.jdk/Contents/Home/lib/server/libjvm.dylib at 0x0000000107d44000
x22=0x0 is null
x23=0x00000004fdaee168 is an oop: java.util.concurrent.locks.ReentrantLock$NonfairSync 
{0x00000004fdaee168} - klass: 'java/util/concurrent/locks/ReentrantLock$NonfairSync'
 - ---- fields (total size 4 words):
 - private transient 'exclusiveOwnerThread' 'Ljava/lang/Thread;' @12  null (0x00000000)
 - private volatile 'state' 'I' @16  0 (0x00000000)
 - private volatile transient 'head' 'Ljava/util/concurrent/locks/AbstractQueuedSynchronizer$Node;' @20  null (0x00000000)
 - private volatile transient 'tail' 'Ljava/util/concurrent/locks/AbstractQueuedSynchronizer$Node;' @24  null (0x00000000)
x24=0x0000000171830328 is pointing into the stack for thread: 0x0000000b5e8c7100
x25=2671872777 is a compressed pointer to object: org.gradle.internal.operations.OperationIdentifier 
{0x00000004fa0c5848} - klass: 'org/gradle/internal/operations/OperationIdentifier'
 - ---- fields (total size 3 words):
 - private final 'id' 'J' @16  25923 (0x0000000000006543)
x26=0x00000001333f8000 is pointing into metadata
x27=0x0 is null
x28=0x0000000b5e8c7100 is a thread
 fp=0x00000001718302f0 is pointing into the stack for thread: 0x0000000b5e8c7100
 lr=0x0000000118a71820 is at code_begin+352 in an Interpreter codelet
invoke return entry points  [0x0000000118a716c0, 0x0000000118a71960]  672 bytes
 sp=0x0000000171830240 is pointing into the stack for thread: 0x0000000b5e8c7100

Top of Stack: (sp=0x0000000171830240)
0x0000000171830240:   00000004fdaeb670 0000000000000000   p...............
0x0000000171830250:   00000001718302f0 0000000118a71820   ...q.... .......
0x0000000171830260:   0000000000000003 00000001333f8000   ..........?3....
0x0000000171830270:   00000005d48f4f48 0000000171830220   HO...... ..q....
0x0000000171830280:   0000000000000000 0000000128247820   ........ x$(....
0x0000000171830290:   00000004fed3db00 00000005d3753550   ........P5u.....
0x00000001718302a0:   00000001718302a0 0000000128247c50   ...q....P|$(....
0x00000001718302b0:   0000000000000007 00000001333f8000   ..........?3....
0x00000001718302c0:   00000005d48f4f48 0000000171830260   HO......`..q....
0x00000001718302d0:   0000000000000000 0000000128247c68   ........h|$(....
0x00000001718302e0:   0000000171830290 00000001718302e0   ...q.......q....
0x00000001718302f0:   0000000171830380 0000000118a70f70   ...q....p.......
0x0000000171830300:   0000000000000000 0000000000000002   ................
0x0000000171830310:   0000000000000000 00000005d3753550   ........P5u.....
0x0000000171830320:   0000000000000000 00000004fdaee040   ........@.......
0x0000000171830330:   0000000171830330 00000001334256ef   0..q.....VB3....
0x0000000171830340:   000000000000000d 0000000133425c80   .........\B3....
0x0000000171830350:   00000004e47d3250 00000001718302e0   P2}........q....
0x0000000171830360:   0000000000000000 0000000133425ab8   .........ZB3....
0x0000000171830370:   0000000171830300 00000001718303f0   ...q.......q....
0x0000000171830380:   00000004fdaee188 0000000111fde654   ........T.......
0x0000000171830390:   0000000000000000 0000000000000000   ................
0x00000001718303a0:   0000000000000000 0000000000000000   ................
0x00000001718303b0:   0000000000000000 0000000000000000   ................
0x00000001718303c0:   0000000000000000 0000000000000000   ................
0x00000001718303d0:   0000000000000000 00000004fa0c5ed8   .........^......
0x00000001718303e0:   0000000000000000 00000004fdaee188   ................
0x00000001718303f0:   0000000000000000 00000004fa0c5a58   ........XZ......
0x0000000171830400:   00000001718305f0 00000004fa0c5830   ...q....0X......
0x0000000171830410:   00000004fdaee188 0000000119276024   ........$`'.....
0x0000000171830420:   0000000000000000 00000004e4f755d0   .........U......
0x0000000171830430:   0000000000000002 000000012814e748   ........H..(....

Instructions: (pc=0x00000001191ea868)
0x00000001191ea768:   40 a8 1e 19 01 00 00 00 40 a8 1e 19 01 00 00 00
0x00000001191ea778:   40 a8 1e 19 01 00 00 00 00 00 00 00 ff ff ff ff
0x00000001191ea788:   c0 02 00 00 ff ff ff ff b0 01 00 00 90 02 00 00
0x00000001191ea798:   d8 02 00 00 d8 02 00 00 00 00 00 00 18 03 00 00
0x00000001191ea7a8:   68 03 00 00 70 03 00 00 88 03 00 00 98 03 00 00
0x00000001191ea7b8:   98 03 00 00 98 03 00 00 00 00 00 00 5c 11 00 00
0x00000001191ea7c8:   00 00 00 00 ff ff ff ff ff ff ff ff 04 04 00 00
0x00000001191ea7d8:   00 00 00 00 24 00 00 00 01 78 0e 60 07 18 01 80
0x00000001191ea7e8:   05 58 06 30 01 80 06 30 03 30 01 80 14 78 03 40
0x00000001191ea7f8:   02 30 06 88 01 00 01 7c eb ff 00 68 01 7c eb ff
0x00000001191ea808:   04 28 03 78 01 60 07 30 02 30 02 30 00 00 00 00
0x00000001191ea818:   00 00 00 00 00 00 00 00 00 00 00 00 00 00 00 00
0x00000001191ea828:   00 00 00 00 00 00 00 00 00 00 00 00 00 00 00 00
0x00000001191ea838:   00 00 00 00 00 00 00 00 1f 20 03 d5 e9 53 40 d1
0x00000001191ea848:   3f 01 00 f9 ff 83 00 d1 fd 7b 01 a9 48 06 00 18
0x00000001191ea858:   89 23 40 b9 1f 01 09 eb 41 05 00 54 ea 03 01 aa
0x00000001191ea868:   4c 08 40 b9 eb 03 0c 2a 0b 19 c0 f2 6b 1d 40 f9
0x00000001191ea878:   0c 23 9e d2 ac 00 a0 f2 0c 19 c0 f2 7f 01 0c eb
0x00000001191ea888:   a1 01 00 54 e1 03 02 aa e2 03 0a aa fb 62 f8 97
0x00000001191ea898:   1f 20 03 d5 1f 41 80 f2 1f 00 80 f2 fd 7b 41 a9
0x00000001191ea8a8:   ff 83 00 91 88 2b 42 f9 ff 63 28 eb 48 02 00 54
0x00000001191ea8b8:   c0 03 5f d6 21 04 80 12 fd 03 02 aa af 11 e3 97
0x00000001191ea8c8:   1f 20 03 d5 1f 47 80 f2 1f 20 80 f2 e1 03 00 aa
0x00000001191ea8d8:   fd 7b 41 a9 ff 83 00 91 c8 8a e6 17 61 14 80 12
0x00000001191ea8e8:   fd 03 0a aa a5 11 e3 97 1f 20 03 d5 1f 4c 80 f2
0x00000001191ea8f8:   1f 40 80 f2 88 fd ff 10 88 37 02 f9 ff 0f e3 17
0x00000001191ea908:   08 30 83 d2 68 15 a3 f2 28 00 c0 f2 00 01 3f d6
0x00000001191ea918:   d3 ff ff 17 1b 00 00 00 48 00 00 58 00 01 1f d6
0x00000001191ea928:   80 34 00 19 01 00 00 00 df 3f 03 d5 0c 00 80 d2
0x00000001191ea938:   0c 00 a0 f2 0c 00 c0 f2 08 00 80 d2 08 00 a0 f2
0x00000001191ea948:   08 00 c0 f2 00 01 1f d6 cc 68 e6 17 1e 00 00 10
0x00000001191ea958:   ba 10 e3 17 1e 00 00 10 b8 10 e3 17 00 00 00 00


Stack slot to memory mapping:

stack at sp + 0 slots: 0x00000004fdaeb670 is an oop: org.gradle.internal.cc.impl.initialization.ConfigurationCacheStartParameter 
{0x00000004fdaeb670} - klass: 'org/gradle/internal/cc/impl/initialization/ConfigurationCacheStartParameter'
 - ---- fields (total size 6 words):
 - private final 'taskExecutionAccessPreStable' 'Z' @12  false (0x00)
 - private final 'alwaysLogReportLinkAsWarning' 'Z' @13  false (0x00)
 - private final 'isDeduplicatingStrings' 'Z' @14  true (0x01)
 - private final 'isSharingObjects' 'Z' @15  true (0x01)
 - private final 'buildTreeLocations' 'Lorg/gradle/internal/initialization/layout/BuildTreeLocations;' @16  a 'org/gradle/internal/initialization/layout/BuildTreeLocations'{0x00000004fdae8090} (0x9fb5d012)
 - private final 'startParameter' 'Lorg/gradle/api/internal/StartParameterInternal;' @20  a 'org/gradle/api/internal/StartParameterInternal'{0x00000004fddb29a0} (0x9fbb6534)
 - private final 'modelParameters' 'Lorg/gradle/internal/buildtree/BuildModelParameters;' @24  a 'org/gradle/internal/buildtree/control/GradleConfigurationCacheMode'{0x00000004fdabd8e8} (0x9fb57b1d)
 - private final 'customReportOutputDirectory$delegate' 'Lkotlin/Lazy;' @28  a 'kotlin/SynchronizedLazyImpl'{0x00000004fdaeb708} (0x9fb5d6e1)
 - private final 'configurationCacheLogLevel$delegate' 'Lkotlin/Lazy;' @32  a 'kotlin/SynchronizedLazyImpl'{0x00000004fdaeb780} (0x9fb5d6f0)
 - private final 'isReadOnlyCache$delegate' 'Lkotlin/Lazy;' @36  a 'kotlin/SynchronizedLazyImpl'{0x00000004fdaeb7a8} (0x9fb5d6f5)
 - private final 'requestedTaskNames$delegate' 'Lkotlin/Lazy;' @40  a 'kotlin/UnsafeLazyImpl'{0x00000004fdaeb7d0} (0x9fb5d6fa)
stack at sp + 1 slots: 0x0 is null
stack at sp + 2 slots: 0x00000001718302f0 is pointing into the stack for thread: 0x0000000b5e8c7100
stack at sp + 3 slots: 0x0000000118a71820 is at code_begin+352 in an Interpreter codelet
invoke return entry points  [0x0000000118a716c0, 0x0000000118a71960]  672 bytes
stack at sp + 4 slots: 0x0000000000000003 is an unknown value
stack at sp + 5 slots: 0x00000001333f8000 is pointing into metadata
stack at sp + 6 slots: 0x00000005d48f4f48 is an oop: java.lang.Class 
{0x00000005d48f4f48} - klass: 'java/lang/Class'
 - ---- fields (total size 14 words):
 - private volatile transient 'classRedefinedCount' 'I' @12  0 (0x00000000)
 - injected 'klass' 'J' @16  859013694808 (0x000000c80134c558)
 - injected 'array_klass' 'J' @24  0 (0x0000000000000000)
 - injected 'oop_size' 'I' @32  14 (0x0000000e)
 - injected 'static_oop_field_count' 'I' @36  0 (0x00000000)
 - private volatile transient 'cachedConstructor' 'Ljava/lang/reflect/Constructor;' @40  null (0x00000000)
 - private transient 'name' 'Ljava/lang/String;' @44  "org.gradle.internal.cc.impl.problems.ConfigurationCacheProblems"{0x00000005d48f4fb8} (0xba91e9f7)
 - private transient 'module' 'Ljava/lang/Module;' @48  a 'java/lang/Module'{0x00000004d5abaa00} (0x9ab57540)
 - private final 'classLoader' 'Ljava/lang/ClassLoader;' @52  a 'org/gradle/initialization/MixInLegacyTypesClassLoader'{0x00000004d5abaa38} (0x9ab57547)
 - private transient 'classData' 'Ljava/lang/Object;' @56  null (0x00000000)
 - private transient 'packageName' 'Ljava/lang/String;' @60  "org.gradle.internal.cc.impl.problems"{0x00000005d4dac9c8} (0xba9b5939)
 - private final 'componentType' 'Ljava/lang/Class;' @64  null (0x00000000)
 - private volatile transient 'reflectionData' 'Ljava/lang/ref/SoftReference;' @68  a 'java/lang/ref/SoftReference'{0x00000004e4663030} (0x9c8cc606)
 - private volatile transient 'genericInfo' 'Lsun/reflect/generics/repository/ClassRepository;' @72  null (0x00000000)
 - private volatile transient 'enumConstants' '[Ljava/lang/Object;' @76  null (0x00000000)
 - private volatile transient 'enumConstantDirectory' 'Ljava/util/Map;' @80  null (0x00000000)
 - private volatile transient 'annotationData' 'Ljava/lang/Class$AnnotationData;' @84  a 'java/lang/Class$AnnotationData'{0x00000004e445fac8} (0x9c88bf59)
 - private volatile transient 'annotationType' 'Lsun/reflect/annotation/AnnotationType;' @88  null (0x00000000)
 - transient 'classValueMap' 'Ljava/lang/ClassValue$ClassValueMap;' @92  null (0x00000000)
 - injected 'protection_domain' 'Ljava/lang/Object;' @96  a 'java/security/ProtectionDomain'{0x00000004d5b5c1b8} (0x9ab6b837)
 - injected 'signers_name' 'Ljava/lang/Object;' @100  null (0x00000000)
 - injected 'source_file' 'Ljava/lang/Object;' @104  null (0x00000000)
 - injected '<init_lock>' 'Ljava/lang/Object;' @108  null (0x00000000)
 - signature: Lorg/gradle/internal/cc/impl/problems/ConfigurationCacheProblems;
 - ---- static fields (0):
stack at sp + 7 slots: 0x0000000171830220 is pointing into the stack for thread: 0x0000000b5e8c7100


Compiled method (c2) 620253 4444       4       java.lang.invoke.Invokers$Holder::linkToTargetMethod (9 bytes)
 total in heap  [0x00000001191ea690,0x00000001191eaa28] = 920
 relocation     [0x00000001191ea7e0,0x00000001191ea818] = 56
 main code      [0x00000001191ea840,0x00000001191ea920] = 224
 stub code      [0x00000001191ea920,0x00000001191ea968] = 72
 metadata       [0x00000001191ea968,0x00000001191ea980] = 24
 scopes data    [0x00000001191ea980,0x00000001191ea9a8] = 40
 scopes pcs     [0x00000001191ea9a8,0x00000001191ea9f8] = 80
 dependencies   [0x00000001191ea9f8,0x00000001191eaa00] = 8
 handler table  [0x00000001191eaa00,0x00000001191eaa18] = 24
 nul chk table  [0x00000001191eaa18,0x00000001191eaa28] = 16

[Constant Pool (empty)]

[MachCode]
[Verified Entry Point]
  # {method} {0x000000c8000ae8b8} 'linkToTargetMethod' '(Ljava/lang/Object;Ljava/lang/Object;)Ljava/lang/Object;' in 'java/lang/invoke/Invokers$Holder'
  # parm0:    c_rarg1:c_rarg1 
                        = 'java/lang/Object'
  # parm1:    c_rarg2:c_rarg2 
                        = 'java/lang/Object'
  #           [sp+0x20]  (sp of caller)
  0x00000001191ea840: 1f20 03d5 | e953 40d1 | 3f01 00f9 | ff83 00d1 | fd7b 01a9 | 4806 0018 | 8923 40b9 | 1f01 09eb 
  0x00000001191ea860: 4105 0054 | ea03 01aa 

  0x00000001191ea868: ; implicit exception: dispatches to 0x00000001191ea8e4
  0x00000001191ea868: 4c08 40b9 | eb03 0c2a | 0b19 c0f2 | 6b1d 40f9 

  0x00000001191ea878: ;   {metadata('java/lang/invoke/MethodHandle')}
  0x00000001191ea878: 0c23 9ed2 | ac00 a0f2 | 0c19 c0f2 | 7f01 0ceb | a101 0054 | e103 02aa | e203 0aaa 

  0x00000001191ea894: ; ImmutableOopMap {}
                      ;*invokevirtual invokeBasic {reexecute=0 rethrow=0 return_oop=1}
                      ; - java.lang.invoke.Invokers$Holder::linkToTargetMethod@5
                      ;   {optimized virtual_call}
  0x00000001191ea894: fb62 f897 

  0x00000001191ea898: ;   {other}
  0x00000001191ea898: 1f20 03d5 | 1f41 80f2 | 1f00 80f2 | fd7b 41a9 | ff83 0091 

  0x00000001191ea8ac: ;   {poll_return}
  0x00000001191ea8ac: 882b 42f9 | ff63 28eb | 4802 0054 | c003 5fd6 | 2104 8012 | fd03 02aa 

  0x00000001191ea8c4: ; ImmutableOopMap {rfp=Oop }
                      ;*checkcast {reexecute=0 rethrow=0 return_oop=0}
                      ; - java.lang.invoke.Invokers$Holder::linkToTargetMethod@1
                      ;   {runtime_call UncommonTrapBlob}
  0x00000001191ea8c4: af11 e397 

  0x00000001191ea8c8: ;   {other}
  0x00000001191ea8c8: 1f20 03d5 | 1f47 80f2 | 1f20 80f2 | e103 00aa | fd7b 41a9 | ff83 0091 

  0x00000001191ea8e0: ;   {runtime_call _rethrow_Java}
  0x00000001191ea8e0: c88a e617 | 6114 8012 | fd03 0aaa 

  0x00000001191ea8ec: ; ImmutableOopMap {rfp=Oop }
                      ;*checkcast {reexecute=0 rethrow=0 return_oop=0}
                      ; - java.lang.invoke.Invokers$Holder::linkToTargetMethod@1
                      ;   {runtime_call UncommonTrapBlob}
  0x00000001191ea8ec: a511 e397 

  0x00000001191ea8f0: ;   {other}
  0x00000001191ea8f0: 1f20 03d5 | 1f4c 80f2 | 1f40 80f2 

  0x00000001191ea8fc: ;   {internal_word}
  0x00000001191ea8fc: 88fd ff10 | 8837 02f9 

  0x00000001191ea904: ;   {runtime_call SafepointBlob}
  0x00000001191ea904: ff0f e317 | 0830 83d2 | 6815 a3f2 | 2800 c0f2 | 0001 3fd6 | d3ff ff17 

  0x00000001191ea91c: ;   {other}
  0x00000001191ea91c: 1b00 0000 
[Stub Code]
  0x00000001191ea920: ;   {no_reloc}
  0x00000001191ea920: 4800 0058 | 0001 1fd6 | 8034 0019 | 0100 0000 

  0x00000001191ea930: ;   {static_stub}
  0x00000001191ea930: df3f 03d5 

  0x00000001191ea934: ;   {metadata(nullptr)}
  0x00000001191ea934: 0c00 80d2 | 0c00 a0f2 | 0c00 c0f2 | 0800 80d2 | 0800 a0f2 | 0800 c0f2 | 0001 1fd6 
[Exception Handler]
  0x00000001191ea950: ;   {runtime_call ExceptionBlob}
  0x00000001191ea950: cc68 e617 
[Deopt Handler Code]
  0x00000001191ea954: 1e00 0010 

  0x00000001191ea958: ;   {runtime_call DeoptimizationBlob}
  0x00000001191ea958: ba10 e317 
[Deopt MH Handler Code]
  0x00000001191ea95c: 1e00 0010 

  0x00000001191ea960: ;   {runtime_call DeoptimizationBlob}
  0x00000001191ea960: b810 e317 | 0000 0000 
[/MachCode]


Compiled method (c1) 620255 5798       3       java.lang.invoke.LambdaForm$DMH/0x000000c801030000::invokeInterface (28 bytes)
 total in heap  [0x0000000111fddd10,0x0000000111fde8f0] = 3040
 relocation     [0x0000000111fdde60,0x0000000111fddf00] = 160
 main code      [0x0000000111fddf00,0x0000000111fde6f8] = 2040
 stub code      [0x0000000111fde6f8,0x0000000111fde778] = 128
 oops           [0x0000000111fde778,0x0000000111fde780] = 8
 metadata       [0x0000000111fde780,0x0000000111fde7c0] = 64
 scopes data    [0x0000000111fde7c0,0x0000000111fde830] = 112
 scopes pcs     [0x0000000111fde830,0x0000000111fde8d0] = 160
 dependencies   [0x0000000111fde8d0,0x0000000111fde8d8] = 8
 nul chk table  [0x0000000111fde8d8,0x0000000111fde8f0] = 24

[Constant Pool (empty)]

[MachCode]
[Verified Entry Point]
  # {method} {0x00000001274c42a8} 'invokeInterface' '(Ljava/lang/Object;Ljava/lang/Object;Ljava/lang/Object;)V' in 'java/lang/invoke/LambdaForm$DMH+0x000000c801030000'
  # parm0:    c_rarg1:c_rarg1 
                        = 'java/lang/Object'
  # parm1:    c_rarg2:c_rarg2 
                        = 'java/lang/Object'
  # parm2:    c_rarg3:c_rarg3 
                        = 'java/lang/Object'
  #           [sp+0x60]  (sp of caller)
  0x0000000111fddf00: 1f20 03d5 | e953 40d1 | 3f01 00f9 | ff83 01d1 | fd7b 05a9 | 2801 0018 | 8923 40b9 | 1f01 09eb 
  0x0000000111fddf20: e000 0054 | 0830 83d2 | 6815 a3f2 | 2800 c0f2 | 0001 3fd6 | 0200 0014 | 1b00 0000 

  0x0000000111fddf3c: ;   {metadata(method data for {method} {0x00000001274c42a8} 'invokeInterface' '(Ljava/lang/Object;Ljava/lang/Object;Ljava/lang/Object;)V' in 'java/lang/invoke/LambdaForm$DMH+0x000000c801030000')}
  0x0000000111fddf3c: 00a2 88d2 | 80e9 a4f2 | 2000 c0f2 | 0020 0a91 | e403 01aa | a400 00b5 | 0900 40f9 | 2901 40b2 
  0x0000000111fddf5c: 0900 00f9 | 1600 0014 | 8408 40b9 | 0419 c0f2 | 0900 40f9 | 8400 09ca | 88f4 7e92 | 0802 00b4 
  0x0000000111fddf7c: e401 0837 | a901 00b4 | 3f05 00f1 | 6001 0054 | bf39 03d5 | 8400 09ca | 0900 40f9 | 8400 09ca 
  0x0000000111fddf9c: 88f4 7e92 | c800 00b4 | 0900 40f9 | 2901 7fb2 | 0900 00f9 | 0200 0014 | 0400 00f9 | e403 02aa 
  0x0000000111fddfbc: a400 00b5 | 0908 40f9 | 2901 40b2 | 0908 00f9 | 1600 0014 | 8408 40b9 | 0419 c0f2 | 0908 40f9 
  0x0000000111fddfdc: 8400 09ca | 88f4 7e92 | 0802 00b4 | e401 0837 | a901 00b4 | 3f05 00f1 | 6001 0054 | bf39 03d5 
  0x0000000111fddffc: 8400 09ca | 0908 40f9 | 8400 09ca | 88f4 7e92 | c800 00b4 | 0908 40f9 | 2901 7fb2 | 0908 00f9 
  0x0000000111fde01c: 0200 0014 | 0408 00f9 

  0x0000000111fde024: ;   {metadata(method data for {method} {0x00000001274c42a8} 'invokeInterface' '(Ljava/lang/Object;Ljava/lang/Object;Ljava/lang/Object;)V' in 'java/lang/invoke/LambdaForm$DMH+0x000000c801030000')}
  0x0000000111fde024: 00a2 88d2 | 80e9 a4f2 | 2000 c0f2 | 04ac 40b9 | 8408 0011 | 04ac 00b9 | 8424 1f12 | 9f00 0071 
  0x0000000111fde044: a031 0054 | e31b 00f9 

  0x0000000111fde04c: ;   {metadata(method data for {method} {0x00000001274c42a8} 'invokeInterface' '(Ljava/lang/Object;Ljava/lang/Object;Ljava/lang/Object;)V' in 'java/lang/invoke/LambdaForm$DMH+0x000000c801030000')}
  0x0000000111fde04c: 00a2 88d2 | 80e9 a4f2 | 2000 c0f2 | 0000 0491 | e403 01aa | a400 00b5 | 0904 40f9 | 2901 40b2 
  0x0000000111fde06c: 0904 00f9 | 1600 0014 | 8408 40b9 | 0419 c0f2 | 0904 40f9 | 8400 09ca | 88f4 7e92 | 0802 00b4 
  0x0000000111fde08c: e401 0837 | a901 00b4 | 3f05 00f1 | 6001 0054 | bf39 03d5 | 8400 09ca | 0904 40f9 | 8400 09ca 
  0x0000000111fde0ac: 88f4 7e92 | c800 00b4 | 0904 40f9 | 2901 7fb2 | 0904 00f9 | 0200 0014 | 0404 00f9 

  0x0000000111fde0c8: ;   {metadata(method data for {method} {0x00000001274c42a8} 'invokeInterface' '(Ljava/lang/Object;Ljava/lang/Object;Ljava/lang/Object;)V' in 'java/lang/invoke/LambdaForm$DMH+0x000000c801030000')}
  0x0000000111fde0c8: 00a2 88d2 | 80e9 a4f2 | 2000 c0f2 | 0878 40f9 | 0805 0091 | 0878 00f9 

  0x0000000111fde0e0: ;   {metadata(method data for {method} {0x000000c8000a1a00} 'internalMemberName' '(Ljava/lang/Object;)Ljava/lang/Object;' in 'java/lang/invoke/DirectMethodHandle')}
  0x0000000111fde0e0: 0027 92d2 | 40e3 a4f2 | 2000 c0f2 | 04ac 40b9 | 8408 0011 | 04ac 00b9 | 844c 1f12 | 9f00 0071 
  0x0000000111fde100: c02c 0054 | 0101 00b5 

  0x0000000111fde108: ;   {metadata(method data for {method} {0x000000c8000a1a00} 'internalMemberName' '(Ljava/lang/Object;)Ljava/lang/Object;' in 'java/lang/invoke/DirectMethodHandle')}
  0x0000000111fde108: 0627 92d2 | 46e3 a4f2 | 2600 c0f2 | c8a4 4339 | 0801 40b2 | c8a4 0339 | 3700 0014 

  0x0000000111fde124: ;   {metadata('java/lang/invoke/DirectMethodHandle')}
  0x0000000111fde124: 052f 9ed2 | 2501 a0f2 | 0519 c0f2 | 2608 40b9 | 0619 c0f2 | c820 40f9 | bf00 08eb | e104 0054 
  0x0000000111fde144: ;   {metadata(method data for {method} {0x000000c8000a1a00} 'internalMemberName' '(Ljava/lang/Object;)Ljava/lang/Object;' in 'java/lang/invoke/DirectMethodHandle')}
  0x0000000111fde144: 0627 92d2 | 46e3 a4f2 | 2600 c0f2 | 2508 40b9 | 0519 c0f2 | c900 0491 | 2801 40f9 | bf00 08eb 
  0x0000000111fde164: a100 0054 | c884 40f9 | 0805 0091 | c884 00f9 | 2200 0014 | c940 0491 | 2801 40f9 | bf00 08eb 
  0x0000000111fde184: a100 0054 | c88c 40f9 | 0805 0091 | c88c 00f9 | 1a00 0014 | c900 0491 | 2801 40f9 | c800 00b5 
  0x0000000111fde1a4: 2501 00f9 | e803 40b2 | c920 0491 | 2801 00f9 | 1200 0014 | c940 0491 | 2801 40f9 | c800 00b5 
  0x0000000111fde1c4: 2501 00f9 | e803 40b2 | c960 0491 | 2801 00f9 | 0a00 0014 | 0900 0014 

  0x0000000111fde1dc: ;   {metadata(method data for {method} {0x000000c8000a1a00} 'internalMemberName' '(Ljava/lang/Object;)Ljava/lang/Object;' in 'java/lang/invoke/DirectMethodHandle')}
  0x0000000111fde1dc: 0627 92d2 | 46e3 a4f2 | 2600 c0f2 | c878 40f9 | 0805 00d1 | c878 00f9 | 3101 0014 | 0100 0014 
  0x0000000111fde1fc: e003 01aa 

  0x0000000111fde200: ; implicit exception: dispatches to 0x0000000111fde6c0
  0x0000000111fde200: 0020 40b9 | 00f0 7dd3 

  0x0000000111fde208: ;   {metadata(method data for {method} {0x00000001274c42a8} 'invokeInterface' '(Ljava/lang/Object;Ljava/lang/Object;Ljava/lang/Object;)V' in 'java/lang/invoke/LambdaForm$DMH+0x000000c801030000')}
  0x0000000111fde208: 04a2 88d2 | 84e9 a4f2 | 2400 c0f2 | 8440 0491 | e503 00aa | a500 00b5 | 8900 40f9 | 2901 40b2 
  0x0000000111fde228: 8900 00f9 | 1700 0014 

  0x0000000111fde230: ;   {metadata('java/lang/invoke/MemberName')}
  0x0000000111fde230: 0593 83d2 | 2501 a0f2 | 0519 c0f2 | 8900 40f9 | a500 09ca | a8f4 7e92 | 0802 00b4 | e501 0837 
  0x0000000111fde250: a901 00b4 | 3f05 00f1 | 6001 0054 | bf39 03d5 | a500 09ca | 8900 40f9 | a500 09ca | a8f4 7e92 
  0x0000000111fde270: c800 00b4 | 8900 40f9 | 2901 7fb2 | 8900 00f9 | 0200 0014 | 8500 00f9 | 0101 00b5 

  0x0000000111fde28c: ;   {metadata(method data for {method} {0x00000001274c42a8} 'invokeInterface' '(Ljava/lang/Object;Ljava/lang/Object;Ljava/lang/Object;)V' in 'java/lang/invoke/LambdaForm$DMH+0x000000c801030000')}
  0x0000000111fde28c: 06a2 88d2 | 86e9 a4f2 | 2600 c0f2 | c864 4439 | 0801 40b2 | c864 0439 | 3700 0014 

  0x0000000111fde2a8: ;   {metadata('java/lang/invoke/DirectMethodHandle')}
  0x0000000111fde2a8: 052f 9ed2 | 2501 a0f2 | 0519 c0f2 | 2608 40b9 | 0619 c0f2 | c820 40f9 | bf00 08eb | e104 0054 
  0x0000000111fde2c8: ;   {metadata(method data for {method} {0x00000001274c42a8} 'invokeInterface' '(Ljava/lang/Object;Ljava/lang/Object;Ljava/lang/Object;)V' in 'java/lang/invoke/LambdaForm$DMH+0x000000c801030000')}
  0x0000000111fde2c8: 06a2 88d2 | 86e9 a4f2 | 2600 c0f2 | 2508 40b9 | 0519 c0f2 | c9c0 0491 | 2801 40f9 | bf00 08eb 
  0x0000000111fde2e8: a100 0054 | c89c 40f9 | 0805 0091 | c89c 00f9 | 2200 0014 | c900 0591 | 2801 40f9 | bf00 08eb 
  0x0000000111fde308: a100 0054 | c8a4 40f9 | 0805 0091 | c8a4 00f9 | 1a00 0014 | c9c0 0491 | 2801 40f9 | c800 00b5 
  0x0000000111fde328: 2501 00f9 | e803 40b2 | c9e0 0491 | 2801 00f9 | 1200 0014 | c900 0591 | 2801 40f9 | c800 00b5 
  0x0000000111fde348: 2501 00f9 | e803 40b2 | c920 0591 | 2801 00f9 | 0a00 0014 | 0900 0014 

  0x0000000111fde360: ;   {metadata(method data for {method} {0x00000001274c42a8} 'invokeInterface' '(Ljava/lang/Object;Ljava/lang/Object;Ljava/lang/Object;)V' in 'java/lang/invoke/LambdaForm$DMH+0x000000c801030000')}
  0x0000000111fde360: 06a2 88d2 | 86e9 a4f2 | 2600 c0f2 | c890 40f9 | 0805 00d1 | c890 00f9 | d300 0014 | 0100 0014 
  0x0000000111fde380: ; implicit exception: dispatches to 0x0000000111fde6cc
  0x0000000111fde380: 3f00 40f9 

  0x0000000111fde384: ;   {metadata(method data for {method} {0x00000001274c42a8} 'invokeInterface' '(Ljava/lang/Object;Ljava/lang/Object;Ljava/lang/Object;)V' in 'java/lang/invoke/LambdaForm$DMH+0x000000c801030000')}
  0x0000000111fde384: 04a2 88d2 | 84e9 a4f2 | 2400 c0f2 | 8440 0691 | e503 02aa | a500 00b5 | 8904 40f9 | 2901 40b2 
  0x0000000111fde3a4: 8904 00f9 | 1600 0014 | a508 40b9 | 0519 c0f2 | 8904 40f9 | a500 09ca | a8f4 7e92 | 0802 00b4 
  0x0000000111fde3c4: e501 0837 | a901 00b4 | 3f05 00f1 | 6001 0054 | bf39 03d5 | a500 09ca | 8904 40f9 | a500 09ca 
  0x0000000111fde3e4: a8f4 7e92 | c800 00b4 | 8904 40f9 | 2901 7fb2 | 8904 00f9 | 0200 0014 | 8504 00f9 | e403 01aa 
  0x0000000111fde404: ;   {metadata(method data for {method} {0x00000001274c42a8} 'invokeInterface' '(Ljava/lang/Object;Ljava/lang/Object;Ljava/lang/Object;)V' in 'java/lang/invoke/LambdaForm$DMH+0x000000c801030000')}
  0x0000000111fde404: 05a2 88d2 | 85e9 a4f2 | 2500 c0f2 | 8408 40b9 | 0419 c0f2 | a9a0 0591 | 2801 40f9 | 9f00 08eb 
  0x0000000111fde424: a100 0054 | a8b8 40f9 | 0805 0091 | a8b8 00f9 | 1c00 0014 | a9e0 0591 | 2801 40f9 | 9f00 08eb 
  0x0000000111fde444: a100 0054 | a8c0 40f9 | 0805 0091 | a8c0 00f9 | 1400 0014 | a9a0 0591 | 2801 40f9 | c800 00b5 
  0x0000000111fde464: 2401 00f9 | e803 40b2 | a9c0 0591 | 2801 00f9 | 0c00 0014 | a9e0 0591 | 2801 40f9 | c800 00b5 
  0x0000000111fde484: 2401 00f9 | e803 40b2 | a900 0691 | 2801 00f9 | 0400 0014 | a8ac 40f9 | 0805 0091 | a8ac 00f9 
  0x0000000111fde4a4: e01f 00f9 | 099f 90d2 | 8902 a0f2 | 0919 c0f2 

  0x0000000111fde4b4: ; ImmutableOopMap {[48]=Oop [56]=Oop }
                      ;*invokevirtual checkReceiver {reexecute=0 rethrow=0 return_oop=0}
                      ; - java.lang.invoke.LambdaForm$DMH/0x000000c801030000::invokeInterface@12
                      ;   {virtual_call}
  0x0000000111fde4b4: 43e5 c795 

  0x0000000111fde4b8: ;   {other}
  0x0000000111fde4b8: 1f20 03d5 | 1ff5 80f2 | 1f00 80f2 

  0x0000000111fde4c4: ;   {metadata(method data for {method} {0x00000001274c42a8} 'invokeInterface' '(Ljava/lang/Object;Ljava/lang/Object;Ljava/lang/Object;)V' in 'java/lang/invoke/LambdaForm$DMH+0x000000c801030000')}
  0x0000000111fde4c4: 01a2 88d2 | 81e9 a4f2 | 2100 c0f2 | 2180 0691 | e203 00aa | a200 00b5 | 2900 40f9 | 2901 40b2 
  0x0000000111fde4e4: 2900 00f9 | 1600 0014 | 4208 40b9 | 0219 c0f2 | 2900 40f9 | 4200 09ca | 48f4 7e92 | 0802 00b4 
  0x0000000111fde504: e201 0837 | a901 00b4 | 3f05 00f1 | 6001 0054 | bf39 03d5 | 4200 09ca | 2900 40f9 | 4200 09ca 
  0x0000000111fde524: 48f4 7e92 | c800 00b4 | 2900 40f9 | 2901 7fb2 | 2900 00f9 | 0200 0014 | 2200 00f9 

  0x0000000111fde540: ;   {metadata(method data for {method} {0x00000001274c42a8} 'invokeInterface' '(Ljava/lang/Object;Ljava/lang/Object;Ljava/lang/Object;)V' in 'java/lang/invoke/LambdaForm$DMH+0x000000c801030000')}
  0x0000000111fde540: 01a2 88d2 | 81e9 a4f2 | 2100 c0f2 | 21e0 0791 | e203 00aa | a200 00b5 | 2904 40f9 | 2901 40b2 
  0x0000000111fde560: 2904 00f9 | 1600 0014 | 4208 40b9 | 0219 c0f2 | 2904 40f9 | 4200 09ca | 48f4 7e92 | 0802 00b4 
  0x0000000111fde580: e201 0837 | a901 00b4 | 3f05 00f1 | 6001 0054 | bf39 03d5 | 4200 09ca | 2904 40f9 | 4200 09ca 
  0x0000000111fde5a0: 48f4 7e92 | c800 00b4 | 2904 40f9 | 2901 7fb2 | 2904 00f9 | 0200 0014 | 2204 00f9 | e31b 40f9 
  0x0000000111fde5c0: e203 03aa | a200 00b5 | 290c 40f9 | 2901 40b2 | 290c 00f9 | 1600 0014 | 4208 40b9 | 0219 c0f2 
  0x0000000111fde5e0: 290c 40f9 | 4200 09ca | 48f4 7e92 | 0802 00b4 | e201 0837 | a901 00b4 | 3f05 00f1 | 6001 0054 
  0x0000000111fde600: bf39 03d5 | 4200 09ca | 290c 40f9 | 4200 09ca | 48f4 7e92 | c800 00b4 | 290c 40f9 | 2901 7fb2 
  0x0000000111fde620: 290c 00f9 | 0200 0014 | 220c 00f9 

  0x0000000111fde62c: ;   {metadata(method data for {method} {0x00000001274c42a8} 'invokeInterface' '(Ljava/lang/Object;Ljava/lang/Object;Ljava/lang/Object;)V' in 'java/lang/invoke/LambdaForm$DMH+0x000000c801030000')}
  0x0000000111fde62c: 01a2 88d2 | 81e9 a4f2 | 2100 c0f2 | 28f4 40f9 | 0805 0091 | 28f4 00f9 | e103 00aa | e203 03aa 
  0x0000000111fde64c: e31f 40f9 

  0x0000000111fde650: ; ImmutableOopMap {}
                      ;*invokestatic linkToInterface {reexecute=0 rethrow=0 return_oop=0}
                      ; - java.lang.invoke.LambdaForm$DMH/0x000000c801030000::invokeInterface@24
                      ;   {static_call}
  0x0000000111fde650: cca3 c195 

  0x0000000111fde654: ;   {other}
  0x0000000111fde654: 1f20 03d5 | 9f28 81f2 | 1f20 80f2 | fd7b 45a9 | ff83 0191 

  0x0000000111fde668: ;   {poll_return}
  0x0000000111fde668: 882b 42f9 | ff63 28eb | 0803 0054 | c003 5fd6 

  0x0000000111fde678: ;   {metadata({method} {0x00000001274c42a8} 'invokeInterface' '(Ljava/lang/Object;Ljava/lang/Object;Ljava/lang/Object;)V' in 'java/lang/invoke/LambdaForm$DMH+0x000000c801030000')}
  0x0000000111fde678: 0855 88d2 | 88e9 a4f2 | 2800 c0f2 | e807 00f9 | 0800 8092 | e803 00f9 

  0x0000000111fde690: ; ImmutableOopMap {c_rarg1=Oop c_rarg2=Oop c_rarg3=Oop }
                      ;*synchronization entry
                      ; - java.lang.invoke.LambdaForm$DMH/0x000000c801030000::invokeInterface@-1
                      ;   {runtime_call counter_overflow Runtime1 stub}
  0x0000000111fde690: 1c93 ae95 | 6dfe ff17 

  0x0000000111fde698: ;   {metadata({method} {0x000000c8000a1a00} 'internalMemberName' '(Ljava/lang/Object;)Ljava/lang/Object;' in 'java/lang/invoke/DirectMethodHandle')}
  0x0000000111fde698: 0840 83d2 | 4801 a0f2 | 0819 c0f2 | e807 00f9 | 0800 8092 | e803 00f9 

  0x0000000111fde6b0: ; ImmutableOopMap {c_rarg1=Oop c_rarg2=Oop [48]=Oop }
                      ;*synchronization entry
                      ; - java.lang.invoke.DirectMethodHandle::internalMemberName@-1 (line 327)
                      ; - java.lang.invoke.LambdaForm$DMH/0x000000c801030000::invokeInterface@1
                      ;   {runtime_call counter_overflow Runtime1 stub}
  0x0000000111fde6b0: 1493 ae95 | 94fe ff17 | e803 01aa 

  0x0000000111fde6bc: ; ImmutableOopMap {c_rarg1=Oop c_rarg2=Oop [48]=Oop }
                      ;*checkcast {reexecute=0 rethrow=0 return_oop=0}
                      ; - java.lang.invoke.DirectMethodHandle::internalMemberName@1 (line 327)
                      ; - java.lang.invoke.LambdaForm$DMH/0x000000c801030000::invokeInterface@1
                      ;   {runtime_call throw_class_cast_exception Runtime1 stub}
  0x0000000111fde6bc: 5182 ae95 

  0x0000000111fde6c0: ; ImmutableOopMap {c_rarg1=Oop c_rarg2=Oop [48]=Oop }
                      ;*getfield member {reexecute=1 rethrow=0 return_oop=0}
                      ; - (reexecute) java.lang.invoke.DirectMethodHandle::internalMemberName@4 (line 327)
                      ; - java.lang.invoke.LambdaForm$DMH/0x000000c801030000::invokeInterface@1
                      ;   {runtime_call throw_null_pointer_exception Runtime1 stub}
  0x0000000111fde6c0: 5079 ae95 | e803 01aa 

  0x0000000111fde6c8: ; ImmutableOopMap {c_rarg2=Oop c_rarg0=Oop [48]=Oop }
                      ;*checkcast {reexecute=0 rethrow=0 return_oop=0}
                      ; - java.lang.invoke.LambdaForm$DMH/0x000000c801030000::invokeInterface@6
                      ;   {runtime_call throw_class_cast_exception Runtime1 stub}
  0x0000000111fde6c8: 4e82 ae95 

  0x0000000111fde6cc: ; ImmutableOopMap {c_rarg2=Oop c_rarg0=Oop c_rarg1=Oop [48]=Oop }
                      ;*invokevirtual checkReceiver {reexecute=0 rethrow=0 return_oop=0}
                      ; - java.lang.invoke.LambdaForm$DMH/0x000000c801030000::invokeInterface@12
                      ;   {runtime_call throw_null_pointer_exception Runtime1 stub}
  0x0000000111fde6cc: 4d79 ae95 

  0x0000000111fde6d0: ;   {internal_word}
  0x0000000111fde6d0: c8fc ff10 | 8837 02f9 

  0x0000000111fde6d8: ;   {runtime_call SafepointBlob}
  0x0000000111fde6d8: 8a40 ab15 | 8083 42f9 | 9f83 02f9 | 9f87 02f9 | fd7b 45a9 | ff83 0191 

  0x0000000111fde6f0: ;   {runtime_call unwind_exception Runtime1 stub}
  0x0000000111fde6f0: c473 ae15 | 0000 0000 
[Stub Code]
  0x0000000111fde6f8: ;   {no_reloc}
  0x0000000111fde6f8: df3f 03d5 

  0x0000000111fde6fc: ;   {metadata(nullptr)}
  0x0000000111fde6fc: 0c00 80d2 | 0c00 a0f2 | 0c00 c0f2 | 0800 80d2 | 0800 a0f2 | 0800 c0f2 | 0001 1fd6 

  0x0000000111fde718: ;   {trampoline_stub}
  0x0000000111fde718: 4800 0058 | 0001 1fd6 | c079 1d19 | 0100 0000 

  0x0000000111fde728: ;   {trampoline_stub}
  0x0000000111fde728: 4800 0058 | 0001 1fd6 | 8075 0419 | 0100 0000 

  0x0000000111fde738: ;   {static_stub}
  0x0000000111fde738: df3f 03d5 

  0x0000000111fde73c: ;   {metadata(nullptr)}
  0x0000000111fde73c: 0c00 80d2 | 0c00 a0f2 | 0c00 c0f2 | 0800 80d2 | 0800 a0f2 | 0800 c0f2 | 0001 1fd6 
[Exception Handler]
  0x0000000111fde758: ;   {runtime_call handle_exception_from_callee Runtime1 stub}
  0x0000000111fde758: aa80 ae95 | c1d5 bbd4 | 4211 8c08 | 0100 0000 
[Deopt Handler Code]
  0x0000000111fde768: 1e00 0010 

  0x0000000111fde76c: ;   {runtime_call DeoptimizationBlob}
  0x0000000111fde76c: 3541 ab15 
[Deopt MH Handler Code]
  0x0000000111fde770: 1e00 0010 

  0x0000000111fde774: ;   {runtime_call DeoptimizationBlob}
  0x0000000111fde774: 3341 ab15 
[/MachCode]


Compiled method (c1) 620266 5824       3       java.lang.invoke.LambdaForm$MH/0x000000c80103f000::invoke (57 bytes)
 total in heap  [0x0000000111fef110,0x0000000111feff10] = 3584
 relocation     [0x0000000111fef260,0x0000000111fef328] = 200
 main code      [0x0000000111fef340,0x0000000111fefca8] = 2408
 stub code      [0x0000000111fefca8,0x0000000111fefd38] = 144
 oops           [0x0000000111fefd38,0x0000000111fefd40] = 8
 metadata       [0x0000000111fefd40,0x0000000111fefd70] = 48
 scopes data    [0x0000000111fefd70,0x0000000111fefe00] = 144
 scopes pcs     [0x0000000111fefe00,0x0000000111fefee0] = 224
 dependencies   [0x0000000111fefee0,0x0000000111fefee8] = 8
 nul chk table  [0x0000000111fefee8,0x0000000111feff10] = 40

[Constant Pool (empty)]

[MachCode]
[Verified Entry Point]
  # {method} {0x00000001275192e8} 'invoke' '(Ljava/lang/Object;Ljava/lang/Object;Ljava/lang/Object;)Ljava/lang/Object;' in 'java/lang/invoke/LambdaForm$MH+0x000000c80103f000'
  # parm0:    c_rarg1:c_rarg1 
                        = 'java/lang/Object'
  # parm1:    c_rarg2:c_rarg2 
                        = 'java/lang/Object'
  # parm2:    c_rarg3:c_rarg3 
                        = 'java/lang/Object'
  #           [sp+0x50]  (sp of caller)
  0x0000000111fef340: 1f20 03d5 | e953 40d1 | 3f01 00f9 | ff43 01d1 | fd7b 04a9 | 2801 0018 | 8923 40b9 | 1f01 09eb 
  0x0000000111fef360: e000 0054 | 0830 83d2 | 6815 a3f2 | 2800 c0f2 | 0001 3fd6 | 0200 0014 | 1b00 0000 

  0x0000000111fef37c: ;   {metadata(method data for {method} {0x00000001275192e8} 'invoke' '(Ljava/lang/Object;Ljava/lang/Object;Ljava/lang/Object;)Ljava/lang/Object;' in 'java/lang/invoke/LambdaForm$MH+0x000000c80103f000')}
  0x0000000111fef37c: 0080 9cd2 | 202f a5f2 | 2000 c0f2 | 0020 0d91 | e403 01aa | a400 00b5 | 0900 40f9 | 2901 40b2 
  0x0000000111fef39c: 0900 00f9 | 1600 0014 | 8408 40b9 | 0419 c0f2 | 0900 40f9 | 8400 09ca | 88f4 7e92 | 0802 00b4 
  0x0000000111fef3bc: e401 0837 | a901 00b4 | 3f05 00f1 | 6001 0054 | bf39 03d5 | 8400 09ca | 0900 40f9 | 8400 09ca 
  0x0000000111fef3dc: 88f4 7e92 | c800 00b4 | 0900 40f9 | 2901 7fb2 | 0900 00f9 | 0200 0014 | 0400 00f9 | e403 02aa 
  0x0000000111fef3fc: a400 00b5 | 0908 40f9 | 2901 40b2 | 0908 00f9 | 1600 0014 | 8408 40b9 | 0419 c0f2 | 0908 40f9 
  0x0000000111fef41c: 8400 09ca | 88f4 7e92 | 0802 00b4 | e401 0837 | a901 00b4 | 3f05 00f1 | 6001 0054 | bf39 03d5 
  0x0000000111fef43c: 8400 09ca | 0908 40f9 | 8400 09ca | 88f4 7e92 | c800 00b4 | 0908 40f9 | 2901 7fb2 | 0908 00f9 
  0x0000000111fef45c: 0200 0014 | 0408 00f9 

  0x0000000111fef464: ;   {metadata(method data for {method} {0x00000001275192e8} 'invoke' '(Ljava/lang/Object;Ljava/lang/Object;Ljava/lang/Object;)Ljava/lang/Object;' in 'java/lang/invoke/LambdaForm$MH+0x000000c80103f000')}
  0x0000000111fef464: 0080 9cd2 | 202f a5f2 | 2000 c0f2 | 04ac 40b9 | 8408 0011 | 04ac 00b9 | 8424 1f12 | 9f00 0071 
  0x0000000111fef484: 803d 0054 | e217 00f9 | 0101 00b5 

  0x0000000111fef490: ;   {metadata(method data for {method} {0x00000001275192e8} 'invoke' '(Ljava/lang/Object;Ljava/lang/Object;Ljava/lang/Object;)Ljava/lang/Object;' in 'java/lang/invoke/LambdaForm$MH+0x000000c80103f000')}
  0x0000000111fef490: 0580 9cd2 | 252f a5f2 | 2500 c0f2 | a8a4 4339 | 0801 40b2 | a8a4 0339 | 3600 0014 

  0x0000000111fef4ac: ;   {metadata('java/lang/invoke/BoundMethodHandle$Species_LLL')}
  0x0000000111fef4ac: 0484 9bd2 | 4404 a0f2 | 0419 c0f2 | 2808 40b9 | 0819 c0f2 | 1f01 04eb | e104 0054 

  0x0000000111fef4c8: ;   {metadata(method data for {method} {0x00000001275192e8} 'invoke' '(Ljava/lang/Object;Ljava/lang/Object;Ljava/lang/Object;)Ljava/lang/Object;' in 'java/lang/invoke/LambdaForm$MH+0x000000c80103f000')}
  0x0000000111fef4c8: 0580 9cd2 | 252f a5f2 | 2500 c0f2 | 2408 40b9 | 0419 c0f2 | a900 0491 | 2801 40f9 | 9f00 08eb 
  0x0000000111fef4e8: a100 0054 | a884 40f9 | 0805 0091 | a884 00f9 | 2200 0014 | a940 0491 | 2801 40f9 | 9f00 08eb 
  0x0000000111fef508: a100 0054 | a88c 40f9 | 0805 0091 | a88c 00f9 | 1a00 0014 | a900 0491 | 2801 40f9 | c800 00b5 
  0x0000000111fef528: 2401 00f9 | e803 40b2 | a920 0491 | 2801 00f9 | 1200 0014 | a940 0491 | 2801 40f9 | c800 00b5 
  0x0000000111fef548: 2401 00f9 | e803 40b2 | a960 0491 | 2801 00f9 | 0a00 0014 | 0900 0014 

  0x0000000111fef560: ;   {metadata(method data for {method} {0x00000001275192e8} 'invoke' '(Ljava/lang/Object;Ljava/lang/Object;Ljava/lang/Object;)Ljava/lang/Object;' in 'java/lang/invoke/LambdaForm$MH+0x000000c80103f000')}
  0x0000000111fef560: 0580 9cd2 | 252f a5f2 | 2500 c0f2 | a878 40f9 | 0805 00d1 | a878 00f9 | b701 0014 | 0100 0014 
  0x0000000111fef580: e003 01aa | e013 00f9 

  0x0000000111fef588: ; implicit exception: dispatches to 0x0000000111fefc5c
  0x0000000111fef588: 0128 40b9 | 21f0 7dd3 | 0101 00b5 

  0x0000000111fef594: ;   {metadata(method data for {method} {0x00000001275192e8} 'invoke' '(Ljava/lang/Object;Ljava/lang/Object;Ljava/lang/Object;)Ljava/lang/Object;' in 'java/lang/invoke/LambdaForm$MH+0x000000c80103f000')}
  0x0000000111fef594: 0680 9cd2 | 262f a5f2 | 2600 c0f2 | c884 4439 | 0801 40b2 | c884 0439 | 3700 0014 

  0x0000000111fef5b0: ;   {metadata('java/lang/invoke/MethodHandle')}
  0x0000000111fef5b0: 0523 9ed2 | a500 a0f2 | 0519 c0f2 | 2608 40b9 | 0619 c0f2 | c81c 40f9 | bf00 08eb | e104 0054 
  0x0000000111fef5d0: ;   {metadata(method data for {method} {0x00000001275192e8} 'invoke' '(Ljava/lang/Object;Ljava/lang/Object;Ljava/lang/Object;)Ljava/lang/Object;' in 'java/lang/invoke/LambdaForm$MH+0x000000c80103f000')}
  0x0000000111fef5d0: 0680 9cd2 | 262f a5f2 | 2600 c0f2 | 2508 40b9 | 0519 c0f2 | c9e0 0491 | 2801 40f9 | bf00 08eb 
  0x0000000111fef5f0: a100 0054 | c8a0 40f9 | 0805 0091 | c8a0 00f9 | 2200 0014 | c920 0591 | 2801 40f9 | bf00 08eb 
  0x0000000111fef610: a100 0054 | c8a8 40f9 | 0805 0091 | c8a8 00f9 | 1a00 0014 | c9e0 0491 | 2801 40f9 | c800 00b5 
  0x0000000111fef630: 2501 00f9 | e803 40b2 | c900 0591 | 2801 00f9 | 1200 0014 | c920 0591 | 2801 40f9 | c800 00b5 
  0x0000000111fef650: 2501 00f9 | e803 40b2 | c940 0591 | 2801 00f9 | 0a00 0014 | 0900 0014 

  0x0000000111fef668: ;   {metadata(method data for {method} {0x00000001275192e8} 'invoke' '(Ljava/lang/Object;Ljava/lang/Object;Ljava/lang/Object;)Ljava/lang/Object;' in 'java/lang/invoke/LambdaForm$MH+0x000000c80103f000')}
  0x0000000111fef668: 0680 9cd2 | 262f a5f2 | 2600 c0f2 | c894 40f9 | 0805 00d1 | c894 00f9 | 7801 0014 | 0100 0014 
  0x0000000111fef688: ; implicit exception: dispatches to 0x0000000111fefc68
  0x0000000111fef688: 3f00 40f9 

  0x0000000111fef68c: ;   {metadata(method data for {method} {0x00000001275192e8} 'invoke' '(Ljava/lang/Object;Ljava/lang/Object;Ljava/lang/Object;)Ljava/lang/Object;' in 'java/lang/invoke/LambdaForm$MH+0x000000c80103f000')}
  0x0000000111fef68c: 0480 9cd2 | 242f a5f2 | 2400 c0f2 | 8460 0691 | e503 03aa | a500 00b5 | 8904 40f9 | 2901 40b2 
  0x0000000111fef6ac: 8904 00f9 | 1600 0014 | a508 40b9 | 0519 c0f2 | 8904 40f9 | a500 09ca | a8f4 7e92 | 0802 00b4 
  0x0000000111fef6cc: e501 0837 | a901 00b4 | 3f05 00f1 | 6001 0054 | bf39 03d5 | a500 09ca | 8904 40f9 | a500 09ca 
  0x0000000111fef6ec: a8f4 7e92 | c800 00b4 | 8904 40f9 | 2901 7fb2 | 8904 00f9 | 0200 0014 | 8504 00f9 | e403 01aa 
  0x0000000111fef70c: ;   {metadata(method data for {method} {0x00000001275192e8} 'invoke' '(Ljava/lang/Object;Ljava/lang/Object;Ljava/lang/Object;)Ljava/lang/Object;' in 'java/lang/invoke/LambdaForm$MH+0x000000c80103f000')}
  0x0000000111fef70c: 0580 9cd2 | 252f a5f2 | 2500 c0f2 | a8b0 40f9 | 0805 0091 | a8b0 00f9 | e203 03aa 

  0x0000000111fef728: ; ImmutableOopMap {[32]=Oop [40]=Oop }
                      ;*invokevirtual invokeBasic {reexecute=0 rethrow=0 return_oop=0}
                      ; - java.lang.invoke.LambdaForm$MH/0x000000c80103f000::invoke@15
                      ;   {optimized virtual_call}
  0x0000000111fef728: 564f c095 

  0x0000000111fef72c: ;   {other}
  0x0000000111fef72c: 1f20 03d5 | 9fc3 80f2 | 1f00 80f2 

  0x0000000111fef738: ;   {metadata(method data for {method} {0x00000001275192e8} 'invoke' '(Ljava/lang/Object;Ljava/lang/Object;Ljava/lang/Object;)Ljava/lang/Object;' in 'java/lang/invoke/LambdaForm$MH+0x000000c80103f000')}
  0x0000000111fef738: 0280 9cd2 | 222f a5f2 | 2200 c0f2 | 42a0 0691 | e103 00aa | a100 00b5 | 4900 40f9 | 2901 40b2 
  0x0000000111fef758: 4900 00f9 | 1600 0014 | 2108 40b9 | 0119 c0f2 | 4900 40f9 | 2100 09ca | 28f4 7e92 | 0802 00b4 
  0x0000000111fef778: e101 0837 | a901 00b4 | 3f05 00f1 | 6001 0054 | bf39 03d5 | 2100 09ca | 4900 40f9 | 2100 09ca 
  0x0000000111fef798: 28f4 7e92 | c800 00b4 | 4900 40f9 | 2901 7fb2 | 4900 00f9 | 0200 0014 | 4100 00f9 | e313 40f9 
  0x0000000111fef7b8: 6224 40b9 | 42f0 7dd3 | 0201 00b5 

  0x0000000111fef7c4: ;   {metadata(method data for {method} {0x00000001275192e8} 'invoke' '(Ljava/lang/Object;Ljava/lang/Object;Ljava/lang/Object;)Ljava/lang/Object;' in 'java/lang/invoke/LambdaForm$MH+0x000000c80103f000')}
  0x0000000111fef7c4: 0580 9cd2 | 252f a5f2 | 2500 c0f2 | a8c4 4639 | 0801 40b2 | a8c4 0639 | 3700 0014 

  0x0000000111fef7e0: ;   {metadata('java/lang/invoke/MethodHandle')}
  0x0000000111fef7e0: 0423 9ed2 | a400 a0f2 | 0419 c0f2 | 4508 40b9 | 0519 c0f2 | a81c 40f9 | 9f00 08eb | e104 0054 
  0x0000000111fef800: ;   {metadata(method data for {method} {0x00000001275192e8} 'invoke' '(Ljava/lang/Object;Ljava/lang/Object;Ljava/lang/Object;)Ljava/lang/Object;' in 'java/lang/invoke/LambdaForm$MH+0x000000c80103f000')}
  0x0000000111fef800: 0580 9cd2 | 252f a5f2 | 2500 c0f2 | 4408 40b9 | 0419 c0f2 | a920 0791 | 2801 40f9 | 9f00 08eb 
  0x0000000111fef820: a100 0054 | a8e8 40f9 | 0805 0091 | a8e8 00f9 | 2200 0014 | a960 0791 | 2801 40f9 | 9f00 08eb 
  0x0000000111fef840: a100 0054 | a8f0 40f9 | 0805 0091 | a8f0 00f9 | 1a00 0014 | a920 0791 | 2801 40f9 | c800 00b5 
  0x0000000111fef860: 2401 00f9 | e803 40b2 | a940 0791 | 2801 00f9 | 1200 0014 | a960 0791 | 2801 40f9 | c800 00b5 
  0x0000000111fef880: 2401 00f9 | e803 40b2 | a980 0791 | 2801 00f9 | 0a00 0014 | 0900 0014 

  0x0000000111fef898: ;   {metadata(method data for {method} {0x00000001275192e8} 'invoke' '(Ljava/lang/Object;Ljava/lang/Object;Ljava/lang/Object;)Ljava/lang/Object;' in 'java/lang/invoke/LambdaForm$MH+0x000000c80103f000')}
  0x0000000111fef898: 0580 9cd2 | 252f a5f2 | 2500 c0f2 | a8dc 40f9 | 0805 00d1 | a8dc 00f9 | ef00 0014 | 0100 0014 
  0x0000000111fef8b8: e103 02aa 

  0x0000000111fef8bc: ; implicit exception: dispatches to 0x0000000111fefc74
  0x0000000111fef8bc: 3f00 40f9 

  0x0000000111fef8c0: ;   {metadata(method data for {method} {0x00000001275192e8} 'invoke' '(Ljava/lang/Object;Ljava/lang/Object;Ljava/lang/Object;)Ljava/lang/Object;' in 'java/lang/invoke/LambdaForm$MH+0x000000c80103f000')}
  0x0000000111fef8c0: 0280 9cd2 | 222f a5f2 | 2200 c0f2 | 42a0 0891 | e417 40f9 | e503 04aa | a500 00b5 | 4904 40f9 
  0x0000000111fef8e0: 2901 40b2 | 4904 00f9 | 1600 0014 | a508 40b9 | 0519 c0f2 | 4904 40f9 | a500 09ca | a8f4 7e92 
  0x0000000111fef900: 0802 00b4 | e501 0837 | a901 00b4 | 3f05 00f1 | 6001 0054 | bf39 03d5 | a500 09ca | 4904 40f9 
  0x0000000111fef920: a500 09ca | a8f4 7e92 | c800 00b4 | 4904 40f9 | 2901 7fb2 | 4904 00f9 | 0200 0014 | 4504 00f9 
  0x0000000111fef940: e203 01aa 

  0x0000000111fef944: ;   {metadata(method data for {method} {0x00000001275192e8} 'invoke' '(Ljava/lang/Object;Ljava/lang/Object;Ljava/lang/Object;)Ljava/lang/Object;' in 'java/lang/invoke/LambdaForm$MH+0x000000c80103f000')}
  0x0000000111fef944: 0580 9cd2 | 252f a5f2 | 2500 c0f2 | a8f8 40f9 | 0805 0091 | a8f8 00f9 | e203 04aa | e01b 00f9 
  0x0000000111fef964: ; ImmutableOopMap {[32]=Oop [48]=Oop }
                      ;*invokevirtual invokeBasic {reexecute=0 rethrow=0 return_oop=0}
                      ; - java.lang.invoke.LambdaForm$MH/0x000000c80103f000::invoke@32
                      ;   {optimized virtual_call}
  0x0000000111fef964: c74e c095 

  0x0000000111fef968: ;   {other}
  0x0000000111fef968: 1f20 03d5 | 1f0b 81f2 | 1f20 80f2 

  0x0000000111fef974: ;   {metadata(method data for {method} {0x00000001275192e8} 'invoke' '(Ljava/lang/Object;Ljava/lang/Object;Ljava/lang/Object;)Ljava/lang/Object;' in 'java/lang/invoke/LambdaForm$MH+0x000000c80103f000')}
  0x0000000111fef974: 0280 9cd2 | 222f a5f2 | 2200 c0f2 | 42e0 0891 | e303 00aa | a300 00b5 | 4900 40f9 | 2901 40b2 
  0x0000000111fef994: 4900 00f9 | 1600 0014 | 6308 40b9 | 0319 c0f2 | 4900 40f9 | 6300 09ca | 68f4 7e92 | 0802 00b4 
  0x0000000111fef9b4: e301 0837 | a901 00b4 | 3f05 00f1 | 6001 0054 | bf39 03d5 | 6300 09ca | 4900 40f9 | 6300 09ca 
  0x0000000111fef9d4: 68f4 7e92 | c800 00b4 | 4900 40f9 | 2901 7fb2 | 4900 00f9 | 0200 0014 | 4300 00f9 | e213 40f9 
  0x0000000111fef9f4: 4220 40b9 | 42f0 7dd3 | 0201 00b5 

  0x0000000111fefa00: ;   {metadata(method data for {method} {0x00000001275192e8} 'invoke' '(Ljava/lang/Object;Ljava/lang/Object;Ljava/lang/Object;)Ljava/lang/Object;' in 'java/lang/invoke/LambdaForm$MH+0x000000c80103f000')}
  0x0000000111fefa00: 0480 9cd2 | 242f a5f2 | 2400 c0f2 | 8804 4939 | 0801 40b2 | 8804 0939 | 3700 0014 

  0x0000000111fefa1c: ;   {metadata('java/lang/invoke/MethodHandle')}
  0x0000000111fefa1c: 0323 9ed2 | a300 a0f2 | 0319 c0f2 | 4408 40b9 | 0419 c0f2 | 881c 40f9 | 7f00 08eb | e104 0054 
  0x0000000111fefa3c: ;   {metadata(method data for {method} {0x00000001275192e8} 'invoke' '(Ljava/lang/Object;Ljava/lang/Object;Ljava/lang/Object;)Ljava/lang/Object;' in 'java/lang/invoke/LambdaForm$MH+0x000000c80103f000')}
  0x0000000111fefa3c: 0480 9cd2 | 242f a5f2 | 2400 c0f2 | 4308 40b9 | 0319 c0f2 | 8960 0991 | 2801 40f9 | 7f00 08eb 
  0x0000000111fefa5c: a100 0054 | 8830 41f9 | 0805 0091 | 8830 01f9 | 2200 0014 | 89a0 0991 | 2801 40f9 | 7f00 08eb 
  0x0000000111fefa7c: a100 0054 | 8838 41f9 | 0805 0091 | 8838 01f9 | 1a00 0014 | 8960 0991 | 2801 40f9 | c800 00b5 
  0x0000000111fefa9c: 2301 00f9 | e803 40b2 | 8980 0991 | 2801 00f9 | 1200 0014 | 89a0 0991 | 2801 40f9 | c800 00b5 
  0x0000000111fefabc: 2301 00f9 | e803 40b2 | 89c0 0991 | 2801 00f9 | 0a00 0014 | 0900 0014 

  0x0000000111fefad4: ;   {metadata(method data for {method} {0x00000001275192e8} 'invoke' '(Ljava/lang/Object;Ljava/lang/Object;Ljava/lang/Object;)Ljava/lang/Object;' in 'java/lang/invoke/LambdaForm$MH+0x000000c80103f000')}
  0x0000000111fefad4: 0480 9cd2 | 242f a5f2 | 2400 c0f2 | 8824 41f9 | 0805 00d1 | 8824 01f9 | 6300 0014 | 0100 0014 
  0x0000000111fefaf4: e103 02aa 

  0x0000000111fefaf8: ; implicit exception: dispatches to 0x0000000111fefc80
  0x0000000111fefaf8: 3f00 40f9 

  0x0000000111fefafc: ;   {metadata(method data for {method} {0x00000001275192e8} 'invoke' '(Ljava/lang/Object;Ljava/lang/Object;Ljava/lang/Object;)Ljava/lang/Object;' in 'java/lang/invoke/LambdaForm$MH+0x000000c80103f000')}
  0x0000000111fefafc: 0280 9cd2 | 222f a5f2 | 2200 c0f2 | 42e0 0a91 | e303 00aa | a300 00b5 | 4904 40f9 | 2901 40b2 
  0x0000000111fefb1c: 4904 00f9 | 1600 0014 | 6308 40b9 | 0319 c0f2 | 4904 40f9 | 6300 09ca | 68f4 7e92 | 0802 00b4 
  0x0000000111fefb3c: e301 0837 | a901 00b4 | 3f05 00f1 | 6001 0054 | bf39 03d5 | 6300 09ca | 4904 40f9 | 6300 09ca 
  0x0000000111fefb5c: 68f4 7e92 | c800 00b4 | 4904 40f9 | 2901 7fb2 | 4904 00f9 | 0200 0014 | 4304 00f9 | e31b 40f9 
  0x0000000111fefb7c: e403 03aa | a400 00b5 | 490c 40f9 | 2901 40b2 | 490c 00f9 | 1600 0014 | 8408 40b9 | 0419 c0f2 
  0x0000000111fefb9c: 490c 40f9 | 8400 09ca | 88f4 7e92 | 0802 00b4 | e401 0837 | a901 00b4 | 3f05 00f1 | 6001 0054 
  0x0000000111fefbbc: bf39 03d5 | 8400 09ca | 490c 40f9 | 8400 09ca | 88f4 7e92 | c800 00b4 | 490c 40f9 | 2901 7fb2 
  0x0000000111fefbdc: 490c 00f9 | 0200 0014 | 440c 00f9 | e203 01aa 

  0x0000000111fefbec: ;   {metadata(method data for {method} {0x00000001275192e8} 'invoke' '(Ljava/lang/Object;Ljava/lang/Object;Ljava/lang/Object;)Ljava/lang/Object;' in 'java/lang/invoke/LambdaForm$MH+0x000000c80103f000')}
  0x0000000111fefbec: 0480 9cd2 | 242f a5f2 | 2400 c0f2 | 8840 41f9 | 0805 0091 | 8840 01f9 | e203 00aa 

  0x0000000111fefc08: ; ImmutableOopMap {}
                      ;*invokevirtual invokeBasic {reexecute=0 rethrow=0 return_oop=0}
                      ; - java.lang.invoke.LambdaForm$MH/0x000000c80103f000::invoke@52
                      ;   {optimized virtual_call}
  0x0000000111fefc08: 9e88 c095 

  0x0000000111fefc0c: ;   {other}
  0x0000000111fefc0c: 1f20 03d5 | 9f5f 81f2 | 1f40 80f2 | e003 1faa | fd7b 44a9 | ff43 0191 

  0x0000000111fefc24: ;   {poll_return}
  0x0000000111fefc24: 882b 42f9 | ff63 28eb | c802 0054 | c003 5fd6 

  0x0000000111fefc34: ;   {metadata({method} {0x00000001275192e8} 'invoke' '(Ljava/lang/Object;Ljava/lang/Object;Ljava/lang/Object;)Ljava/lang/Object;' in 'java/lang/invoke/LambdaForm$MH+0x000000c80103f000')}
  0x0000000111fefc34: 085d 92d2 | 28ea a4f2 | 2800 c0f2 | e807 00f9 | 0800 8092 | e803 00f9 

  0x0000000111fefc4c: ; ImmutableOopMap {c_rarg1=Oop c_rarg2=Oop c_rarg3=Oop }
                      ;*synchronization entry
                      ; - java.lang.invoke.LambdaForm$MH/0x000000c80103f000::invoke@-1
                      ;   {runtime_call counter_overflow Runtime1 stub}
  0x0000000111fefc4c: ad4d ae95 | 0efe ff17 | e803 01aa 

  0x0000000111fefc58: ; ImmutableOopMap {c_rarg3=Oop [40]=Oop }
                      ;*checkcast {reexecute=0 rethrow=0 return_oop=0}
                      ; - java.lang.invoke.LambdaForm$MH/0x000000c80103f000::invoke@1
                      ;   {runtime_call throw_class_cast_exception Runtime1 stub}
  0x0000000111fefc58: ea3c ae95 

  0x0000000111fefc5c: ; ImmutableOopMap {c_rarg3=Oop c_rarg0=Oop [32]=Oop [40]=Oop }
                      ;*getfield argL2 {reexecute=1 rethrow=0 return_oop=0}
                      ; - (reexecute) java.lang.invoke.LambdaForm$MH/0x000000c80103f000::invoke@6
                      ;   {runtime_call throw_null_pointer_exception Runtime1 stub}
  0x0000000111fefc5c: e933 ae95 | e803 01aa 

  0x0000000111fefc64: ; ImmutableOopMap {c_rarg3=Oop c_rarg0=Oop [32]=Oop [40]=Oop }
                      ;*checkcast {reexecute=0 rethrow=0 return_oop=0}
                      ; - java.lang.invoke.LambdaForm$MH/0x000000c80103f000::invoke@11
                      ;   {runtime_call throw_class_cast_exception Runtime1 stub}
  0x0000000111fefc64: e73c ae95 

  0x0000000111fefc68: ; ImmutableOopMap {c_rarg3=Oop c_rarg0=Oop c_rarg1=Oop [32]=Oop [40]=Oop }
                      ;*invokevirtual invokeBasic {reexecute=0 rethrow=0 return_oop=0}
                      ; - java.lang.invoke.LambdaForm$MH/0x000000c80103f000::invoke@15
                      ;   {runtime_call throw_null_pointer_exception Runtime1 stub}
  0x0000000111fefc68: e633 ae95 | e803 02aa 

  0x0000000111fefc70: ; ImmutableOopMap {c_rarg0=Oop c_rarg3=Oop [32]=Oop [40]=Oop }
                      ;*checkcast {reexecute=0 rethrow=0 return_oop=0}
                      ; - java.lang.invoke.LambdaForm$MH/0x000000c80103f000::invoke@28
                      ;   {runtime_call throw_class_cast_exception Runtime1 stub}
  0x0000000111fefc70: e43c ae95 

  0x0000000111fefc74: ; ImmutableOopMap {c_rarg0=Oop c_rarg3=Oop c_rarg1=Oop [32]=Oop [40]=Oop }
                      ;*invokevirtual invokeBasic {reexecute=0 rethrow=0 return_oop=0}
                      ; - java.lang.invoke.LambdaForm$MH/0x000000c80103f000::invoke@32
                      ;   {runtime_call throw_null_pointer_exception Runtime1 stub}
  0x0000000111fefc74: e333 ae95 | e803 02aa 

  0x0000000111fefc7c: ; ImmutableOopMap {c_rarg0=Oop [48]=Oop }
                      ;*checkcast {reexecute=0 rethrow=0 return_oop=0}
                      ; - java.lang.invoke.LambdaForm$MH/0x000000c80103f000::invoke@45
                      ;   {runtime_call throw_class_cast_exception Runtime1 stub}
  0x0000000111fefc7c: e13c ae95 

  0x0000000111fefc80: ; ImmutableOopMap {c_rarg0=Oop c_rarg1=Oop [48]=Oop }
                      ;*invokevirtual invokeBasic {reexecute=0 rethrow=0 return_oop=0}
                      ; - java.lang.invoke.LambdaForm$MH/0x000000c80103f000::invoke@52
                      ;   {runtime_call throw_null_pointer_exception Runtime1 stub}
  0x0000000111fefc80: e033 ae95 

  0x0000000111fefc84: ;   {internal_word}
  0x0000000111fefc84: 08fd ff10 | 8837 02f9 

  0x0000000111fefc8c: ;   {runtime_call SafepointBlob}
  0x0000000111fefc8c: 1dfb aa15 | 8083 42f9 | 9f83 02f9 | 9f87 02f9 | fd7b 44a9 | ff43 0191 

  0x0000000111fefca4: ;   {runtime_call unwind_exception Runtime1 stub}
  0x0000000111fefca4: 572e ae15 
[Stub Code]
  0x0000000111fefca8: ;   {no_reloc}
  0x0000000111fefca8: 4800 0058 | 0001 1fd6 | 8034 0019 | 0100 0000 

  0x0000000111fefcb8: ;   {trampoline_stub}
  0x0000000111fefcb8: 4800 0058 | 0001 1fd6 | 8034 0019 | 0100 0000 

  0x0000000111fefcc8: ;   {trampoline_stub}
  0x0000000111fefcc8: 4800 0058 | 0001 1fd6 | 801e 0119 | 0100 0000 

  0x0000000111fefcd8: ;   {static_stub}
  0x0000000111fefcd8: df3f 03d5 

  0x0000000111fefcdc: ;   {metadata(nullptr)}
  0x0000000111fefcdc: 0c00 80d2 | 0c00 a0f2 | 0c00 c0f2 | 0800 80d2 | 0800 a0f2 | 0800 c0f2 | 0001 1fd6 

  0x0000000111fefcf8: ;   {static_stub}
  0x0000000111fefcf8: df3f 03d5 

  0x0000000111fefcfc: ;   {metadata(nullptr)}
  0x0000000111fefcfc: 0c00 80d2 | 0c00 a0f2 | 0c00 c0f2 | 0800 80d2 | 0800 a0f2 | 0800 c0f2 | 0001 1fd6 
[Exception Handler]
  0x0000000111fefd18: ;   {runtime_call handle_exception_from_callee Runtime1 stub}
  0x0000000111fefd18: 3a3b ae95 | c1d5 bbd4 | 4211 8c08 | 0100 0000 
[Deopt Handler Code]
  0x0000000111fefd28: 1e00 0010 

  0x0000000111fefd2c: ;   {runtime_call DeoptimizationBlob}
  0x0000000111fefd2c: c5fb aa15 
[Deopt MH Handler Code]
  0x0000000111fefd30: 1e00 0010 

  0x0000000111fefd34: ;   {runtime_call DeoptimizationBlob}
  0x0000000111fefd34: c3fb aa15 
[/MachCode]


---------------  P R O C E S S  ---------------

Threads class SMR info:
_java_thread_list=0x0000000b63c548a0, length=69, elements={
0x000000010281f200, 0x0000000102833cb0, 0x0000000b60c84000, 0x0000000b60c84700,
0x0000000b60c84e00, 0x0000000b60c85500, 0x0000000b608d6000, 0x0000000b608d6800,
0x0000000b60c85c00, 0x0000000b60c86300, 0x0000000b5e8c5c00, 0x0000000b5e8c6300,
0x0000000b5e8c6a00, 0x0000000b5ea10000, 0x0000000b5ea10700, 0x0000000b5ea10e00,
0x0000000b5dd2ce00, 0x0000000b5dd2d500, 0x0000000b5dd2dc00, 0x0000000b5dd2e300,
0x0000000b5dd2ea00, 0x0000000b5dd2f100, 0x0000000b5dd2f800, 0x0000000b5e2b8000,
0x0000000b5e2b8700, 0x0000000b5e2b8e00, 0x0000000b5e2b9500, 0x0000000b5e2b9c00,
0x0000000b5de54e00, 0x0000000b5cce5500, 0x0000000b5c48d500, 0x0000000b5c618000,
0x0000000b5e8c7100, 0x0000000b5a830000, 0x0000000b5b278000, 0x0000000b5b278700,
0x0000000b5b279c00, 0x0000000b5a023800, 0x0000000b5a488700, 0x0000000b5a0ab100,
0x0000000b5a69f800, 0x0000000b5b19ea00, 0x0000000b5a9b6300, 0x0000000b5a9b7100,
0x0000000b598b5500, 0x0000000b598b5c00, 0x0000000b598b6300, 0x0000000b598b6a00,
0x0000000b6045b100, 0x0000000b6045b800, 0x0000000b5a7b8000, 0x0000000b5c61b100,
0x0000000b5c61b800, 0x0000000b5e8c7800, 0x0000000b5a830700, 0x0000000b5a833800,
0x0000000b5a833100, 0x0000000b5a830e00, 0x0000000b5a832300, 0x0000000b5b0f2a00,
0x0000000b5b1cd500, 0x0000000b5bda0700, 0x0000000b5bda0e00, 0x0000000b5bda0000,
0x0000000b5bd90e00, 0x0000000b5bd91500, 0x0000000b5e344700, 0x0000000b5e344e00,
0x0000000b5d863800
}

Java Threads: ( => current thread )
  0x000000010281f200 JavaThread "main"                              [_thread_blocked, id=4867, stack(0x000000016dbc8000,0x000000016ddcb000) (2060K)]
  0x0000000102833cb0 JavaThread "Reference Handler"          daemon [_thread_blocked, id=23811, stack(0x000000016ed40000,0x000000016ef43000) (2060K)]
  0x0000000b60c84000 JavaThread "Finalizer"                  daemon [_thread_blocked, id=24323, stack(0x000000016ef4c000,0x000000016f14f000) (2060K)]
  0x0000000b60c84700 JavaThread "Signal Dispatcher"          daemon [_thread_blocked, id=29187, stack(0x000000016f158000,0x000000016f35b000) (2060K)]
  0x0000000b60c84e00 JavaThread "Service Thread"             daemon [_thread_blocked, id=24835, stack(0x000000016f364000,0x000000016f567000) (2060K)]
  0x0000000b60c85500 JavaThread "Monitor Deflation Thread"   daemon [_thread_blocked, id=28419, stack(0x000000016f570000,0x000000016f773000) (2060K)]
  0x0000000b608d6000 JavaThread "C2 CompilerThread0"         daemon [_thread_in_native, id=25347, stack(0x000000016f77c000,0x000000016f97f000) (2060K)]
  0x0000000b608d6800 JavaThread "C1 CompilerThread0"         daemon [_thread_blocked, id=25859, stack(0x000000016f988000,0x000000016fb8b000) (2060K)]
  0x0000000b60c85c00 JavaThread "Common-Cleaner"             daemon [_thread_blocked, id=26371, stack(0x000000016fb94000,0x000000016fd97000) (2060K)]
  0x0000000b60c86300 JavaThread "Notification Thread"        daemon [_thread_blocked, id=28163, stack(0x000000016fda0000,0x000000016ffa3000) (2060K)]
  0x0000000b5e8c5c00 JavaThread "Daemon health stats"               [_thread_blocked, id=41987, stack(0x00000001709e8000,0x0000000170beb000) (2060K)]
  0x0000000b5e8c6300 JavaThread "Incoming local TCP Connector on port 54119"        [_thread_in_native, id=41475, stack(0x0000000170bf4000,0x0000000170df7000) (2060K)]
  0x0000000b5e8c6a00 JavaThread "Daemon periodic checks"            [_thread_blocked, id=40963, stack(0x0000000170e00000,0x0000000171003000) (2060K)]
  0x0000000b5ea10000 JavaThread "Cache worker for journal cache (/Users/orly/.gradle/caches/journal-1)"        [_thread_blocked, id=38659, stack(0x0000000171e60000,0x0000000172063000) (2060K)]
  0x0000000b5ea10700 JavaThread "File lock request listener"        [_thread_in_native, id=38147, stack(0x000000017206c000,0x000000017226f000) (2060K)]
  0x0000000b5ea10e00 JavaThread "Cache worker for file hash cache (/Users/orly/.gradle/caches/9.5.0/fileHashes)"        [_thread_blocked, id=37891, stack(0x0000000172278000,0x000000017247b000) (2060K)]
  0x0000000b5dd2ce00 JavaThread "File watcher server"        daemon [_thread_in_native, id=43779, stack(0x00000001730cc000,0x00000001732cf000) (2060K)]
  0x0000000b5dd2d500 JavaThread "File watcher consumer"      daemon [_thread_blocked, id=64771, stack(0x00000001732d8000,0x00000001734db000) (2060K)]
  0x0000000b5dd2dc00 JavaThread "jar transforms"                    [_thread_blocked, id=44035, stack(0x00000001734e4000,0x00000001736e7000) (2060K)]
  0x0000000b5dd2e300 JavaThread "jar transforms Thread 2"           [_thread_blocked, id=64259, stack(0x00000001736f0000,0x00000001738f3000) (2060K)]
  0x0000000b5dd2ea00 JavaThread "jar transforms Thread 3"           [_thread_blocked, id=63747, stack(0x00000001738fc000,0x0000000173aff000) (2060K)]
  0x0000000b5dd2f100 JavaThread "jar transforms Thread 4"           [_thread_blocked, id=44547, stack(0x0000000173b08000,0x0000000173d0b000) (2060K)]
  0x0000000b5dd2f800 JavaThread "jar transforms Thread 5"           [_thread_blocked, id=45059, stack(0x0000000173d14000,0x0000000173f17000) (2060K)]
  0x0000000b5e2b8000 JavaThread "jar transforms Thread 6"           [_thread_blocked, id=62979, stack(0x0000000173f20000,0x0000000174123000) (2060K)]
  0x0000000b5e2b8700 JavaThread "jar transforms Thread 7"           [_thread_blocked, id=45571, stack(0x000000017412c000,0x000000017432f000) (2060K)]
  0x0000000b5e2b8e00 JavaThread "jar transforms Thread 8"           [_thread_blocked, id=62723, stack(0x0000000174338000,0x000000017453b000) (2060K)]
  0x0000000b5e2b9500 JavaThread "jar transforms Thread 9"           [_thread_blocked, id=62467, stack(0x0000000174544000,0x0000000174747000) (2060K)]
  0x0000000b5e2b9c00 JavaThread "jar transforms Thread 10"          [_thread_blocked, id=46595, stack(0x0000000174750000,0x0000000174953000) (2060K)]
  0x0000000b5de54e00 JavaThread "Cache worker for file content cache (/Users/orly/.gradle/caches/9.5.0/fileContent)"        [_thread_blocked, id=61955, stack(0x000000017495c000,0x0000000174b5f000) (2060K)]
  0x0000000b5cce5500 JavaThread "Memory manager"                    [_thread_blocked, id=50691, stack(0x0000000176604000,0x0000000176807000) (2060K)]
  0x0000000b5c48d500 JavaThread "pool-3-thread-1"                   [_thread_blocked, id=58627, stack(0x0000000176810000,0x0000000176a13000) (2060K)]
  0x0000000b5c618000 JavaThread "Daemon Thread 2"                   [_thread_blocked, id=33299, stack(0x000000017100c000,0x000000017120f000) (2060K)]
=>0x0000000b5e8c7100 JavaThread "Daemon worker Thread 2"            [_thread_in_Java, id=23331, stack(0x0000000171630000,0x0000000171833000) (2060K)]
  0x0000000b5a830000 JavaThread "pool-5-thread-1"                   [_thread_blocked, id=51475, stack(0x0000000177870000,0x0000000177a73000) (2060K)]
  0x0000000b5b278000 JavaThread "DefaultDispatcher-worker-1" daemon [_thread_blocked, id=66563, stack(0x0000000178ce8000,0x0000000178eeb000) (2060K)]
  0x0000000b5b278700 JavaThread "DefaultDispatcher-worker-2" daemon [_thread_blocked, id=66819, stack(0x0000000178ef4000,0x00000001790f7000) (2060K)]
  0x0000000b5b279c00 JavaThread "DefaultDispatcher-worker-3" daemon [_thread_blocked, id=85251, stack(0x0000000179100000,0x0000000179303000) (2060K)]
  0x0000000b5a023800 JavaThread "Periodic tasks thread"      daemon [_thread_blocked, id=84739, stack(0x000000017930c000,0x000000017950f000) (2060K)]
  0x0000000b5a488700 JavaThread "ApplicationImpl pooled thread 1"        [_thread_blocked, id=67331, stack(0x0000000179518000,0x000000017971b000) (2060K)]
  0x0000000b5a0ab100 JavaThread "ForkJoinPool.commonPool-worker-1" daemon [_thread_blocked, id=84227, stack(0x0000000179724000,0x0000000179927000) (2060K)]
  0x0000000b5a69f800 JavaThread "AppKit Thread"              daemon [_thread_in_native, id=259, stack(0x000000016d340000,0x000000016db3c000) (8176K)]
  0x0000000b5b19ea00 JavaThread "process reaper (pid 3936)"  daemon [_thread_in_native, id=69379, stack(0x000000016ecb4000,0x000000016eceb000) (220K)]
  0x0000000b5a9b6300 JavaThread "RMI Scheduler(0)"           daemon [_thread_blocked, id=82195, stack(0x0000000179d48000,0x0000000179f4b000) (2060K)]
  0x0000000b5a9b7100 JavaThread "RMI RenewClean-[127.0.0.1:17163,org.jetbrains.kotlin.daemon.common.LoopbackNetworkInterface$ClientLoopbackSocketFactory@65c481a]" daemon [_thread_blocked, id=70147, stack(0x0000000179f54000,0x000000017a157000) (2060K)]
  0x0000000b598b5500 JavaThread "RMI GC Daemon"              daemon [_thread_blocked, id=81923, stack(0x000000017a160000,0x000000017a363000) (2060K)]
  0x0000000b598b5c00 JavaThread "RMI TCP Accept-0"           daemon [_thread_in_native, id=70659, stack(0x000000017a36c000,0x000000017a56f000) (2060K)]
  0x0000000b598b6300 JavaThread "RMI Reaper"                        [_thread_blocked, id=81411, stack(0x000000017a578000,0x000000017a77b000) (2060K)]
  0x0000000b598b6a00 JavaThread "RMI TCP Connection(idle)"   daemon [_thread_blocked, id=71427, stack(0x000000017a784000,0x000000017a987000) (2060K)]
  0x0000000b6045b100 JavaThread "VFS cleanup Thread 2"              [_thread_blocked, id=65575, stack(0x000000017183c000,0x0000000171a3f000) (2060K)]
  0x0000000b6045b800 JavaThread "Handler for socket connection from /127.0.0.1:54119 to /127.0.0.1:54515"        [_thread_in_native, id=68623, stack(0x0000000171218000,0x000000017141b000) (2060K)]
  0x0000000b5a7b8000 JavaThread "Cancel handler"                    [_thread_blocked, id=39463, stack(0x0000000171424000,0x0000000171627000) (2060K)]
  0x0000000b5c61b100 JavaThread "Asynchronous log dispatcher for DefaultDaemonConnection: socket connection from /127.0.0.1:54119 to /127.0.0.1:54515"        [_thread_blocked, id=39971, stack(0x0000000171a48000,0x0000000171c4b000) (2060K)]
  0x0000000b5c61b800 JavaThread "Stdin handler"                     [_thread_blocked, id=40211, stack(0x0000000171c54000,0x0000000171e57000) (2060K)]
  0x0000000b5e8c7800 JavaThread "Daemon client event forwarder"        [_thread_blocked, id=33811, stack(0x0000000172cb4000,0x0000000172eb7000) (2060K)]
  0x0000000b5a830700 JavaThread "Cache worker for file hash cache (/Users/orly/AndroidStudioProjects/MaterialsSP/.gradle/9.5.0/fileHashes)"        [_thread_blocked, id=50191, stack(0x0000000172ec0000,0x00000001730c3000) (2060K)]
  0x0000000b5a833800 JavaThread "Cache worker for checksums cache (/Users/orly/AndroidStudioProjects/MaterialsSP/.gradle/9.5.0/checksums)"        [_thread_blocked, id=47379, stack(0x0000000174b68000,0x0000000174d6b000) (2060K)]
  0x0000000b5a833100 JavaThread "Cache worker for Build Output Cleanup Cache (/Users/orly/AndroidStudioProjects/MaterialsSP/.gradle/buildOutputCleanup)"        [_thread_blocked, id=66059, stack(0x0000000174d74000,0x0000000174f77000) (2060K)]
  0x0000000b5a830e00 JavaThread "Cache worker for cache directory md-supplier (/Users/orly/.gradle/caches/9.5.0/md-supplier)"        [_thread_blocked, id=86543, stack(0x0000000174f80000,0x0000000175183000) (2060K)]
  0x0000000b5a832300 JavaThread "Cache worker for cache directory md-rule (/Users/orly/.gradle/caches/9.5.0/md-rule)"        [_thread_blocked, id=87051, stack(0x000000017518c000,0x000000017538f000) (2060K)]
  0x0000000b5b0f2a00 JavaThread "Build operations"                  [_thread_blocked, id=43539, stack(0x0000000175398000,0x000000017559b000) (2060K)]
  0x0000000b5b1cd500 JavaThread "Build operations Thread 2"         [_thread_blocked, id=61195, stack(0x00000001755a4000,0x00000001757a7000) (2060K)]
  0x0000000b5bda0700 JavaThread "Build operations Thread 3"         [_thread_blocked, id=58899, stack(0x00000001759bc000,0x0000000175bbf000) (2060K)]
  0x0000000b5bda0e00 JavaThread "Build operations Thread 4"         [_thread_blocked, id=58383, stack(0x0000000175bc8000,0x0000000175dcb000) (2060K)]
  0x0000000b5bda0000 JavaThread "Build operations Thread 5"         [_thread_blocked, id=86287, stack(0x0000000175dd4000,0x0000000175fd7000) (2060K)]
  0x0000000b5bd90e00 JavaThread "Build operations Thread 6"         [_thread_blocked, id=68871, stack(0x0000000175fe0000,0x00000001761e3000) (2060K)]
  0x0000000b5bd91500 JavaThread "Build operations Thread 7"         [_thread_blocked, id=34323, stack(0x00000001761ec000,0x00000001763ef000) (2060K)]
  0x0000000b5e344700 JavaThread "Build operations Thread 8"         [_thread_blocked, id=56335, stack(0x00000001763f8000,0x00000001765fb000) (2060K)]
  0x0000000b5e344e00 JavaThread "Build operations Thread 9"         [_thread_blocked, id=52771, stack(0x0000000176a1c000,0x0000000176c1f000) (2060K)]
  0x0000000b5d863800 JavaThread "Build operations Thread 10"        [_thread_blocked, id=56099, stack(0x0000000176c28000,0x0000000176e2b000) (2060K)]
Total: 69

Other Threads:
  0x0000000b608c1c00 VMThread "VM Thread"                           [id=17411, stack(0x000000016ea1c000,0x000000016ec1f000) (2060K)]
  0x000000010282cb40 WatcherThread "VM Periodic Task Thread"        [id=20739, stack(0x000000016e810000,0x000000016ea13000) (2060K)]
  0x0000000102826480 WorkerThread "GC Thread#0"                     [id=14595, stack(0x000000016ddd4000,0x000000016dfd7000) (2060K)]
  0x0000000b60b6a400 WorkerThread "GC Thread#1"                     [id=27907, stack(0x000000016ffac000,0x00000001701af000) (2060K)]
  0x0000000b60b6a800 WorkerThread "GC Thread#2"                     [id=27395, stack(0x00000001701b8000,0x00000001703bb000) (2060K)]
  0x0000000b60b6ac00 WorkerThread "GC Thread#3"                     [id=32771, stack(0x00000001703c4000,0x00000001705c7000) (2060K)]
  0x0000000b60b6b000 WorkerThread "GC Thread#4"                     [id=43011, stack(0x00000001705d0000,0x00000001707d3000) (2060K)]
  0x0000000b60b6b400 WorkerThread "GC Thread#5"                     [id=42499, stack(0x00000001707dc000,0x00000001709df000) (2060K)]
  0x0000000b5f7f3400 WorkerThread "GC Thread#6"                     [id=35075, stack(0x0000000172484000,0x0000000172687000) (2060K)]
  0x0000000b5f7f3800 WorkerThread "GC Thread#7"                     [id=35587, stack(0x0000000172690000,0x0000000172893000) (2060K)]
  0x0000000b5f7f3c00 WorkerThread "GC Thread#8"                     [id=36099, stack(0x000000017289c000,0x0000000172a9f000) (2060K)]
  0x0000000102827200 ConcurrentGCThread "G1 Main Marker"            [id=14083, stack(0x000000016dfe0000,0x000000016e1e3000) (2060K)]
  0x0000000102827c00 WorkerThread "G1 Conc#0"                       [id=13571, stack(0x000000016e1ec000,0x000000016e3ef000) (2060K)]
  0x0000000b5dc33000 WorkerThread "G1 Conc#1"                       [id=37379, stack(0x0000000172aa8000,0x0000000172cab000) (2060K)]
  0x0000000102829c40 ConcurrentGCThread "G1 Refine#0"               [id=13315, stack(0x000000016e3f8000,0x000000016e5fb000) (2060K)]
  0x0000000b608c0800 ConcurrentGCThread "G1 Service"                [id=21507, stack(0x000000016e604000,0x000000016e807000) (2060K)]
Total: 16

Threads with active compile tasks:
C2 CompilerThread0  620281 31425       4       org.gradle.api.internal.artifacts.ivyservice.ivyresolve.RepositoryChainComponentMetaDataResolver::resolveModule (310 bytes)
Total: 1

VM state: not at safepoint (normal execution)

VM Mutex/Monitor currently owned by a thread: None

Heap address: 0x00000004d5000000, size: 4096 MB, Compressed Oops mode: Zero based, Oop shift amount: 3

CDS archive(s) mapped at: [0x000000c800000000-0x000000c800c94000-0x000000c800c94000), size 13189120, SharedBaseAddress: 0x000000c800000000, ArchiveRelocationMode: 1.
Compressed class space mapped at: 0x000000c801000000-0x000000c841000000, reserved size: 1073741824
Narrow klass base: 0x000000c800000000, Narrow klass shift: 0, Narrow klass range: 0x100000000

GC Precious Log:
 CardTable entry size: 512
 Card Set container configuration: InlinePtr #cards 4 size 8 Array Of Cards #cards 16 size 48 Howl #buckets 8 coarsen threshold 3686 Howl Bitmap #cards 512 size 80 coarsen threshold 460 Card regions per heap region 1 cards per card region 4096
 CPUs: 10 total, 10 available
 Memory: 16384M
 Large Page Support: Disabled
 NUMA Support: Disabled
 Compressed Oops: Enabled (Zero based)
 Heap Region Size: 2M
 Heap Min Capacity: 8M
 Heap Initial Capacity: 256M
 Heap Max Capacity: 4G
 Pre-touch: Disabled
 Parallel Workers: 9
 Concurrent Workers: 2
 Concurrent Refinement Workers: 9
 Periodic GC: Disabled

Heap:
 garbage-first heap   total 757760K, used 478783K [0x00000004d5000000, 0x00000005d5000000)
  region size 2048K, 71 young (145408K), 9 survivors (18432K)
 Metaspace       used 244646K, committed 248448K, reserved 1310720K
  class space    used 31465K, committed 33408K, reserved 1048576K

Heap Regions: E=young(eden), S=young(survivor), O=old, HS=humongous(starts), HC=humongous(continues), CS=collection set, F=free, TAMS=top-at-mark-start, PB=parsable bottom
|   0|0x00000004d5000000, 0x00000004d5200000, 0x00000004d5200000|100%|HS|  |TAMS 0x00000004d5000000| PB 0x00000004d5000000| Complete 
|   1|0x00000004d5200000, 0x00000004d5400000, 0x00000004d5400000|100%|HC|  |TAMS 0x00000004d5200000| PB 0x00000004d5200000| Complete 
|   2|0x00000004d5400000, 0x00000004d5600000, 0x00000004d5600000|100%| O|  |TAMS 0x00000004d5400000| PB 0x00000004d5400000| Untracked 
|   3|0x00000004d5600000, 0x00000004d5800000, 0x00000004d5800000|100%| O|  |TAMS 0x00000004d5600000| PB 0x00000004d5600000| Untracked 
|   4|0x00000004d5800000, 0x00000004d5a00000, 0x00000004d5a00000|100%| O|  |TAMS 0x00000004d5800000| PB 0x00000004d5800000| Untracked 
|   5|0x00000004d5a00000, 0x00000004d5c00000, 0x00000004d5c00000|100%| O|  |TAMS 0x00000004d5a00000| PB 0x00000004d5a00000| Untracked 
|   6|0x00000004d5c00000, 0x00000004d5e00000, 0x00000004d5e00000|100%| O|  |TAMS 0x00000004d5c00000| PB 0x00000004d5c00000| Untracked 
|   7|0x00000004d5e00000, 0x00000004d6000000, 0x00000004d6000000|100%| O|  |TAMS 0x00000004d5e00000| PB 0x00000004d5e00000| Untracked 
|   8|0x00000004d6000000, 0x00000004d6200000, 0x00000004d6200000|100%| O|  |TAMS 0x00000004d6000000| PB 0x00000004d6000000| Untracked 
|   9|0x00000004d6200000, 0x00000004d6400000, 0x00000004d6400000|100%|HS|  |TAMS 0x00000004d6200000| PB 0x00000004d6200000| Complete 
|  10|0x00000004d6400000, 0x00000004d6600000, 0x00000004d6600000|100%|HC|  |TAMS 0x00000004d6400000| PB 0x00000004d6400000| Complete 
|  11|0x00000004d6600000, 0x00000004d6800000, 0x00000004d6800000|100%|HC|  |TAMS 0x00000004d6600000| PB 0x00000004d6600000| Complete 
|  12|0x00000004d6800000, 0x00000004d6a00000, 0x00000004d6a00000|100%|HC|  |TAMS 0x00000004d6800000| PB 0x00000004d6800000| Complete 
|  13|0x00000004d6a00000, 0x00000004d6c00000, 0x00000004d6c00000|100%|HS|  |TAMS 0x00000004d6a00000| PB 0x00000004d6a00000| Complete 
|  14|0x00000004d6c00000, 0x00000004d6e00000, 0x00000004d6e00000|100%|HC|  |TAMS 0x00000004d6c00000| PB 0x00000004d6c00000| Complete 
|  15|0x00000004d6e00000, 0x00000004d7000000, 0x00000004d7000000|100%|HC|  |TAMS 0x00000004d6e00000| PB 0x00000004d6e00000| Complete 
|  16|0x00000004d7000000, 0x00000004d7200000, 0x00000004d7200000|100%|HC|  |TAMS 0x00000004d7000000| PB 0x00000004d7000000| Complete 
|  17|0x00000004d7200000, 0x00000004d7400000, 0x00000004d7400000|100%| O|  |TAMS 0x00000004d7200000| PB 0x00000004d7200000| Untracked 
|  18|0x00000004d7400000, 0x00000004d7600000, 0x00000004d7600000|100%| O|  |TAMS 0x00000004d7400000| PB 0x00000004d7400000| Untracked 
|  19|0x00000004d7600000, 0x00000004d7800000, 0x00000004d7800000|100%| O|  |TAMS 0x00000004d7600000| PB 0x00000004d7600000| Untracked 
|  20|0x00000004d7800000, 0x00000004d7a00000, 0x00000004d7a00000|100%| O|  |TAMS 0x00000004d7800000| PB 0x00000004d7800000| Untracked 
|  21|0x00000004d7a00000, 0x00000004d7c00000, 0x00000004d7c00000|100%| O|  |TAMS 0x00000004d7a00000| PB 0x00000004d7a00000| Untracked 
|  22|0x00000004d7c00000, 0x00000004d7e00000, 0x00000004d7e00000|100%| O|  |TAMS 0x00000004d7c00000| PB 0x00000004d7c00000| Untracked 
|  23|0x00000004d7e00000, 0x00000004d8000000, 0x00000004d8000000|100%| O|  |TAMS 0x00000004d7e00000| PB 0x00000004d7e00000| Untracked 
|  24|0x00000004d8000000, 0x00000004d8200000, 0x00000004d8200000|100%| O|  |TAMS 0x00000004d8000000| PB 0x00000004d8000000| Untracked 
|  25|0x00000004d8200000, 0x00000004d8400000, 0x00000004d8400000|100%| O|  |TAMS 0x00000004d8200000| PB 0x00000004d8200000| Untracked 
|  26|0x00000004d8400000, 0x00000004d8600000, 0x00000004d8600000|100%| O|  |TAMS 0x00000004d8400000| PB 0x00000004d8400000| Untracked 
|  27|0x00000004d8600000, 0x00000004d8800000, 0x00000004d8800000|100%| O|  |TAMS 0x00000004d8600000| PB 0x00000004d8600000| Untracked 
|  28|0x00000004d8800000, 0x00000004d8a00000, 0x00000004d8a00000|100%|HS|  |TAMS 0x00000004d8800000| PB 0x00000004d8800000| Complete 
|  29|0x00000004d8a00000, 0x00000004d8c00000, 0x00000004d8c00000|100%| O|  |TAMS 0x00000004d8a00000| PB 0x00000004d8a00000| Untracked 
|  30|0x00000004d8c00000, 0x00000004d8e00000, 0x00000004d8e00000|100%| O|  |TAMS 0x00000004d8c00000| PB 0x00000004d8c00000| Untracked 
|  31|0x00000004d8e00000, 0x00000004d9000000, 0x00000004d9000000|100%| O|  |TAMS 0x00000004d8e00000| PB 0x00000004d8e00000| Untracked 
|  32|0x00000004d9000000, 0x00000004d9200000, 0x00000004d9200000|100%| O|  |TAMS 0x00000004d9000000| PB 0x00000004d9000000| Untracked 
|  33|0x00000004d9200000, 0x00000004d9400000, 0x00000004d9400000|100%| O|  |TAMS 0x00000004d9200000| PB 0x00000004d9200000| Untracked 
|  34|0x00000004d9400000, 0x00000004d9600000, 0x00000004d9600000|100%| O|  |TAMS 0x00000004d9400000| PB 0x00000004d9400000| Untracked 
|  35|0x00000004d9600000, 0x00000004d9800000, 0x00000004d9800000|100%| O|  |TAMS 0x00000004d9600000| PB 0x00000004d9600000| Untracked 
|  36|0x00000004d9800000, 0x00000004d9a00000, 0x00000004d9a00000|100%| O|  |TAMS 0x00000004d9800000| PB 0x00000004d9800000| Untracked 
|  37|0x00000004d9a00000, 0x00000004d9c00000, 0x00000004d9c00000|100%| O|  |TAMS 0x00000004d9a00000| PB 0x00000004d9a00000| Untracked 
|  38|0x00000004d9c00000, 0x00000004d9e00000, 0x00000004d9e00000|100%| O|  |TAMS 0x00000004d9c00000| PB 0x00000004d9c00000| Untracked 
|  39|0x00000004d9e00000, 0x00000004da000000, 0x00000004da000000|100%| O|  |TAMS 0x00000004d9e00000| PB 0x00000004d9e00000| Untracked 
|  40|0x00000004da000000, 0x00000004da200000, 0x00000004da200000|100%| O|  |TAMS 0x00000004da000000| PB 0x00000004da000000| Untracked 
|  41|0x00000004da200000, 0x00000004da400000, 0x00000004da400000|100%| O|  |TAMS 0x00000004da200000| PB 0x00000004da200000| Untracked 
|  42|0x00000004da400000, 0x00000004da600000, 0x00000004da600000|100%|HS|  |TAMS 0x00000004da400000| PB 0x00000004da400000| Complete 
|  43|0x00000004da600000, 0x00000004da800000, 0x00000004da800000|100%| O|  |TAMS 0x00000004da600000| PB 0x00000004da600000| Untracked 
|  44|0x00000004da800000, 0x00000004daa00000, 0x00000004daa00000|100%| O|  |TAMS 0x00000004da800000| PB 0x00000004da800000| Untracked 
|  45|0x00000004daa00000, 0x00000004dac00000, 0x00000004dac00000|100%| O|  |TAMS 0x00000004daa00000| PB 0x00000004daa00000| Untracked 
|  46|0x00000004dac00000, 0x00000004dae00000, 0x00000004dae00000|100%| O|  |TAMS 0x00000004dac00000| PB 0x00000004dac00000| Untracked 
|  47|0x00000004dae00000, 0x00000004db000000, 0x00000004db000000|100%| O|  |TAMS 0x00000004dae00000| PB 0x00000004dae00000| Untracked 
|  48|0x00000004db000000, 0x00000004db200000, 0x00000004db200000|100%| O|  |TAMS 0x00000004db000000| PB 0x00000004db000000| Untracked 
|  49|0x00000004db200000, 0x00000004db400000, 0x00000004db400000|100%| O|  |TAMS 0x00000004db200000| PB 0x00000004db200000| Untracked 
|  50|0x00000004db400000, 0x00000004db600000, 0x00000004db600000|100%| O|  |TAMS 0x00000004db400000| PB 0x00000004db400000| Untracked 
|  51|0x00000004db600000, 0x00000004db800000, 0x00000004db800000|100%| O|  |TAMS 0x00000004db600000| PB 0x00000004db600000| Untracked 
|  52|0x00000004db800000, 0x00000004dba00000, 0x00000004dba00000|100%| O|  |TAMS 0x00000004db800000| PB 0x00000004db800000| Untracked 
|  53|0x00000004dba00000, 0x00000004dbc00000, 0x00000004dbc00000|100%| O|  |TAMS 0x00000004dba00000| PB 0x00000004dba00000| Untracked 
|  54|0x00000004dbc00000, 0x00000004dbe00000, 0x00000004dbe00000|100%| O|  |TAMS 0x00000004dbc00000| PB 0x00000004dbc00000| Untracked 
|  55|0x00000004dbe00000, 0x00000004dc000000, 0x00000004dc000000|100%| O|  |TAMS 0x00000004dbe00000| PB 0x00000004dbe00000| Untracked 
|  56|0x00000004dc000000, 0x00000004dc200000, 0x00000004dc200000|100%| O|  |TAMS 0x00000004dc000000| PB 0x00000004dc000000| Untracked 
|  57|0x00000004dc200000, 0x00000004dc400000, 0x00000004dc400000|100%| O|  |TAMS 0x00000004dc200000| PB 0x00000004dc200000| Untracked 
|  58|0x00000004dc400000, 0x00000004dc600000, 0x00000004dc600000|100%| O|  |TAMS 0x00000004dc400000| PB 0x00000004dc400000| Untracked 
|  59|0x00000004dc600000, 0x00000004dc800000, 0x00000004dc800000|100%| O|  |TAMS 0x00000004dc600000| PB 0x00000004dc600000| Untracked 
|  60|0x00000004dc800000, 0x00000004dca00000, 0x00000004dca00000|100%| O|  |TAMS 0x00000004dc800000| PB 0x00000004dc800000| Untracked 
|  61|0x00000004dca00000, 0x00000004dcc00000, 0x00000004dcc00000|100%| O|  |TAMS 0x00000004dca00000| PB 0x00000004dca00000| Untracked 
|  62|0x00000004dcc00000, 0x00000004dce00000, 0x00000004dce00000|100%| O|  |TAMS 0x00000004dcc00000| PB 0x00000004dcc00000| Untracked 
|  63|0x00000004dce00000, 0x00000004dd000000, 0x00000004dd000000|100%| O|  |TAMS 0x00000004dce00000| PB 0x00000004dce00000| Untracked 
|  64|0x00000004dd000000, 0x00000004dd200000, 0x00000004dd200000|100%| O|  |TAMS 0x00000004dd000000| PB 0x00000004dd000000| Untracked 
|  65|0x00000004dd200000, 0x00000004dd200000, 0x00000004dd400000|  0%| F|  |TAMS 0x00000004dd200000| PB 0x00000004dd200000| Untracked 
|  66|0x00000004dd400000, 0x00000004dd600000, 0x00000004dd600000|100%| O|  |TAMS 0x00000004dd400000| PB 0x00000004dd400000| Untracked 
|  67|0x00000004dd600000, 0x00000004dd800000, 0x00000004dd800000|100%| O|  |TAMS 0x00000004dd600000| PB 0x00000004dd600000| Untracked 
|  68|0x00000004dd800000, 0x00000004dd800000, 0x00000004dda00000|  0%| F|  |TAMS 0x00000004dd800000| PB 0x00000004dd800000| Untracked 
|  69|0x00000004dda00000, 0x00000004ddc00000, 0x00000004ddc00000|100%| O|  |TAMS 0x00000004dda00000| PB 0x00000004dda00000| Untracked 
|  70|0x00000004ddc00000, 0x00000004dde00000, 0x00000004dde00000|100%| O|  |TAMS 0x00000004ddc00000| PB 0x00000004ddc00000| Untracked 
|  71|0x00000004dde00000, 0x00000004de000000, 0x00000004de000000|100%| O|  |TAMS 0x00000004dde00000| PB 0x00000004dde00000| Untracked 
|  72|0x00000004de000000, 0x00000004de200000, 0x00000004de200000|100%| O|  |TAMS 0x00000004de000000| PB 0x00000004de000000| Untracked 
|  73|0x00000004de200000, 0x00000004de400000, 0x00000004de400000|100%| O|  |TAMS 0x00000004de200000| PB 0x00000004de200000| Untracked 
|  74|0x00000004de400000, 0x00000004de600000, 0x00000004de600000|100%| O|  |TAMS 0x00000004de400000| PB 0x00000004de400000| Untracked 
|  75|0x00000004de600000, 0x00000004de800000, 0x00000004de800000|100%| O|  |TAMS 0x00000004de600000| PB 0x00000004de600000| Untracked 
|  76|0x00000004de800000, 0x00000004dea00000, 0x00000004dea00000|100%| O|  |TAMS 0x00000004de800000| PB 0x00000004de800000| Untracked 
|  77|0x00000004dea00000, 0x00000004dec00000, 0x00000004dec00000|100%| O|  |TAMS 0x00000004dea00000| PB 0x00000004dea00000| Untracked 
|  78|0x00000004dec00000, 0x00000004dee00000, 0x00000004dee00000|100%| O|  |TAMS 0x00000004dec00000| PB 0x00000004dec00000| Untracked 
|  79|0x00000004dee00000, 0x00000004df000000, 0x00000004df000000|100%| O|  |TAMS 0x00000004dee00000| PB 0x00000004dee00000| Untracked 
|  80|0x00000004df000000, 0x00000004df200000, 0x00000004df200000|100%| O|  |TAMS 0x00000004df000000| PB 0x00000004df000000| Untracked 
|  81|0x00000004df200000, 0x00000004df400000, 0x00000004df400000|100%| O|  |TAMS 0x00000004df200000| PB 0x00000004df200000| Untracked 
|  82|0x00000004df400000, 0x00000004df600000, 0x00000004df600000|100%| O|  |TAMS 0x00000004df400000| PB 0x00000004df400000| Untracked 
|  83|0x00000004df600000, 0x00000004df800000, 0x00000004df800000|100%| O|  |TAMS 0x00000004df600000| PB 0x00000004df600000| Untracked 
|  84|0x00000004df800000, 0x00000004dfa00000, 0x00000004dfa00000|100%| O|  |TAMS 0x00000004df800000| PB 0x00000004df800000| Untracked 
|  85|0x00000004dfa00000, 0x00000004dfc00000, 0x00000004dfc00000|100%| O|  |TAMS 0x00000004dfa00000| PB 0x00000004dfa00000| Untracked 
|  86|0x00000004dfc00000, 0x00000004dfe00000, 0x00000004dfe00000|100%| O|  |TAMS 0x00000004dfc00000| PB 0x00000004dfc00000| Untracked 
|  87|0x00000004dfe00000, 0x00000004e0000000, 0x00000004e0000000|100%| O|  |TAMS 0x00000004dfe00000| PB 0x00000004dfe00000| Untracked 
|  88|0x00000004e0000000, 0x00000004e0200000, 0x00000004e0200000|100%| O|  |TAMS 0x00000004e0000000| PB 0x00000004e0000000| Untracked 
|  89|0x00000004e0200000, 0x00000004e0400000, 0x00000004e0400000|100%| O|  |TAMS 0x00000004e0200000| PB 0x00000004e0200000| Untracked 
|  90|0x00000004e0400000, 0x00000004e0600000, 0x00000004e0600000|100%| O|  |TAMS 0x00000004e0400000| PB 0x00000004e0400000| Untracked 
|  91|0x00000004e0600000, 0x00000004e0800000, 0x00000004e0800000|100%| O|  |TAMS 0x00000004e0600000| PB 0x00000004e0600000| Untracked 
|  92|0x00000004e0800000, 0x00000004e0a00000, 0x00000004e0a00000|100%| O|  |TAMS 0x00000004e0800000| PB 0x00000004e0800000| Untracked 
|  93|0x00000004e0a00000, 0x00000004e0c00000, 0x00000004e0c00000|100%| O|  |TAMS 0x00000004e0a00000| PB 0x00000004e0a00000| Untracked 
|  94|0x00000004e0c00000, 0x00000004e0e00000, 0x00000004e0e00000|100%| O|  |TAMS 0x00000004e0c00000| PB 0x00000004e0c00000| Untracked 
|  95|0x00000004e0e00000, 0x00000004e1000000, 0x00000004e1000000|100%| O|  |TAMS 0x00000004e0e00000| PB 0x00000004e0e00000| Untracked 
|  96|0x00000004e1000000, 0x00000004e1200000, 0x00000004e1200000|100%| O|  |TAMS 0x00000004e1000000| PB 0x00000004e1000000| Untracked 
|  97|0x00000004e1200000, 0x00000004e1400000, 0x00000004e1400000|100%| O|  |TAMS 0x00000004e1200000| PB 0x00000004e1200000| Untracked 
|  98|0x00000004e1400000, 0x00000004e1600000, 0x00000004e1600000|100%| O|  |TAMS 0x00000004e1400000| PB 0x00000004e1400000| Untracked 
|  99|0x00000004e1600000, 0x00000004e1800000, 0x00000004e1800000|100%| O|  |TAMS 0x00000004e1600000| PB 0x00000004e1600000| Untracked 
| 100|0x00000004e1800000, 0x00000004e1a00000, 0x00000004e1a00000|100%| O|  |TAMS 0x00000004e1800000| PB 0x00000004e1800000| Untracked 
| 101|0x00000004e1a00000, 0x00000004e1c00000, 0x00000004e1c00000|100%| O|  |TAMS 0x00000004e1a00000| PB 0x00000004e1a00000| Untracked 
| 102|0x00000004e1c00000, 0x00000004e1c00000, 0x00000004e1e00000|  0%| F|  |TAMS 0x00000004e1c00000| PB 0x00000004e1c00000| Untracked 
| 103|0x00000004e1e00000, 0x00000004e1e00000, 0x00000004e2000000|  0%| F|  |TAMS 0x00000004e1e00000| PB 0x00000004e1e00000| Untracked 
| 104|0x00000004e2000000, 0x00000004e2000000, 0x00000004e2200000|  0%| F|  |TAMS 0x00000004e2000000| PB 0x00000004e2000000| Untracked 
| 105|0x00000004e2200000, 0x00000004e2400000, 0x00000004e2400000|100%| O|  |TAMS 0x00000004e2200000| PB 0x00000004e2200000| Untracked 
| 106|0x00000004e2400000, 0x00000004e2600000, 0x00000004e2600000|100%| O|  |TAMS 0x00000004e2400000| PB 0x00000004e2400000| Untracked 
| 107|0x00000004e2600000, 0x00000004e2800000, 0x00000004e2800000|100%| O|  |TAMS 0x00000004e2600000| PB 0x00000004e2600000| Untracked 
| 108|0x00000004e2800000, 0x00000004e2a00000, 0x00000004e2a00000|100%| O|  |TAMS 0x00000004e2800000| PB 0x00000004e2800000| Untracked 
| 109|0x00000004e2a00000, 0x00000004e2c00000, 0x00000004e2c00000|100%| O|  |TAMS 0x00000004e2a00000| PB 0x00000004e2a00000| Untracked 
| 110|0x00000004e2c00000, 0x00000004e2e00000, 0x00000004e2e00000|100%| O|  |TAMS 0x00000004e2c00000| PB 0x00000004e2c00000| Untracked 
| 111|0x00000004e2e00000, 0x00000004e3000000, 0x00000004e3000000|100%| O|  |TAMS 0x00000004e2e00000| PB 0x00000004e2e00000| Untracked 
| 112|0x00000004e3000000, 0x00000004e3200000, 0x00000004e3200000|100%| O|  |TAMS 0x00000004e3000000| PB 0x00000004e3000000| Untracked 
| 113|0x00000004e3200000, 0x00000004e3200000, 0x00000004e3400000|  0%| F|  |TAMS 0x00000004e3200000| PB 0x00000004e3200000| Untracked 
| 114|0x00000004e3400000, 0x00000004e3600000, 0x00000004e3600000|100%| O|  |TAMS 0x00000004e3400000| PB 0x00000004e3400000| Untracked 
| 115|0x00000004e3600000, 0x00000004e3800000, 0x00000004e3800000|100%| O|  |TAMS 0x00000004e3600000| PB 0x00000004e3600000| Untracked 
| 116|0x00000004e3800000, 0x00000004e3a00000, 0x00000004e3a00000|100%| O|  |TAMS 0x00000004e3800000| PB 0x00000004e3800000| Untracked 
| 117|0x00000004e3a00000, 0x00000004e3c00000, 0x00000004e3c00000|100%| O|  |TAMS 0x00000004e3a00000| PB 0x00000004e3a00000| Untracked 
| 118|0x00000004e3c00000, 0x00000004e3c00000, 0x00000004e3e00000|  0%| F|  |TAMS 0x00000004e3c00000| PB 0x00000004e3c00000| Untracked 
| 119|0x00000004e3e00000, 0x00000004e4000000, 0x00000004e4000000|100%| O|  |TAMS 0x00000004e3e00000| PB 0x00000004e3e00000| Untracked 
| 120|0x00000004e4000000, 0x00000004e4200000, 0x00000004e4200000|100%| O|  |TAMS 0x00000004e4000000| PB 0x00000004e4000000| Untracked 
| 121|0x00000004e4200000, 0x00000004e4400000, 0x00000004e4400000|100%| O|  |TAMS 0x00000004e4200000| PB 0x00000004e4200000| Untracked 
| 122|0x00000004e4400000, 0x00000004e4600000, 0x00000004e4600000|100%| O|  |TAMS 0x00000004e4400000| PB 0x00000004e4400000| Untracked 
| 123|0x00000004e4600000, 0x00000004e4800000, 0x00000004e4800000|100%| O|  |TAMS 0x00000004e4600000| PB 0x00000004e4600000| Untracked 
| 124|0x00000004e4800000, 0x00000004e4a00000, 0x00000004e4a00000|100%| O|  |TAMS 0x00000004e4800000| PB 0x00000004e4800000| Untracked 
| 125|0x00000004e4a00000, 0x00000004e4c00000, 0x00000004e4c00000|100%| O|  |TAMS 0x00000004e4a00000| PB 0x00000004e4a00000| Untracked 
| 126|0x00000004e4c00000, 0x00000004e4e00000, 0x00000004e4e00000|100%| O|  |TAMS 0x00000004e4c00000| PB 0x00000004e4c00000| Untracked 
| 127|0x00000004e4e00000, 0x00000004e5000000, 0x00000004e5000000|100%| O|  |TAMS 0x00000004e4e00000| PB 0x00000004e4e00000| Untracked 
| 128|0x00000004e5000000, 0x00000004e5200000, 0x00000004e5200000|100%| O|  |TAMS 0x00000004e5000000| PB 0x00000004e5000000| Untracked 
| 129|0x00000004e5200000, 0x00000004e5400000, 0x00000004e5400000|100%| O|  |TAMS 0x00000004e5200000| PB 0x00000004e5200000| Untracked 
| 130|0x00000004e5400000, 0x00000004e5600000, 0x00000004e5600000|100%|HS|  |TAMS 0x00000004e5400000| PB 0x00000004e5400000| Complete 
| 131|0x00000004e5600000, 0x00000004e5800000, 0x00000004e5800000|100%|HC|  |TAMS 0x00000004e5600000| PB 0x00000004e5600000| Complete 
| 132|0x00000004e5800000, 0x00000004e5a00000, 0x00000004e5a00000|100%|HC|  |TAMS 0x00000004e5800000| PB 0x00000004e5800000| Complete 
| 133|0x00000004e5a00000, 0x00000004e5c00000, 0x00000004e5c00000|100%|HS|  |TAMS 0x00000004e5a00000| PB 0x00000004e5a00000| Complete 
| 134|0x00000004e5c00000, 0x00000004e5e00000, 0x00000004e5e00000|100%|HC|  |TAMS 0x00000004e5c00000| PB 0x00000004e5c00000| Complete 
| 135|0x00000004e5e00000, 0x00000004e6000000, 0x00000004e6000000|100%| O|  |TAMS 0x00000004e5e00000| PB 0x00000004e5e00000| Untracked 
| 136|0x00000004e6000000, 0x00000004e6200000, 0x00000004e6200000|100%| O|  |TAMS 0x00000004e6000000| PB 0x00000004e6000000| Untracked 
| 137|0x00000004e6200000, 0x00000004e6400000, 0x00000004e6400000|100%| O|  |TAMS 0x00000004e6200000| PB 0x00000004e6200000| Untracked 
| 138|0x00000004e6400000, 0x00000004e6600000, 0x00000004e6600000|100%| O|  |TAMS 0x00000004e6400000| PB 0x00000004e6400000| Untracked 
| 139|0x00000004e6600000, 0x00000004e6800000, 0x00000004e6800000|100%| O|  |TAMS 0x00000004e6600000| PB 0x00000004e6600000| Untracked 
| 140|0x00000004e6800000, 0x00000004e6a00000, 0x00000004e6a00000|100%| O|  |TAMS 0x00000004e6800000| PB 0x00000004e6800000| Untracked 
| 141|0x00000004e6a00000, 0x00000004e6c00000, 0x00000004e6c00000|100%| O|  |TAMS 0x00000004e6a00000| PB 0x00000004e6a00000| Untracked 
| 142|0x00000004e6c00000, 0x00000004e6e00000, 0x00000004e6e00000|100%| O|  |TAMS 0x00000004e6c00000| PB 0x00000004e6c00000| Untracked 
| 143|0x00000004e6e00000, 0x00000004e7000000, 0x00000004e7000000|100%| O|  |TAMS 0x00000004e6e00000| PB 0x00000004e6e00000| Untracked 
| 144|0x00000004e7000000, 0x00000004e7200000, 0x00000004e7200000|100%| O|  |TAMS 0x00000004e7000000| PB 0x00000004e7000000| Untracked 
| 145|0x00000004e7200000, 0x00000004e7200000, 0x00000004e7400000|  0%| F|  |TAMS 0x00000004e7200000| PB 0x00000004e7200000| Untracked 
| 146|0x00000004e7400000, 0x00000004e7400000, 0x00000004e7600000|  0%| F|  |TAMS 0x00000004e7400000| PB 0x00000004e7400000| Untracked 
| 147|0x00000004e7600000, 0x00000004e7800000, 0x00000004e7800000|100%| O|  |TAMS 0x00000004e7600000| PB 0x00000004e7600000| Untracked 
| 148|0x00000004e7800000, 0x00000004e7a00000, 0x00000004e7a00000|100%| O|  |TAMS 0x00000004e7800000| PB 0x00000004e7800000| Untracked 
| 149|0x00000004e7a00000, 0x00000004e7c00000, 0x00000004e7c00000|100%| O|  |TAMS 0x00000004e7a00000| PB 0x00000004e7a00000| Untracked 
| 150|0x00000004e7c00000, 0x00000004e7e00000, 0x00000004e7e00000|100%| O|  |TAMS 0x00000004e7c00000| PB 0x00000004e7c00000| Untracked 
| 151|0x00000004e7e00000, 0x00000004e8000000, 0x00000004e8000000|100%| O|  |TAMS 0x00000004e7e00000| PB 0x00000004e7e00000| Untracked 
| 152|0x00000004e8000000, 0x00000004e8200000, 0x00000004e8200000|100%| O|  |TAMS 0x00000004e8000000| PB 0x00000004e8000000| Untracked 
| 153|0x00000004e8200000, 0x00000004e8400000, 0x00000004e8400000|100%| O|  |TAMS 0x00000004e8200000| PB 0x00000004e8200000| Untracked 
| 154|0x00000004e8400000, 0x00000004e8400000, 0x00000004e8600000|  0%| F|  |TAMS 0x00000004e8400000| PB 0x00000004e8400000| Untracked 
| 155|0x00000004e8600000, 0x00000004e8600000, 0x00000004e8800000|  0%| F|  |TAMS 0x00000004e8600000| PB 0x00000004e8600000| Untracked 
| 156|0x00000004e8800000, 0x00000004e8800000, 0x00000004e8a00000|  0%| F|  |TAMS 0x00000004e8800000| PB 0x00000004e8800000| Untracked 
| 157|0x00000004e8a00000, 0x00000004e8a00000, 0x00000004e8c00000|  0%| F|  |TAMS 0x00000004e8a00000| PB 0x00000004e8a00000| Untracked 
| 158|0x00000004e8c00000, 0x00000004e8c00000, 0x00000004e8e00000|  0%| F|  |TAMS 0x00000004e8c00000| PB 0x00000004e8c00000| Untracked 
| 159|0x00000004e8e00000, 0x00000004e8e00000, 0x00000004e9000000|  0%| F|  |TAMS 0x00000004e8e00000| PB 0x00000004e8e00000| Untracked 
| 160|0x00000004e9000000, 0x00000004e9000000, 0x00000004e9200000|  0%| F|  |TAMS 0x00000004e9000000| PB 0x00000004e9000000| Untracked 
| 161|0x00000004e9200000, 0x00000004e9200000, 0x00000004e9400000|  0%| F|  |TAMS 0x00000004e9200000| PB 0x00000004e9200000| Untracked 
| 162|0x00000004e9400000, 0x00000004e9400000, 0x00000004e9600000|  0%| F|  |TAMS 0x00000004e9400000| PB 0x00000004e9400000| Untracked 
| 163|0x00000004e9600000, 0x00000004e9600000, 0x00000004e9800000|  0%| F|  |TAMS 0x00000004e9600000| PB 0x00000004e9600000| Untracked 
| 164|0x00000004e9800000, 0x00000004e9800000, 0x00000004e9a00000|  0%| F|  |TAMS 0x00000004e9800000| PB 0x00000004e9800000| Untracked 
| 165|0x00000004e9a00000, 0x00000004e9a00000, 0x00000004e9c00000|  0%| F|  |TAMS 0x00000004e9a00000| PB 0x00000004e9a00000| Untracked 
| 166|0x00000004e9c00000, 0x00000004e9c00000, 0x00000004e9e00000|  0%| F|  |TAMS 0x00000004e9c00000| PB 0x00000004e9c00000| Untracked 
| 167|0x00000004e9e00000, 0x00000004e9e00000, 0x00000004ea000000|  0%| F|  |TAMS 0x00000004e9e00000| PB 0x00000004e9e00000| Untracked 
| 168|0x00000004ea000000, 0x00000004ea200000, 0x00000004ea200000|100%| O|  |TAMS 0x00000004ea000000| PB 0x00000004ea000000| Untracked 
| 169|0x00000004ea200000, 0x00000004ea400000, 0x00000004ea400000|100%| O|  |TAMS 0x00000004ea200000| PB 0x00000004ea200000| Untracked 
| 170|0x00000004ea400000, 0x00000004ea600000, 0x00000004ea600000|100%| O|  |TAMS 0x00000004ea400000| PB 0x00000004ea400000| Untracked 
| 171|0x00000004ea600000, 0x00000004ea800000, 0x00000004ea800000|100%| O|  |TAMS 0x00000004ea600000| PB 0x00000004ea600000| Untracked 
| 172|0x00000004ea800000, 0x00000004eaa00000, 0x00000004eaa00000|100%| O|  |TAMS 0x00000004ea800000| PB 0x00000004ea800000| Untracked 
| 173|0x00000004eaa00000, 0x00000004eac00000, 0x00000004eac00000|100%| O|  |TAMS 0x00000004eaa00000| PB 0x00000004eaa00000| Untracked 
| 174|0x00000004eac00000, 0x00000004eae00000, 0x00000004eae00000|100%| O|  |TAMS 0x00000004eac00000| PB 0x00000004eac00000| Untracked 
| 175|0x00000004eae00000, 0x00000004eaec2120, 0x00000004eb000000| 37%| O|  |TAMS 0x00000004eae00000| PB 0x00000004eae00000| Untracked 
| 176|0x00000004eb000000, 0x00000004eb000000, 0x00000004eb200000|  0%| F|  |TAMS 0x00000004eb000000| PB 0x00000004eb000000| Untracked 
| 177|0x00000004eb200000, 0x00000004eb200000, 0x00000004eb400000|  0%| F|  |TAMS 0x00000004eb200000| PB 0x00000004eb200000| Untracked 
| 178|0x00000004eb400000, 0x00000004eb400000, 0x00000004eb600000|  0%| F|  |TAMS 0x00000004eb400000| PB 0x00000004eb400000| Untracked 
| 179|0x00000004eb600000, 0x00000004eb600000, 0x00000004eb800000|  0%| F|  |TAMS 0x00000004eb600000| PB 0x00000004eb600000| Untracked 
| 180|0x00000004eb800000, 0x00000004eb800000, 0x00000004eba00000|  0%| F|  |TAMS 0x00000004eb800000| PB 0x00000004eb800000| Untracked 
| 181|0x00000004eba00000, 0x00000004eba00000, 0x00000004ebc00000|  0%| F|  |TAMS 0x00000004eba00000| PB 0x00000004eba00000| Untracked 
| 182|0x00000004ebc00000, 0x00000004ebc00000, 0x00000004ebe00000|  0%| F|  |TAMS 0x00000004ebc00000| PB 0x00000004ebc00000| Untracked 
| 183|0x00000004ebe00000, 0x00000004ebe00000, 0x00000004ec000000|  0%| F|  |TAMS 0x00000004ebe00000| PB 0x00000004ebe00000| Untracked 
| 184|0x00000004ec000000, 0x00000004ec000000, 0x00000004ec200000|  0%| F|  |TAMS 0x00000004ec000000| PB 0x00000004ec000000| Untracked 
| 185|0x00000004ec200000, 0x00000004ec200000, 0x00000004ec400000|  0%| F|  |TAMS 0x00000004ec200000| PB 0x00000004ec200000| Untracked 
| 186|0x00000004ec400000, 0x00000004ec400000, 0x00000004ec600000|  0%| F|  |TAMS 0x00000004ec400000| PB 0x00000004ec400000| Untracked 
| 187|0x00000004ec600000, 0x00000004ec6cdb10, 0x00000004ec800000| 40%| S|CS|TAMS 0x00000004ec600000| PB 0x00000004ec600000| Complete 
| 188|0x00000004ec800000, 0x00000004eca00000, 0x00000004eca00000|100%| S|CS|TAMS 0x00000004ec800000| PB 0x00000004ec800000| Complete 
| 189|0x00000004eca00000, 0x00000004ecc00000, 0x00000004ecc00000|100%| S|CS|TAMS 0x00000004eca00000| PB 0x00000004eca00000| Complete 
| 190|0x00000004ecc00000, 0x00000004ece00000, 0x00000004ece00000|100%| S|CS|TAMS 0x00000004ecc00000| PB 0x00000004ecc00000| Complete 
| 191|0x00000004ece00000, 0x00000004ed000000, 0x00000004ed000000|100%| S|CS|TAMS 0x00000004ece00000| PB 0x00000004ece00000| Complete 
| 192|0x00000004ed000000, 0x00000004ed200000, 0x00000004ed200000|100%| S|CS|TAMS 0x00000004ed000000| PB 0x00000004ed000000| Complete 
| 193|0x00000004ed200000, 0x00000004ed400000, 0x00000004ed400000|100%| S|CS|TAMS 0x00000004ed200000| PB 0x00000004ed200000| Complete 
| 194|0x00000004ed400000, 0x00000004ed600000, 0x00000004ed600000|100%| S|CS|TAMS 0x00000004ed400000| PB 0x00000004ed400000| Complete 
| 195|0x00000004ed600000, 0x00000004ed800000, 0x00000004ed800000|100%| S|CS|TAMS 0x00000004ed600000| PB 0x00000004ed600000| Complete 
| 196|0x00000004ed800000, 0x00000004ed800000, 0x00000004eda00000|  0%| F|  |TAMS 0x00000004ed800000| PB 0x00000004ed800000| Untracked 
| 197|0x00000004eda00000, 0x00000004eda00000, 0x00000004edc00000|  0%| F|  |TAMS 0x00000004eda00000| PB 0x00000004eda00000| Untracked 
| 198|0x00000004edc00000, 0x00000004edc00000, 0x00000004ede00000|  0%| F|  |TAMS 0x00000004edc00000| PB 0x00000004edc00000| Untracked 
| 199|0x00000004ede00000, 0x00000004ede00000, 0x00000004ee000000|  0%| F|  |TAMS 0x00000004ede00000| PB 0x00000004ede00000| Untracked 
| 200|0x00000004ee000000, 0x00000004ee000000, 0x00000004ee200000|  0%| F|  |TAMS 0x00000004ee000000| PB 0x00000004ee000000| Untracked 
| 201|0x00000004ee200000, 0x00000004ee200000, 0x00000004ee400000|  0%| F|  |TAMS 0x00000004ee200000| PB 0x00000004ee200000| Untracked 
| 202|0x00000004ee400000, 0x00000004ee400000, 0x00000004ee600000|  0%| F|  |TAMS 0x00000004ee400000| PB 0x00000004ee400000| Untracked 
| 203|0x00000004ee600000, 0x00000004ee600000, 0x00000004ee800000|  0%| F|  |TAMS 0x00000004ee600000| PB 0x00000004ee600000| Untracked 
| 204|0x00000004ee800000, 0x00000004ee800000, 0x00000004eea00000|  0%| F|  |TAMS 0x00000004ee800000| PB 0x00000004ee800000| Untracked 
| 205|0x00000004eea00000, 0x00000004eea00000, 0x00000004eec00000|  0%| F|  |TAMS 0x00000004eea00000| PB 0x00000004eea00000| Untracked 
| 206|0x00000004eec00000, 0x00000004eec00000, 0x00000004eee00000|  0%| F|  |TAMS 0x00000004eec00000| PB 0x00000004eec00000| Untracked 
| 207|0x00000004eee00000, 0x00000004eee00000, 0x00000004ef000000|  0%| F|  |TAMS 0x00000004eee00000| PB 0x00000004eee00000| Untracked 
| 208|0x00000004ef000000, 0x00000004ef000000, 0x00000004ef200000|  0%| F|  |TAMS 0x00000004ef000000| PB 0x00000004ef000000| Untracked 
| 209|0x00000004ef200000, 0x00000004ef200000, 0x00000004ef400000|  0%| F|  |TAMS 0x00000004ef200000| PB 0x00000004ef200000| Untracked 
| 210|0x00000004ef400000, 0x00000004ef400000, 0x00000004ef600000|  0%| F|  |TAMS 0x00000004ef400000| PB 0x00000004ef400000| Untracked 
| 211|0x00000004ef600000, 0x00000004ef600000, 0x00000004ef800000|  0%| F|  |TAMS 0x00000004ef600000| PB 0x00000004ef600000| Untracked 
| 212|0x00000004ef800000, 0x00000004ef800000, 0x00000004efa00000|  0%| F|  |TAMS 0x00000004ef800000| PB 0x00000004ef800000| Untracked 
| 213|0x00000004efa00000, 0x00000004efa00000, 0x00000004efc00000|  0%| F|  |TAMS 0x00000004efa00000| PB 0x00000004efa00000| Untracked 
| 214|0x00000004efc00000, 0x00000004efc00000, 0x00000004efe00000|  0%| F|  |TAMS 0x00000004efc00000| PB 0x00000004efc00000| Untracked 
| 215|0x00000004efe00000, 0x00000004efe00000, 0x00000004f0000000|  0%| F|  |TAMS 0x00000004efe00000| PB 0x00000004efe00000| Untracked 
| 216|0x00000004f0000000, 0x00000004f0000000, 0x00000004f0200000|  0%| F|  |TAMS 0x00000004f0000000| PB 0x00000004f0000000| Untracked 
| 217|0x00000004f0200000, 0x00000004f0200000, 0x00000004f0400000|  0%| F|  |TAMS 0x00000004f0200000| PB 0x00000004f0200000| Untracked 
| 218|0x00000004f0400000, 0x00000004f0400000, 0x00000004f0600000|  0%| F|  |TAMS 0x00000004f0400000| PB 0x00000004f0400000| Untracked 
| 219|0x00000004f0600000, 0x00000004f0600000, 0x00000004f0800000|  0%| F|  |TAMS 0x00000004f0600000| PB 0x00000004f0600000| Untracked 
| 220|0x00000004f0800000, 0x00000004f0800000, 0x00000004f0a00000|  0%| F|  |TAMS 0x00000004f0800000| PB 0x00000004f0800000| Untracked 
| 221|0x00000004f0a00000, 0x00000004f0a00000, 0x00000004f0c00000|  0%| F|  |TAMS 0x00000004f0a00000| PB 0x00000004f0a00000| Untracked 
| 222|0x00000004f0c00000, 0x00000004f0c00000, 0x00000004f0e00000|  0%| F|  |TAMS 0x00000004f0c00000| PB 0x00000004f0c00000| Untracked 
| 223|0x00000004f0e00000, 0x00000004f0e00000, 0x00000004f1000000|  0%| F|  |TAMS 0x00000004f0e00000| PB 0x00000004f0e00000| Untracked 
| 224|0x00000004f1000000, 0x00000004f1000000, 0x00000004f1200000|  0%| F|  |TAMS 0x00000004f1000000| PB 0x00000004f1000000| Untracked 
| 225|0x00000004f1200000, 0x00000004f1200000, 0x00000004f1400000|  0%| F|  |TAMS 0x00000004f1200000| PB 0x00000004f1200000| Untracked 
| 226|0x00000004f1400000, 0x00000004f1400000, 0x00000004f1600000|  0%| F|  |TAMS 0x00000004f1400000| PB 0x00000004f1400000| Untracked 
| 227|0x00000004f1600000, 0x00000004f1600000, 0x00000004f1800000|  0%| F|  |TAMS 0x00000004f1600000| PB 0x00000004f1600000| Untracked 
| 228|0x00000004f1800000, 0x00000004f1800000, 0x00000004f1a00000|  0%| F|  |TAMS 0x00000004f1800000| PB 0x00000004f1800000| Untracked 
| 229|0x00000004f1a00000, 0x00000004f1a00000, 0x00000004f1c00000|  0%| F|  |TAMS 0x00000004f1a00000| PB 0x00000004f1a00000| Untracked 
| 230|0x00000004f1c00000, 0x00000004f1c00000, 0x00000004f1e00000|  0%| F|  |TAMS 0x00000004f1c00000| PB 0x00000004f1c00000| Untracked 
| 231|0x00000004f1e00000, 0x00000004f1e00000, 0x00000004f2000000|  0%| F|  |TAMS 0x00000004f1e00000| PB 0x00000004f1e00000| Untracked 
| 232|0x00000004f2000000, 0x00000004f2000000, 0x00000004f2200000|  0%| F|  |TAMS 0x00000004f2000000| PB 0x00000004f2000000| Untracked 
| 233|0x00000004f2200000, 0x00000004f2200000, 0x00000004f2400000|  0%| F|  |TAMS 0x00000004f2200000| PB 0x00000004f2200000| Untracked 
| 234|0x00000004f2400000, 0x00000004f2400000, 0x00000004f2600000|  0%| F|  |TAMS 0x00000004f2400000| PB 0x00000004f2400000| Untracked 
| 235|0x00000004f2600000, 0x00000004f2600000, 0x00000004f2800000|  0%| F|  |TAMS 0x00000004f2600000| PB 0x00000004f2600000| Untracked 
| 236|0x00000004f2800000, 0x00000004f2800000, 0x00000004f2a00000|  0%| F|  |TAMS 0x00000004f2800000| PB 0x00000004f2800000| Untracked 
| 237|0x00000004f2a00000, 0x00000004f2a00000, 0x00000004f2c00000|  0%| F|  |TAMS 0x00000004f2a00000| PB 0x00000004f2a00000| Untracked 
| 238|0x00000004f2c00000, 0x00000004f2c00000, 0x00000004f2e00000|  0%| F|  |TAMS 0x00000004f2c00000| PB 0x00000004f2c00000| Untracked 
| 239|0x00000004f2e00000, 0x00000004f2e00000, 0x00000004f3000000|  0%| F|  |TAMS 0x00000004f2e00000| PB 0x00000004f2e00000| Untracked 
| 240|0x00000004f3000000, 0x00000004f3000000, 0x00000004f3200000|  0%| F|  |TAMS 0x00000004f3000000| PB 0x00000004f3000000| Untracked 
| 241|0x00000004f3200000, 0x00000004f3200000, 0x00000004f3400000|  0%| F|  |TAMS 0x00000004f3200000| PB 0x00000004f3200000| Untracked 
| 242|0x00000004f3400000, 0x00000004f3400000, 0x00000004f3600000|  0%| F|  |TAMS 0x00000004f3400000| PB 0x00000004f3400000| Untracked 
| 243|0x00000004f3600000, 0x00000004f3600000, 0x00000004f3800000|  0%| F|  |TAMS 0x00000004f3600000| PB 0x00000004f3600000| Untracked 
| 244|0x00000004f3800000, 0x00000004f3800000, 0x00000004f3a00000|  0%| F|  |TAMS 0x00000004f3800000| PB 0x00000004f3800000| Untracked 
| 245|0x00000004f3a00000, 0x00000004f3a00000, 0x00000004f3c00000|  0%| F|  |TAMS 0x00000004f3a00000| PB 0x00000004f3a00000| Untracked 
| 246|0x00000004f3c00000, 0x00000004f3c00000, 0x00000004f3e00000|  0%| F|  |TAMS 0x00000004f3c00000| PB 0x00000004f3c00000| Untracked 
| 247|0x00000004f3e00000, 0x00000004f3e00000, 0x00000004f4000000|  0%| F|  |TAMS 0x00000004f3e00000| PB 0x00000004f3e00000| Untracked 
| 248|0x00000004f4000000, 0x00000004f4000000, 0x00000004f4200000|  0%| F|  |TAMS 0x00000004f4000000| PB 0x00000004f4000000| Untracked 
| 249|0x00000004f4200000, 0x00000004f4200000, 0x00000004f4400000|  0%| F|  |TAMS 0x00000004f4200000| PB 0x00000004f4200000| Untracked 
| 250|0x00000004f4400000, 0x00000004f4400000, 0x00000004f4600000|  0%| F|  |TAMS 0x00000004f4400000| PB 0x00000004f4400000| Untracked 
| 251|0x00000004f4600000, 0x00000004f4600000, 0x00000004f4800000|  0%| F|  |TAMS 0x00000004f4600000| PB 0x00000004f4600000| Untracked 
| 252|0x00000004f4800000, 0x00000004f4800000, 0x00000004f4a00000|  0%| F|  |TAMS 0x00000004f4800000| PB 0x00000004f4800000| Untracked 
| 253|0x00000004f4a00000, 0x00000004f4a00000, 0x00000004f4c00000|  0%| F|  |TAMS 0x00000004f4a00000| PB 0x00000004f4a00000| Untracked 
| 254|0x00000004f4c00000, 0x00000004f4c00000, 0x00000004f4e00000|  0%| F|  |TAMS 0x00000004f4c00000| PB 0x00000004f4c00000| Untracked 
| 255|0x00000004f4e00000, 0x00000004f4e00000, 0x00000004f5000000|  0%| F|  |TAMS 0x00000004f4e00000| PB 0x00000004f4e00000| Untracked 
| 256|0x00000004f5000000, 0x00000004f5000000, 0x00000004f5200000|  0%| F|  |TAMS 0x00000004f5000000| PB 0x00000004f5000000| Untracked 
| 257|0x00000004f5200000, 0x00000004f5200000, 0x00000004f5400000|  0%| F|  |TAMS 0x00000004f5200000| PB 0x00000004f5200000| Untracked 
| 258|0x00000004f5400000, 0x00000004f5400000, 0x00000004f5600000|  0%| F|  |TAMS 0x00000004f5400000| PB 0x00000004f5400000| Untracked 
| 259|0x00000004f5600000, 0x00000004f5600000, 0x00000004f5800000|  0%| F|  |TAMS 0x00000004f5600000| PB 0x00000004f5600000| Untracked 
| 260|0x00000004f5800000, 0x00000004f5800000, 0x00000004f5a00000|  0%| F|  |TAMS 0x00000004f5800000| PB 0x00000004f5800000| Untracked 
| 261|0x00000004f5a00000, 0x00000004f5a00000, 0x00000004f5c00000|  0%| F|  |TAMS 0x00000004f5a00000| PB 0x00000004f5a00000| Untracked 
| 262|0x00000004f5c00000, 0x00000004f5c00000, 0x00000004f5e00000|  0%| F|  |TAMS 0x00000004f5c00000| PB 0x00000004f5c00000| Untracked 
| 263|0x00000004f5e00000, 0x00000004f5e00000, 0x00000004f6000000|  0%| F|  |TAMS 0x00000004f5e00000| PB 0x00000004f5e00000| Untracked 
| 264|0x00000004f6000000, 0x00000004f6000000, 0x00000004f6200000|  0%| F|  |TAMS 0x00000004f6000000| PB 0x00000004f6000000| Untracked 
| 265|0x00000004f6200000, 0x00000004f6200000, 0x00000004f6400000|  0%| F|  |TAMS 0x00000004f6200000| PB 0x00000004f6200000| Untracked 
| 266|0x00000004f6400000, 0x00000004f6400000, 0x00000004f6600000|  0%| F|  |TAMS 0x00000004f6400000| PB 0x00000004f6400000| Untracked 
| 267|0x00000004f6600000, 0x00000004f6600000, 0x00000004f6800000|  0%| F|  |TAMS 0x00000004f6600000| PB 0x00000004f6600000| Untracked 
| 268|0x00000004f6800000, 0x00000004f6800000, 0x00000004f6a00000|  0%| F|  |TAMS 0x00000004f6800000| PB 0x00000004f6800000| Untracked 
| 269|0x00000004f6a00000, 0x00000004f6a00000, 0x00000004f6c00000|  0%| F|  |TAMS 0x00000004f6a00000| PB 0x00000004f6a00000| Untracked 
| 270|0x00000004f6c00000, 0x00000004f6c00000, 0x00000004f6e00000|  0%| F|  |TAMS 0x00000004f6c00000| PB 0x00000004f6c00000| Untracked 
| 271|0x00000004f6e00000, 0x00000004f6e00000, 0x00000004f7000000|  0%| F|  |TAMS 0x00000004f6e00000| PB 0x00000004f6e00000| Untracked 
| 272|0x00000004f7000000, 0x00000004f7000000, 0x00000004f7200000|  0%| F|  |TAMS 0x00000004f7000000| PB 0x00000004f7000000| Untracked 
| 273|0x00000004f7200000, 0x00000004f7200000, 0x00000004f7400000|  0%| F|  |TAMS 0x00000004f7200000| PB 0x00000004f7200000| Untracked 
| 274|0x00000004f7400000, 0x00000004f7400000, 0x00000004f7600000|  0%| F|  |TAMS 0x00000004f7400000| PB 0x00000004f7400000| Untracked 
| 275|0x00000004f7600000, 0x00000004f7600000, 0x00000004f7800000|  0%| F|  |TAMS 0x00000004f7600000| PB 0x00000004f7600000| Untracked 
| 276|0x00000004f7800000, 0x00000004f7800000, 0x00000004f7a00000|  0%| F|  |TAMS 0x00000004f7800000| PB 0x00000004f7800000| Untracked 
| 277|0x00000004f7a00000, 0x00000004f7a00000, 0x00000004f7c00000|  0%| F|  |TAMS 0x00000004f7a00000| PB 0x00000004f7a00000| Untracked 
| 278|0x00000004f7c00000, 0x00000004f7c00000, 0x00000004f7e00000|  0%| F|  |TAMS 0x00000004f7c00000| PB 0x00000004f7c00000| Untracked 
| 279|0x00000004f7e00000, 0x00000004f7e00000, 0x00000004f8000000|  0%| F|  |TAMS 0x00000004f7e00000| PB 0x00000004f7e00000| Untracked 
| 280|0x00000004f8000000, 0x00000004f8000000, 0x00000004f8200000|  0%| F|  |TAMS 0x00000004f8000000| PB 0x00000004f8000000| Untracked 
| 281|0x00000004f8200000, 0x00000004f8200000, 0x00000004f8400000|  0%| F|  |TAMS 0x00000004f8200000| PB 0x00000004f8200000| Untracked 
| 282|0x00000004f8400000, 0x00000004f8400000, 0x00000004f8600000|  0%| F|  |TAMS 0x00000004f8400000| PB 0x00000004f8400000| Untracked 
| 283|0x00000004f8600000, 0x00000004f8600000, 0x00000004f8800000|  0%| F|  |TAMS 0x00000004f8600000| PB 0x00000004f8600000| Untracked 
| 284|0x00000004f8800000, 0x00000004f8800000, 0x00000004f8a00000|  0%| F|  |TAMS 0x00000004f8800000| PB 0x00000004f8800000| Untracked 
| 285|0x00000004f8a00000, 0x00000004f8a00000, 0x00000004f8c00000|  0%| F|  |TAMS 0x00000004f8a00000| PB 0x00000004f8a00000| Untracked 
| 286|0x00000004f8c00000, 0x00000004f8c00000, 0x00000004f8e00000|  0%| F|  |TAMS 0x00000004f8c00000| PB 0x00000004f8c00000| Untracked 
| 287|0x00000004f8e00000, 0x00000004f8e00000, 0x00000004f9000000|  0%| F|  |TAMS 0x00000004f8e00000| PB 0x00000004f8e00000| Untracked 
| 288|0x00000004f9000000, 0x00000004f9000000, 0x00000004f9200000|  0%| F|  |TAMS 0x00000004f9000000| PB 0x00000004f9000000| Untracked 
| 289|0x00000004f9200000, 0x00000004f9200000, 0x00000004f9400000|  0%| F|  |TAMS 0x00000004f9200000| PB 0x00000004f9200000| Untracked 
| 290|0x00000004f9400000, 0x00000004f9400000, 0x00000004f9600000|  0%| F|  |TAMS 0x00000004f9400000| PB 0x00000004f9400000| Untracked 
| 291|0x00000004f9600000, 0x00000004f9600000, 0x00000004f9800000|  0%| F|  |TAMS 0x00000004f9600000| PB 0x00000004f9600000| Untracked 
| 292|0x00000004f9800000, 0x00000004f9800000, 0x00000004f9a00000|  0%| F|  |TAMS 0x00000004f9800000| PB 0x00000004f9800000| Untracked 
| 293|0x00000004f9a00000, 0x00000004f9a00000, 0x00000004f9c00000|  0%| F|  |TAMS 0x00000004f9a00000| PB 0x00000004f9a00000| Untracked 
| 294|0x00000004f9c00000, 0x00000004f9c00000, 0x00000004f9e00000|  0%| F|  |TAMS 0x00000004f9c00000| PB 0x00000004f9c00000| Untracked 
| 295|0x00000004f9e00000, 0x00000004f9e00000, 0x00000004fa000000|  0%| F|  |TAMS 0x00000004f9e00000| PB 0x00000004f9e00000| Untracked 
| 296|0x00000004fa000000, 0x00000004fa11b450, 0x00000004fa200000| 55%| E|  |TAMS 0x00000004fa000000| PB 0x00000004fa000000| Complete 
| 297|0x00000004fa200000, 0x00000004fa400000, 0x00000004fa400000|100%| E|CS|TAMS 0x00000004fa200000| PB 0x00000004fa200000| Complete 
| 298|0x00000004fa400000, 0x00000004fa600000, 0x00000004fa600000|100%| E|CS|TAMS 0x00000004fa400000| PB 0x00000004fa400000| Complete 
| 299|0x00000004fa600000, 0x00000004fa800000, 0x00000004fa800000|100%| E|CS|TAMS 0x00000004fa600000| PB 0x00000004fa600000| Complete 
| 300|0x00000004fa800000, 0x00000004faa00000, 0x00000004faa00000|100%| E|CS|TAMS 0x00000004fa800000| PB 0x00000004fa800000| Complete 
| 301|0x00000004faa00000, 0x00000004fac00000, 0x00000004fac00000|100%| E|CS|TAMS 0x00000004faa00000| PB 0x00000004faa00000| Complete 
| 302|0x00000004fac00000, 0x00000004fae00000, 0x00000004fae00000|100%| E|CS|TAMS 0x00000004fac00000| PB 0x00000004fac00000| Complete 
| 303|0x00000004fae00000, 0x00000004fb000000, 0x00000004fb000000|100%| E|CS|TAMS 0x00000004fae00000| PB 0x00000004fae00000| Complete 
| 304|0x00000004fb000000, 0x00000004fb200000, 0x00000004fb200000|100%| E|CS|TAMS 0x00000004fb000000| PB 0x00000004fb000000| Complete 
| 305|0x00000004fb200000, 0x00000004fb400000, 0x00000004fb400000|100%| E|CS|TAMS 0x00000004fb200000| PB 0x00000004fb200000| Complete 
| 306|0x00000004fb400000, 0x00000004fb600000, 0x00000004fb600000|100%| E|CS|TAMS 0x00000004fb400000| PB 0x00000004fb400000| Complete 
| 307|0x00000004fb600000, 0x00000004fb800000, 0x00000004fb800000|100%| E|CS|TAMS 0x00000004fb600000| PB 0x00000004fb600000| Complete 
| 308|0x00000004fb800000, 0x00000004fba00000, 0x00000004fba00000|100%| E|CS|TAMS 0x00000004fb800000| PB 0x00000004fb800000| Complete 
| 309|0x00000004fba00000, 0x00000004fbc00000, 0x00000004fbc00000|100%| E|CS|TAMS 0x00000004fba00000| PB 0x00000004fba00000| Complete 
| 310|0x00000004fbc00000, 0x00000004fbe00000, 0x00000004fbe00000|100%| E|CS|TAMS 0x00000004fbc00000| PB 0x00000004fbc00000| Complete 
| 311|0x00000004fbe00000, 0x00000004fc000000, 0x00000004fc000000|100%| E|CS|TAMS 0x00000004fbe00000| PB 0x00000004fbe00000| Complete 
| 312|0x00000004fc000000, 0x00000004fc200000, 0x00000004fc200000|100%| E|CS|TAMS 0x00000004fc000000| PB 0x00000004fc000000| Complete 
| 313|0x00000004fc200000, 0x00000004fc400000, 0x00000004fc400000|100%| E|CS|TAMS 0x00000004fc200000| PB 0x00000004fc200000| Complete 
| 314|0x00000004fc400000, 0x00000004fc600000, 0x00000004fc600000|100%| E|CS|TAMS 0x00000004fc400000| PB 0x00000004fc400000| Complete 
| 315|0x00000004fc600000, 0x00000004fc800000, 0x00000004fc800000|100%| E|CS|TAMS 0x00000004fc600000| PB 0x00000004fc600000| Complete 
| 316|0x00000004fc800000, 0x00000004fca00000, 0x00000004fca00000|100%| E|CS|TAMS 0x00000004fc800000| PB 0x00000004fc800000| Complete 
| 317|0x00000004fca00000, 0x00000004fcc00000, 0x00000004fcc00000|100%| E|CS|TAMS 0x00000004fca00000| PB 0x00000004fca00000| Complete 
| 318|0x00000004fcc00000, 0x00000004fce00000, 0x00000004fce00000|100%| E|CS|TAMS 0x00000004fcc00000| PB 0x00000004fcc00000| Complete 
| 319|0x00000004fce00000, 0x00000004fd000000, 0x00000004fd000000|100%| E|CS|TAMS 0x00000004fce00000| PB 0x00000004fce00000| Complete 
| 320|0x00000004fd000000, 0x00000004fd200000, 0x00000004fd200000|100%| E|CS|TAMS 0x00000004fd000000| PB 0x00000004fd000000| Complete 
| 321|0x00000004fd200000, 0x00000004fd400000, 0x00000004fd400000|100%| E|CS|TAMS 0x00000004fd200000| PB 0x00000004fd200000| Complete 
| 322|0x00000004fd400000, 0x00000004fd600000, 0x00000004fd600000|100%| E|CS|TAMS 0x00000004fd400000| PB 0x00000004fd400000| Complete 
| 323|0x00000004fd600000, 0x00000004fd800000, 0x00000004fd800000|100%| E|CS|TAMS 0x00000004fd600000| PB 0x00000004fd600000| Complete 
| 324|0x00000004fd800000, 0x00000004fda00000, 0x00000004fda00000|100%| E|CS|TAMS 0x00000004fd800000| PB 0x00000004fd800000| Complete 
| 325|0x00000004fda00000, 0x00000004fdc00000, 0x00000004fdc00000|100%| E|CS|TAMS 0x00000004fda00000| PB 0x00000004fda00000| Complete 
| 326|0x00000004fdc00000, 0x00000004fde00000, 0x00000004fde00000|100%| E|CS|TAMS 0x00000004fdc00000| PB 0x00000004fdc00000| Complete 
| 327|0x00000004fde00000, 0x00000004fe000000, 0x00000004fe000000|100%| E|CS|TAMS 0x00000004fde00000| PB 0x00000004fde00000| Complete 
| 328|0x00000004fe000000, 0x00000004fe200000, 0x00000004fe200000|100%| E|CS|TAMS 0x00000004fe000000| PB 0x00000004fe000000| Complete 
| 329|0x00000004fe200000, 0x00000004fe400000, 0x00000004fe400000|100%| E|CS|TAMS 0x00000004fe200000| PB 0x00000004fe200000| Complete 
| 330|0x00000004fe400000, 0x00000004fe600000, 0x00000004fe600000|100%| E|CS|TAMS 0x00000004fe400000| PB 0x00000004fe400000| Complete 
| 331|0x00000004fe600000, 0x00000004fe800000, 0x00000004fe800000|100%| E|CS|TAMS 0x00000004fe600000| PB 0x00000004fe600000| Complete 
| 332|0x00000004fe800000, 0x00000004fea00000, 0x00000004fea00000|100%| E|CS|TAMS 0x00000004fe800000| PB 0x00000004fe800000| Complete 
| 333|0x00000004fea00000, 0x00000004fec00000, 0x00000004fec00000|100%| E|CS|TAMS 0x00000004fea00000| PB 0x00000004fea00000| Complete 
| 334|0x00000004fec00000, 0x00000004fee00000, 0x00000004fee00000|100%| E|CS|TAMS 0x00000004fec00000| PB 0x00000004fec00000| Complete 
| 335|0x00000004fee00000, 0x00000004ff000000, 0x00000004ff000000|100%| E|CS|TAMS 0x00000004fee00000| PB 0x00000004fee00000| Complete 
| 336|0x00000004ff000000, 0x00000004ff200000, 0x00000004ff200000|100%| E|CS|TAMS 0x00000004ff000000| PB 0x00000004ff000000| Complete 
| 337|0x00000004ff200000, 0x00000004ff400000, 0x00000004ff400000|100%| E|CS|TAMS 0x00000004ff200000| PB 0x00000004ff200000| Complete 
| 338|0x00000004ff400000, 0x00000004ff600000, 0x00000004ff600000|100%| E|CS|TAMS 0x00000004ff400000| PB 0x00000004ff400000| Complete 
| 339|0x00000004ff600000, 0x00000004ff800000, 0x00000004ff800000|100%| E|CS|TAMS 0x00000004ff600000| PB 0x00000004ff600000| Complete 
| 340|0x00000004ff800000, 0x00000004ffa00000, 0x00000004ffa00000|100%| E|CS|TAMS 0x00000004ff800000| PB 0x00000004ff800000| Complete 
| 341|0x00000004ffa00000, 0x00000004ffc00000, 0x00000004ffc00000|100%| E|CS|TAMS 0x00000004ffa00000| PB 0x00000004ffa00000| Complete 
| 342|0x00000004ffc00000, 0x00000004ffe00000, 0x00000004ffe00000|100%| E|CS|TAMS 0x00000004ffc00000| PB 0x00000004ffc00000| Complete 
| 343|0x00000004ffe00000, 0x0000000500000000, 0x0000000500000000|100%| E|CS|TAMS 0x00000004ffe00000| PB 0x00000004ffe00000| Complete 
| 344|0x0000000500000000, 0x0000000500200000, 0x0000000500200000|100%| E|CS|TAMS 0x0000000500000000| PB 0x0000000500000000| Complete 
| 345|0x0000000500200000, 0x0000000500400000, 0x0000000500400000|100%| E|CS|TAMS 0x0000000500200000| PB 0x0000000500200000| Complete 
| 346|0x0000000500400000, 0x0000000500600000, 0x0000000500600000|100%| E|CS|TAMS 0x0000000500400000| PB 0x0000000500400000| Complete 
| 347|0x0000000500600000, 0x0000000500800000, 0x0000000500800000|100%| E|CS|TAMS 0x0000000500600000| PB 0x0000000500600000| Complete 
| 348|0x0000000500800000, 0x0000000500a00000, 0x0000000500a00000|100%| E|CS|TAMS 0x0000000500800000| PB 0x0000000500800000| Complete 
| 349|0x0000000500a00000, 0x0000000500c00000, 0x0000000500c00000|100%| E|CS|TAMS 0x0000000500a00000| PB 0x0000000500a00000| Complete 
| 350|0x0000000500c00000, 0x0000000500e00000, 0x0000000500e00000|100%| E|CS|TAMS 0x0000000500c00000| PB 0x0000000500c00000| Complete 
| 351|0x0000000500e00000, 0x0000000501000000, 0x0000000501000000|100%| E|CS|TAMS 0x0000000500e00000| PB 0x0000000500e00000| Complete 
| 352|0x0000000501000000, 0x0000000501200000, 0x0000000501200000|100%| E|CS|TAMS 0x0000000501000000| PB 0x0000000501000000| Complete 
| 353|0x0000000501200000, 0x0000000501400000, 0x0000000501400000|100%| E|CS|TAMS 0x0000000501200000| PB 0x0000000501200000| Complete 
| 354|0x0000000501400000, 0x0000000501600000, 0x0000000501600000|100%| E|CS|TAMS 0x0000000501400000| PB 0x0000000501400000| Complete 
| 355|0x0000000501600000, 0x0000000501800000, 0x0000000501800000|100%| E|CS|TAMS 0x0000000501600000| PB 0x0000000501600000| Complete 
|2034|0x00000005d3400000, 0x00000005d3600000, 0x00000005d3600000|100%| O|  |TAMS 0x00000005d3400000| PB 0x00000005d3400000| Untracked 
|2035|0x00000005d3600000, 0x00000005d3800000, 0x00000005d3800000|100%| O|  |TAMS 0x00000005d3600000| PB 0x00000005d3600000| Untracked 
|2036|0x00000005d3800000, 0x00000005d3a00000, 0x00000005d3a00000|100%| O|  |TAMS 0x00000005d3800000| PB 0x00000005d3800000| Untracked 
|2037|0x00000005d3a00000, 0x00000005d3c00000, 0x00000005d3c00000|100%| O|  |TAMS 0x00000005d3a00000| PB 0x00000005d3a00000| Untracked 
|2038|0x00000005d3c00000, 0x00000005d3e00000, 0x00000005d3e00000|100%| O|  |TAMS 0x00000005d3c00000| PB 0x00000005d3c00000| Untracked 
|2039|0x00000005d3e00000, 0x00000005d4000000, 0x00000005d4000000|100%| O|  |TAMS 0x00000005d3e00000| PB 0x00000005d3e00000| Untracked 
|2040|0x00000005d4000000, 0x00000005d4200000, 0x00000005d4200000|100%| E|CS|TAMS 0x00000005d4000000| PB 0x00000005d4000000| Complete 
|2041|0x00000005d4200000, 0x00000005d4400000, 0x00000005d4400000|100%| O|  |TAMS 0x00000005d4200000| PB 0x00000005d4200000| Untracked 
|2042|0x00000005d4400000, 0x00000005d4600000, 0x00000005d4600000|100%| O|  |TAMS 0x00000005d4400000| PB 0x00000005d4400000| Untracked 
|2043|0x00000005d4600000, 0x00000005d4800000, 0x00000005d4800000|100%| O|  |TAMS 0x00000005d4600000| PB 0x00000005d4600000| Untracked 
|2044|0x00000005d4800000, 0x00000005d4a00000, 0x00000005d4a00000|100%| O|  |TAMS 0x00000005d4800000| PB 0x00000005d4800000| Untracked 
|2045|0x00000005d4a00000, 0x00000005d4c00000, 0x00000005d4c00000|100%| O|  |TAMS 0x00000005d4a00000| PB 0x00000005d4a00000| Untracked 
|2046|0x00000005d4c00000, 0x00000005d4e00000, 0x00000005d4e00000|100%| O|  |TAMS 0x00000005d4c00000| PB 0x00000005d4c00000| Untracked 
|2047|0x00000005d4e00000, 0x00000005d5000000, 0x00000005d5000000|100%| E|CS|TAMS 0x00000005d4e00000| PB 0x00000005d4e00000| Complete 

Card table byte_map: [0x0000000120538000,0x0000000120d38000] _byte_map_base: 0x000000011de90000

Marking Bits: (CMBitMap*) 0x0000000102826a90
 Bits: [0x0000000120d38000, 0x0000000124d38000)

Polling page: 0x00000001022ec000

Metaspace:

Usage:
  Non-class:    208.18 MB used.
      Class:     30.73 MB used.
       Both:    238.91 MB used.

Virtual space:
  Non-class space:      256.00 MB reserved,     210.00 MB ( 82%) committed,  4 nodes.
      Class space:        1.00 GB reserved,      32.62 MB (  3%) committed,  1 nodes.
             Both:        1.25 GB reserved,     242.62 MB ( 19%) committed. 

Chunk freelists:
   Non-Class:  13.66 MB
       Class:  15.39 MB
        Both:  29.05 MB

MaxMetaspaceSize: unlimited
CompressedClassSpaceSize: 1.00 GB
Initial GC threshold: 21.00 MB
Current GC threshold: 299.06 MB
CDS: on
 - commit_granule_bytes: 65536.
 - commit_granule_words: 8192.
 - virtual_space_node_default_size: 8388608.
 - enlarge_chunks_in_place: 1.
 - use_allocation_guard: 0.


Internal statistics:

num_allocs_failed_limit: 6.
num_arena_births: 7204.
num_arena_deaths: 0.
num_vsnodes_births: 5.
num_vsnodes_deaths: 0.
num_space_committed: 3877.
num_space_uncommitted: 0.
num_chunks_returned_to_freelist: 6.
num_chunks_taken_from_freelist: 18306.
num_chunk_merges: 6.
num_chunk_splits: 12220.
num_chunks_enlarged: 7984.
num_inconsistent_stats: 0.

CodeHeap 'non-profiled nmethods': size=120032Kb used=16720Kb max_used=16720Kb free=103311Kb
 bounds [0x0000000119000000, 0x000000011a060000, 0x0000000120538000]
CodeHeap 'profiled nmethods': size=120016Kb used=56837Kb max_used=56837Kb free=63178Kb
 bounds [0x0000000111538000, 0x0000000114cc8000, 0x0000000118a6c000]
CodeHeap 'non-nmethods': size=5712Kb used=2274Kb max_used=2274Kb free=3437Kb
 bounds [0x0000000118a6c000, 0x0000000118cdc000, 0x0000000119000000]
CodeCache: size=245760Kb, used=75831Kb, max_used=75831Kb, free=169926Kb
 total_blobs=28161, nmethods=26914, adapters=1150, full_count=0
Compilation: enabled, stopped_count=0, restarted_count=0

Compilation events (20 events):
Event: 620.103 Thread 0x0000000b608d6800 31579       1       org.gradle.internal.configuration.problems.DecoratedReportProblem::getFailure (5 bytes)
Event: 620.103 Thread 0x0000000b608d6800 nmethod 31579 0x000000011a048e90 code [0x000000011a049000, 0x000000011a0490a8]
Event: 620.103 Thread 0x0000000b608d6800 31580       1       org.gradle.internal.configuration.problems.PropertyTrace$BuildLogic::getSource (5 bytes)
Event: 620.103 Thread 0x0000000b608d6800 nmethod 31580 0x000000011a049190 code [0x000000011a049300, 0x000000011a0493a8]
Event: 620.103 Thread 0x0000000b608d6800 31603       1       org.gradle.api.internal.provider.DefaultValueSourceProviderFactory$DefaultObtainedValue::getValue (5 bytes)
Event: 620.103 Thread 0x0000000b608d6800 nmethod 31603 0x000000011a049490 code [0x000000011a049600, 0x000000011a0496a8]
Event: 620.186 Thread 0x0000000b608d6800 31605       2       java.util.concurrent.ThreadPoolExecutor::runStateLessThan (11 bytes)
Event: 620.186 Thread 0x0000000b608d6800 nmethod 31605 0x0000000114cb7710 code [0x0000000114cb7880, 0x0000000114cb7960]
Event: 620.194 Thread 0x0000000b608d6800 31606       2       org.gradle.internal.logging.events.StyledTextOutputEvent$Span::<init> (15 bytes)
Event: 620.194 Thread 0x0000000b608d6800 nmethod 31606 0x0000000114cb7a10 code [0x0000000114cb7b80, 0x0000000114cb7d30]
Event: 620.194 Thread 0x0000000b608d6800 31607       2       org.gradle.internal.logging.console.StyledTextOutputBackedRenderer$OutputEventTextOutputImpl::doStyleChange (12 bytes)
Event: 620.194 Thread 0x0000000b608d6800 nmethod 31607 0x0000000114cb7e10 code [0x0000000114cb7fc0, 0x0000000114cb8128]
Event: 620.194 Thread 0x0000000b608d6800 31608       2       org.gradle.internal.logging.services.LoggingBackedStyledTextOutput::doLineText (10 bytes)
Event: 620.194 Thread 0x0000000b608d6800 nmethod 31608 0x0000000114cb8210 code [0x0000000114cb83c0, 0x0000000114cb8530]
Event: 620.204 Thread 0x0000000b608d6800 31609       2       org.gradle.internal.serialize.ListSerializer::write (52 bytes)
Event: 620.204 Thread 0x0000000b608d6800 nmethod 31609 0x0000000114cb8610 code [0x0000000114cb8840, 0x0000000114cb8bb8]
Event: 620.204 Thread 0x0000000b608d6800 31610       2       org.gradle.internal.logging.serializer.SpanSerializer::write (10 bytes)
Event: 620.204 Thread 0x0000000b608d6800 nmethod 31610 0x0000000114cb8d90 code [0x0000000114cb8f40, 0x0000000114cb9150]
Event: 620.204 Thread 0x0000000b608d6800 31611       2       org.gradle.internal.logging.serializer.SpanSerializer::write (25 bytes)
Event: 620.204 Thread 0x0000000b608d6800 nmethod 31611 0x0000000114cb9290 code [0x0000000114cb9440, 0x0000000114cb9628]

GC Heap History (20 events):
Event: 12.912 GC heap before
{Heap before GC invocations=49 (full 0):
 garbage-first heap   total 366592K, used 336126K [0x00000004d5000000, 0x00000005d5000000)
  region size 2048K, 62 young (126976K), 7 survivors (14336K)
 Metaspace       used 150776K, committed 153664K, reserved 1245184K
  class space    used 20774K, committed 22208K, reserved 1048576K
}
Event: 12.918 GC heap after
{Heap after GC invocations=50 (full 0):
 garbage-first heap   total 366592K, used 232290K [0x00000004d5000000, 0x00000005d5000000)
  region size 2048K, 7 young (14336K), 7 survivors (14336K)
 Metaspace       used 150776K, committed 153664K, reserved 1245184K
  class space    used 20774K, committed 22208K, reserved 1048576K
}
Event: 13.190 GC heap before
{Heap before GC invocations=51 (full 0):
 garbage-first heap   total 393216K, used 334690K [0x00000004d5000000, 0x00000005d5000000)
  region size 2048K, 57 young (116736K), 7 survivors (14336K)
 Metaspace       used 150833K, committed 153728K, reserved 1245184K
  class space    used 20779K, committed 22208K, reserved 1048576K
}
Event: 13.195 GC heap after
{Heap after GC invocations=52 (full 0):
 garbage-first heap   total 393216K, used 242182K [0x00000004d5000000, 0x00000005d5000000)
  region size 2048K, 6 young (12288K), 6 survivors (12288K)
 Metaspace       used 150833K, committed 153728K, reserved 1245184K
  class space    used 20779K, committed 22208K, reserved 1048576K
}
Event: 13.520 GC heap before
{Heap before GC invocations=52 (full 0):
 garbage-first heap   total 393216K, used 356870K [0x00000004d5000000, 0x00000005d5000000)
  region size 2048K, 62 young (126976K), 6 survivors (12288K)
 Metaspace       used 151369K, committed 154240K, reserved 1245184K
  class space    used 20836K, committed 22272K, reserved 1048576K
}
Event: 13.526 GC heap after
{Heap after GC invocations=53 (full 0):
 garbage-first heap   total 393216K, used 249705K [0x00000004d5000000, 0x00000005d5000000)
  region size 2048K, 6 young (12288K), 6 survivors (12288K)
 Metaspace       used 151369K, committed 154240K, reserved 1245184K
  class space    used 20836K, committed 22272K, reserved 1048576K
}
Event: 13.829 GC heap before
{Heap before GC invocations=53 (full 0):
 garbage-first heap   total 393216K, used 360297K [0x00000004d5000000, 0x00000005d5000000)
  region size 2048K, 60 young (122880K), 6 survivors (12288K)
 Metaspace       used 151375K, committed 154240K, reserved 1245184K
  class space    used 20836K, committed 22272K, reserved 1048576K
}
Event: 13.834 GC heap after
{Heap after GC invocations=54 (full 0):
 garbage-first heap   total 718848K, used 261115K [0x00000004d5000000, 0x00000005d5000000)
  region size 2048K, 6 young (12288K), 6 survivors (12288K)
 Metaspace       used 151375K, committed 154240K, reserved 1245184K
  class space    used 20836K, committed 22272K, reserved 1048576K
}
Event: 14.707 GC heap before
{Heap before GC invocations=55 (full 0):
 garbage-first heap   total 718848K, used 611323K [0x00000004d5000000, 0x00000005d5000000)
  region size 2048K, 177 young (362496K), 6 survivors (12288K)
 Metaspace       used 154562K, committed 157568K, reserved 1245184K
  class space    used 21169K, committed 22656K, reserved 1048576K
}
Event: 14.715 GC heap after
{Heap after GC invocations=56 (full 0):
 garbage-first heap   total 718848K, used 283657K [0x00000004d5000000, 0x00000005d5000000)
  region size 2048K, 17 young (34816K), 17 survivors (34816K)
 Metaspace       used 154562K, committed 157568K, reserved 1245184K
  class space    used 21169K, committed 22656K, reserved 1048576K
}
Event: 544.756 GC heap before
{Heap before GC invocations=56 (full 0):
 garbage-first heap   total 718848K, used 666633K [0x00000004d5000000, 0x00000005d5000000)
  region size 2048K, 185 young (378880K), 17 survivors (34816K)
 Metaspace       used 173720K, committed 176896K, reserved 1245184K
  class space    used 23222K, committed 24768K, reserved 1048576K
}
Event: 544.862 GC heap after
{Heap after GC invocations=57 (full 0):
 garbage-first heap   total 735232K, used 303916K [0x00000004d5000000, 0x00000005d5000000)
  region size 2048K, 22 young (45056K), 22 survivors (45056K)
 Metaspace       used 173720K, committed 176896K, reserved 1245184K
  class space    used 23222K, committed 24768K, reserved 1048576K
}
Event: 545.736 GC heap before
{Heap before GC invocations=57 (full 0):
 garbage-first heap   total 735232K, used 650028K [0x00000004d5000000, 0x00000005d5000000)
  region size 2048K, 191 young (391168K), 22 survivors (45056K)
 Metaspace       used 177766K, committed 181184K, reserved 1245184K
  class space    used 23785K, committed 25536K, reserved 1048576K
}
Event: 545.759 GC heap after
{Heap after GC invocations=58 (full 0):
 garbage-first heap   total 735232K, used 324517K [0x00000004d5000000, 0x00000005d5000000)
  region size 2048K, 22 young (45056K), 22 survivors (45056K)
 Metaspace       used 177766K, committed 181184K, reserved 1245184K
  class space    used 23785K, committed 25536K, reserved 1048576K
}
Event: 546.040 GC heap before
{Heap before GC invocations=58 (full 0):
 garbage-first heap   total 735232K, used 566181K [0x00000004d5000000, 0x00000005d5000000)
  region size 2048K, 142 young (290816K), 22 survivors (45056K)
 Metaspace       used 178237K, committed 181696K, reserved 1245184K
  class space    used 23853K, committed 25600K, reserved 1048576K
}
Event: 546.054 GC heap after
{Heap after GC invocations=59 (full 0):
 garbage-first heap   total 735232K, used 331510K [0x00000004d5000000, 0x00000005d5000000)
  region size 2048K, 15 young (30720K), 15 survivors (30720K)
 Metaspace       used 178237K, committed 181696K, reserved 1245184K
  class space    used 23853K, committed 25600K, reserved 1048576K
}
Event: 549.101 GC heap before
{Heap before GC invocations=60 (full 0):
 garbage-first heap   total 735232K, used 689910K [0x00000004d5000000, 0x00000005d5000000)
  region size 2048K, 182 young (372736K), 15 survivors (30720K)
 Metaspace       used 225683K, committed 229376K, reserved 1310720K
  class space    used 29276K, committed 31168K, reserved 1048576K
}
Event: 549.127 GC heap after
{Heap after GC invocations=61 (full 0):
 garbage-first heap   total 757760K, used 372581K [0x00000004d5000000, 0x00000005d5000000)
  region size 2048K, 22 young (45056K), 22 survivors (45056K)
 Metaspace       used 225683K, committed 229376K, reserved 1310720K
  class space    used 29276K, committed 31168K, reserved 1048576K
}
Event: 550.945 GC heap before
{Heap before GC invocations=61 (full 0):
 garbage-first heap   total 757760K, used 690021K [0x00000004d5000000, 0x00000005d5000000)
  region size 2048K, 176 young (360448K), 22 survivors (45056K)
 Metaspace       used 238330K, committed 242048K, reserved 1310720K
  class space    used 30648K, committed 32576K, reserved 1048576K
}
Event: 550.991 GC heap after
{Heap after GC invocations=62 (full 0):
 garbage-first heap   total 757760K, used 353855K [0x00000004d5000000, 0x00000005d5000000)
  region size 2048K, 9 young (18432K), 9 survivors (18432K)
 Metaspace       used 238330K, committed 242048K, reserved 1310720K
  class space    used 30648K, committed 32576K, reserved 1048576K
}

Dll operation events (18 events):
Event: 0.013 Loaded shared library /Users/orly/.gradle/jdks/amazon_com_inc_-21-aarch64-os_x.2/amazon-corretto-21.jdk/Contents/Home/lib/libjava.dylib
Event: 0.056 Loaded shared library /Users/orly/.gradle/jdks/amazon_com_inc_-21-aarch64-os_x.2/amazon-corretto-21.jdk/Contents/Home/lib/libzip.dylib
Event: 0.057 Loaded shared library /Users/orly/.gradle/jdks/amazon_com_inc_-21-aarch64-os_x.2/amazon-corretto-21.jdk/Contents/Home/lib/libinstrument.dylib
Event: 0.067 Loaded shared library /Users/orly/.gradle/jdks/amazon_com_inc_-21-aarch64-os_x.2/amazon-corretto-21.jdk/Contents/Home/lib/libnio.dylib
Event: 0.070 Loaded shared library /Users/orly/.gradle/jdks/amazon_com_inc_-21-aarch64-os_x.2/amazon-corretto-21.jdk/Contents/Home/lib/libzip.dylib
Event: 0.132 Loaded shared library /Users/orly/.gradle/jdks/amazon_com_inc_-21-aarch64-os_x.2/amazon-corretto-21.jdk/Contents/Home/lib/libjimage.dylib
Event: 0.208 Loaded shared library /Users/orly/.gradle/jdks/amazon_com_inc_-21-aarch64-os_x.2/amazon-corretto-21.jdk/Contents/Home/lib/libverify.dylib
Event: 0.219 Loaded shared library /Users/orly/.gradle/jdks/amazon_com_inc_-21-aarch64-os_x.2/amazon-corretto-21.jdk/Contents/Home/lib/libnet.dylib
Event: 0.223 Loaded shared library /Users/orly/.gradle/native/660c5614fbf4a5f2a75b1949f50a0caf5cd603558e7d8a26e50b933a0cfb79d1/osx-aarch64/libnative-platform.dylib
Event: 0.235 Loaded shared library /Users/orly/.gradle/native/0.2.8/aarch64-macos/libgradle-fileevents.dylib
Event: 0.572 Loaded shared library /Users/orly/.gradle/jdks/amazon_com_inc_-21-aarch64-os_x.2/amazon-corretto-21.jdk/Contents/Home/lib/libmanagement.dylib
Event: 0.577 Loaded shared library /Users/orly/.gradle/jdks/amazon_com_inc_-21-aarch64-os_x.2/amazon-corretto-21.jdk/Contents/Home/lib/libmanagement_ext.dylib
Event: 0.640 Loaded shared library /Users/orly/.gradle/jdks/amazon_com_inc_-21-aarch64-os_x.2/amazon-corretto-21.jdk/Contents/Home/lib/libextnet.dylib
Event: 548.050 Loaded shared library /Users/orly/.gradle/jdks/amazon_com_inc_-21-aarch64-os_x.2/amazon-corretto-21.jdk/Contents/Home/lib/libawt.dylib
Event: 548.061 Loaded shared library /Users/orly/.gradle/jdks/amazon_com_inc_-21-aarch64-os_x.2/amazon-corretto-21.jdk/Contents/Home/lib/libawt_lwawt.dylib
Event: 548.077 Loaded shared library /Users/orly/.gradle/jdks/amazon_com_inc_-21-aarch64-os_x.2/amazon-corretto-21.jdk/Contents/Home/lib/libfontmanager.dylib
Event: 550.055 Loaded shared library /private/var/folders/05/0w0rwk0n7pn35pq6dn67t8bm0000gn/T/sqlite-3.41.2.2-bb72794e-6727-47c0-8f69-28c5622960f9-libsqlitejdbc.jnilib
Event: 551.365 Loaded shared library /Users/orly/.gradle/jdks/amazon_com_inc_-21-aarch64-os_x.2/amazon-corretto-21.jdk/Contents/Home/lib/librmi.dylib

Deoptimization events (20 events):
Event: 619.960 Thread 0x0000000b5e8c7100 Uncommon trap: trap_request=0xffffffbe fr.pc=0x0000000119af1e14 relative=0x0000000000000794
Event: 619.960 Thread 0x0000000b5e8c7100 Uncommon trap: reason=profile_predicate action=maybe_recompile pc=0x0000000119af1e14 method=org.gradle.api.internal.artifacts.ivyservice.ivyresolve.strategy.StaticVersionComparator.compare(Lorg/gradle/api/internal/artifacts/ivyservice/ivyresolve/strategy/
Event: 619.960 Thread 0x0000000b5e8c7100 DEOPT PACKING pc=0x0000000119af1e14 sp=0x00000001718299a0
Event: 619.960 Thread 0x0000000b5e8c7100 DEOPT UNPACKING pc=0x0000000118aaf01c sp=0x0000000171829900 mode 2
Event: 619.965 Thread 0x0000000b5e8c7100 Uncommon trap: trap_request=0xffffffbe fr.pc=0x0000000119af1e14 relative=0x0000000000000794
Event: 619.965 Thread 0x0000000b5e8c7100 Uncommon trap: reason=profile_predicate action=maybe_recompile pc=0x0000000119af1e14 method=org.gradle.api.internal.artifacts.ivyservice.ivyresolve.strategy.StaticVersionComparator.compare(Lorg/gradle/api/internal/artifacts/ivyservice/ivyresolve/strategy/
Event: 619.965 Thread 0x0000000b5e8c7100 DEOPT PACKING pc=0x0000000119af1e14 sp=0x00000001718299a0
Event: 619.965 Thread 0x0000000b5e8c7100 DEOPT UNPACKING pc=0x0000000118aaf01c sp=0x0000000171829900 mode 2
Event: 620.108 Thread 0x0000000b5e8c7100 DEOPT PACKING pc=0x0000000112fc5974 sp=0x0000000171829670
Event: 620.108 Thread 0x0000000b5e8c7100 DEOPT UNPACKING pc=0x0000000118aaee7c sp=0x0000000171829370 mode 3
Event: 620.108 Thread 0x0000000b5e8c7100 Uncommon trap: trap_request=0x00000047 fr.pc=0x00000001190e3894 relative=0x0000000000000694
Event: 620.108 Thread 0x0000000b5e8c7100 Uncommon trap: reason=unloaded action=reinterpret pc=0x00000001190e3894 method=jdk.internal.reflect.DirectConstructorHandleAccessor.newInstance([Ljava/lang/Object;)Ljava/lang/Object; @ 121 c2
Event: 620.108 Thread 0x0000000b5e8c7100 DEOPT PACKING pc=0x00000001190e3894 sp=0x0000000171829930
Event: 620.108 Thread 0x0000000b5e8c7100 DEOPT UNPACKING pc=0x0000000118aaf01c sp=0x00000001718298c0 mode 2
Event: 620.108 Thread 0x0000000b5e8c7100 DEOPT PACKING pc=0x0000000113d3779c sp=0x0000000171829b00
Event: 620.108 Thread 0x0000000b5e8c7100 DEOPT UNPACKING pc=0x0000000118aaee7c sp=0x00000001718297b0 mode 3
Event: 620.179 Thread 0x0000000b5e8c7100 Uncommon trap: trap_request=0xffffffbe fr.pc=0x00000001197d54a4 relative=0x00000000000007a4
Event: 620.179 Thread 0x0000000b5e8c7100 Uncommon trap: reason=profile_predicate action=maybe_recompile pc=0x00000001197d54a4 method=java.util.concurrent.FutureTask.awaitDone(ZJ)I @ 18 c2
Event: 620.180 Thread 0x0000000b5e8c7100 DEOPT PACKING pc=0x00000001197d54a4 sp=0x00000001718300b0
Event: 620.180 Thread 0x0000000b5e8c7100 DEOPT UNPACKING pc=0x0000000118aaf01c sp=0x0000000171830040 mode 2

Classes loaded (20 events):
Event: 560.195 Loading class javax/management/InstanceNotFoundException
Event: 560.195 Loading class javax/management/InstanceNotFoundException done
Event: 560.305 Loading class java/lang/Throwable$PrintStreamOrWriter
Event: 560.305 Loading class java/lang/Throwable$PrintStreamOrWriter done
Event: 560.314 Loading class java/util/Collections$EmptyListIterator
Event: 560.315 Loading class java/util/Collections$EmptyListIterator done
Event: 581.376 Loading class java/lang/StackStreamFactory
Event: 581.386 Loading class java/lang/StackStreamFactory done
Event: 581.388 Loading class java/lang/StackWalker$ExtendedOption
Event: 581.389 Loading class java/lang/StackWalker$ExtendedOption done
Event: 581.389 Loading class java/lang/StackStreamFactory$StackFrameTraverser
Event: 581.392 Loading class java/lang/StackStreamFactory$StackFrameTraverser done
Event: 581.392 Loading class java/lang/StackStreamFactory$WalkerState
Event: 581.392 Loading class java/lang/StackStreamFactory$WalkerState done
Event: 581.392 Loading class java/lang/StackStreamFactory$StackFrameTraverser$StackFrameBuffer
Event: 581.394 Loading class java/lang/StackStreamFactory$FrameBuffer
Event: 581.395 Loading class java/lang/StackStreamFactory$FrameBuffer done
Event: 581.395 Loading class java/lang/StackStreamFactory$StackFrameTraverser$StackFrameBuffer done
Event: 620.167 Loading class sun/misc/SharedSecrets
Event: 620.168 Loading class sun/misc/SharedSecrets done

Classes unloaded (0 events):
No events

Classes redefined (0 events):
No events

Internal exceptions (20 events):
Event: 560.364 Thread 0x0000000b6045b100 Exception <a 'sun/nio/fs/UnixException'{0x00000004fe35e4d8}> (0x00000004fe35e4d8) 
thrown [src/hotspot/share/prims/jni.cpp, line 520]
Event: 560.364 Thread 0x0000000b6045b100 Exception <a 'sun/nio/fs/UnixException'{0x00000004fe35eed8}> (0x00000004fe35eed8) 
thrown [src/hotspot/share/prims/jni.cpp, line 520]
Event: 560.364 Thread 0x0000000b6045b100 Exception <a 'sun/nio/fs/UnixException'{0x00000004fe35f8e0}> (0x00000004fe35f8e0) 
thrown [src/hotspot/share/prims/jni.cpp, line 520]
Event: 560.364 Thread 0x0000000b6045b100 Exception <a 'sun/nio/fs/UnixException'{0x00000004fe371cc0}> (0x00000004fe371cc0) 
thrown [src/hotspot/share/prims/jni.cpp, line 520]
Event: 560.364 Thread 0x0000000b6045b100 Exception <a 'sun/nio/fs/UnixException'{0x00000004fe372f30}> (0x00000004fe372f30) 
thrown [src/hotspot/share/prims/jni.cpp, line 520]
Event: 560.364 Thread 0x0000000b6045b100 Exception <a 'sun/nio/fs/UnixException'{0x00000004fe374db0}> (0x00000004fe374db0) 
thrown [src/hotspot/share/prims/jni.cpp, line 520]
Event: 560.364 Thread 0x0000000b6045b100 Exception <a 'sun/nio/fs/UnixException'{0x00000004fe375be8}> (0x00000004fe375be8) 
thrown [src/hotspot/share/prims/jni.cpp, line 520]
Event: 560.364 Thread 0x0000000b6045b100 Exception <a 'sun/nio/fs/UnixException'{0x00000004fe376f88}> (0x00000004fe376f88) 
thrown [src/hotspot/share/prims/jni.cpp, line 520]
Event: 560.364 Thread 0x0000000b6045b100 Exception <a 'sun/nio/fs/UnixException'{0x00000004fe377dd0}> (0x00000004fe377dd0) 
thrown [src/hotspot/share/prims/jni.cpp, line 520]
Event: 560.364 Thread 0x0000000b6045b100 Exception <a 'sun/nio/fs/UnixException'{0x00000004fe379168}> (0x00000004fe379168) 
thrown [src/hotspot/share/prims/jni.cpp, line 520]
Event: 560.364 Thread 0x0000000b6045b100 Exception <a 'sun/nio/fs/UnixException'{0x00000004fe37aa58}> (0x00000004fe37aa58) 
thrown [src/hotspot/share/prims/jni.cpp, line 520]
Event: 560.364 Thread 0x0000000b6045b100 Exception <a 'sun/nio/fs/UnixException'{0x00000004fe37b890}> (0x00000004fe37b890) 
thrown [src/hotspot/share/prims/jni.cpp, line 520]
Event: 619.645 Thread 0x0000000b5e8c7100 Exception <a 'sun/nio/fs/UnixException'{0x00000004fd585798}> (0x00000004fd585798) 
thrown [src/hotspot/share/prims/jni.cpp, line 520]
Event: 619.645 Thread 0x0000000b5e8c7100 Exception <a 'sun/nio/fs/UnixException'{0x00000004fd586990}> (0x00000004fd586990) 
thrown [src/hotspot/share/prims/jni.cpp, line 520]
Event: 619.704 Thread 0x0000000b5e8c7100 Exception <a 'sun/nio/fs/UnixException'{0x00000004fd2b03b0}> (0x00000004fd2b03b0) 
thrown [src/hotspot/share/prims/jni.cpp, line 520]
Event: 619.704 Thread 0x0000000b5e8c7100 Exception <a 'sun/nio/fs/UnixException'{0x00000004fd2b14d0}> (0x00000004fd2b14d0) 
thrown [src/hotspot/share/prims/jni.cpp, line 520]
Event: 619.704 Thread 0x0000000b5e8c7100 Exception <a 'sun/nio/fs/UnixException'{0x00000004fd2b25e8}> (0x00000004fd2b25e8) 
thrown [src/hotspot/share/prims/jni.cpp, line 520]
Event: 619.704 Thread 0x0000000b5e8c7100 Exception <a 'sun/nio/fs/UnixException'{0x00000004fd2b36f8}> (0x00000004fd2b36f8) 
thrown [src/hotspot/share/prims/jni.cpp, line 520]
Event: 620.168 Thread 0x0000000b5e8c7100 Exception <a 'java/lang/ClassNotFoundException'{0x00000004fabae6d8}: sun/misc/SharedSecrets> (0x00000004fabae6d8) 
thrown [src/hotspot/share/classfile/systemDictionary.cpp, line 313]
Event: 620.185 Thread 0x0000000b5e96c700 Exception <a 'sun/nio/fs/UnixException'{0x00000004fadd5180}> (0x00000004fadd5180) 
thrown [src/hotspot/share/prims/jni.cpp, line 520]

ZGC Phase Switch (0 events):
No events

VM Operations (20 events):
Event: 582.360 Executing safepoint VM operation: Cleanup
Event: 582.360 Executing safepoint VM operation: Cleanup done
Event: 600.859 Executing non-safepoint VM operation: HandshakeAllThreads (HandshakeForDeflation)
Event: 600.860 Executing non-safepoint VM operation: HandshakeAllThreads (HandshakeForDeflation) done
Event: 600.860 Executing safepoint VM operation: Cleanup
Event: 600.860 Executing safepoint VM operation: Cleanup done
Event: 600.861 Executing non-safepoint VM operation: RendezvousGCThreads
Event: 600.861 Executing non-safepoint VM operation: RendezvousGCThreads done
Event: 615.892 Executing safepoint VM operation: Cleanup
Event: 615.895 Executing safepoint VM operation: Cleanup done
Event: 619.715 Executing safepoint VM operation: ICBufferFull
Event: 619.715 Executing safepoint VM operation: ICBufferFull done
Event: 619.766 Executing safepoint VM operation: ICBufferFull
Event: 619.766 Executing safepoint VM operation: ICBufferFull done
Event: 619.854 Executing safepoint VM operation: ICBufferFull
Event: 619.854 Executing safepoint VM operation: ICBufferFull done
Event: 620.084 Executing safepoint VM operation: ICBufferFull
Event: 620.084 Executing safepoint VM operation: ICBufferFull done
Event: 620.151 Executing non-safepoint VM operation: HandshakeAllThreads (Deoptimize)
Event: 620.152 Executing non-safepoint VM operation: HandshakeAllThreads (Deoptimize) done

Memory protections (20 events):
Event: 619.463 Protecting memory [0x0000000171a48000,0x0000000171a54000] with protection modes 0
Event: 619.467 Protecting memory [0x0000000171c54000,0x0000000171c60000] with protection modes 0
Event: 619.468 Protecting memory [0x0000000172cb4000,0x0000000172cc0000] with protection modes 0
Event: 619.508 Protecting memory [0x0000000172ec0000,0x0000000172ecc000] with protection modes 0
Event: 619.514 Protecting memory [0x0000000174b68000,0x0000000174b74000] with protection modes 0
Event: 619.521 Protecting memory [0x0000000174d74000,0x0000000174d80000] with protection modes 0
Event: 619.700 Protecting memory [0x0000000174f80000,0x0000000174f8c000] with protection modes 0
Event: 619.701 Protecting memory [0x000000017518c000,0x0000000175198000] with protection modes 0
Event: 619.756 Protecting memory [0x0000000175398000,0x00000001753a4000] with protection modes 0
Event: 619.760 Protecting memory [0x00000001755a4000,0x00000001755b0000] with protection modes 0
Event: 619.809 Protecting memory [0x00000001757b0000,0x00000001757bc000] with protection modes 0
Event: 620.008 Protecting memory [0x00000001759bc000,0x00000001759c8000] with protection modes 0
Event: 620.008 Protecting memory [0x0000000175bc8000,0x0000000175bd4000] with protection modes 0
Event: 620.008 Protecting memory [0x0000000175dd4000,0x0000000175de0000] with protection modes 0
Event: 620.008 Protecting memory [0x0000000175fe0000,0x0000000175fec000] with protection modes 0
Event: 620.009 Protecting memory [0x00000001761ec000,0x00000001761f8000] with protection modes 0
Event: 620.009 Protecting memory [0x00000001763f8000,0x0000000176404000] with protection modes 0
Event: 620.009 Protecting memory [0x0000000176a1c000,0x0000000176a28000] with protection modes 0
Event: 620.009 Protecting memory [0x0000000176c28000,0x0000000176c34000] with protection modes 0
Event: 620.185 Protecting memory [0x00000001757b0000,0x00000001757bc000] with protection modes 3

Nmethod flushes (20 events):
Event: 546.187 Thread 0x0000000b608c1c00 flushing  nmethod 0x00000001124ee910
Event: 546.187 Thread 0x0000000b608c1c00 flushing  nmethod 0x0000000112713490
Event: 546.187 Thread 0x0000000b608c1c00 flushing  nmethod 0x0000000113288d10
Event: 546.187 Thread 0x0000000b608c1c00 flushing  nmethod 0x0000000113289290
Event: 546.187 Thread 0x0000000b608c1c00 flushing  nmethod 0x000000011328c610
Event: 546.187 Thread 0x0000000b608c1c00 flushing  nmethod 0x00000001133ee710
Event: 546.187 Thread 0x0000000b608c1c00 flushing  nmethod 0x0000000113404110
Event: 546.187 Thread 0x0000000b608c1c00 flushing  nmethod 0x0000000113405310
Event: 546.187 Thread 0x0000000b608c1c00 flushing  nmethod 0x00000001134f3990
Event: 546.187 Thread 0x0000000b608c1c00 flushing  nmethod 0x0000000113588190
Event: 546.187 Thread 0x0000000b608c1c00 flushing  nmethod 0x00000001135b3990
Event: 546.187 Thread 0x0000000b608c1c00 flushing  nmethod 0x00000001135ba710
Event: 546.187 Thread 0x0000000b608c1c00 flushing  nmethod 0x00000001135bb090
Event: 546.187 Thread 0x0000000b608c1c00 flushing  nmethod 0x00000001135bb810
Event: 546.187 Thread 0x0000000b608c1c00 flushing  nmethod 0x00000001135bbf90
Event: 546.187 Thread 0x0000000b608c1c00 flushing  nmethod 0x00000001135bdc10
Event: 546.187 Thread 0x0000000b608c1c00 flushing  nmethod 0x00000001135be310
Event: 546.187 Thread 0x0000000b608c1c00 flushing  nmethod 0x00000001135dfe90
Event: 546.187 Thread 0x0000000b608c1c00 flushing  nmethod 0x00000001135e3090
Event: 546.187 Thread 0x0000000b608c1c00 flushing  nmethod 0x0000000113620c90

Events (20 events):
Event: 619.463 Thread 0x0000000b5e8c7100 Thread added: 0x0000000b5c61b100
Event: 619.467 Thread 0x0000000b5e8c7100 Thread added: 0x0000000b5c61b800
Event: 619.468 Thread 0x0000000b5e8c7100 Thread added: 0x0000000b5e8c7800
Event: 619.508 Thread 0x0000000b5e8c7100 Thread added: 0x0000000b5a830700
Event: 619.514 Thread 0x0000000b5e8c7100 Thread added: 0x0000000b5a833800
Event: 619.521 Thread 0x0000000b5e8c7100 Thread added: 0x0000000b5a833100
Event: 619.700 Thread 0x0000000b5e8c7100 Thread added: 0x0000000b5a830e00
Event: 619.701 Thread 0x0000000b5e8c7100 Thread added: 0x0000000b5a832300
Event: 619.755 Thread 0x0000000b5e8c7100 Thread added: 0x0000000b5b0f2a00
Event: 619.760 Thread 0x0000000b5e8c7100 Thread added: 0x0000000b5b1cd500
Event: 619.809 Thread 0x0000000b5e8c7100 Thread added: 0x0000000b5e96c700
Event: 620.008 Thread 0x0000000b5e8c7100 Thread added: 0x0000000b5bda0700
Event: 620.008 Thread 0x0000000b5e8c7100 Thread added: 0x0000000b5bda0e00
Event: 620.008 Thread 0x0000000b5e8c7100 Thread added: 0x0000000b5bda0000
Event: 620.008 Thread 0x0000000b5e8c7100 Thread added: 0x0000000b5bd90e00
Event: 620.008 Thread 0x0000000b5e8c7100 Thread added: 0x0000000b5bd91500
Event: 620.009 Thread 0x0000000b5e8c7100 Thread added: 0x0000000b5e344700
Event: 620.009 Thread 0x0000000b5e8c7100 Thread added: 0x0000000b5e344e00
Event: 620.009 Thread 0x0000000b5e8c7100 Thread added: 0x0000000b5d863800
Event: 620.185 Thread 0x0000000b5e96c700 Thread exited: 0x0000000b5e96c700


Dynamic libraries:
0x0000000102300000 	/Users/orly/.gradle/jdks/amazon_com_inc_-21-aarch64-os_x.2/amazon-corretto-21.jdk/Contents/Home/lib/libjli.dylib
0x00000001aea45000 	/System/Library/Frameworks/Cocoa.framework/Versions/A/Cocoa
0x000000019372b000 	/System/Library/Frameworks/AppKit.framework/Versions/C/AppKit
0x0000000196d6a000 	/System/Library/Frameworks/CoreData.framework/Versions/A/CoreData
0x0000000190b26000 	/System/Library/Frameworks/Foundation.framework/Versions/C/Foundation
0x000000019f0c8000 	/usr/lib/libSystem.B.dylib
0x0000000194e4e000 	/System/Library/PrivateFrameworks/UIFoundation.framework/Versions/A/UIFoundation
0x0000000247b64000 	/System/Library/PrivateFrameworks/CollectionViewCore.framework/Versions/A/CollectionViewCore
0x000000019c36f000 	/System/Library/PrivateFrameworks/XCTTargetBootstrap.framework/Versions/A/XCTTargetBootstrap
0x000000025a3bc000 	/System/Library/PrivateFrameworks/GenerativeModels.framework/Versions/A/GenerativeModels
0x00000001a1a5c000 	/System/Library/PrivateFrameworks/InternationalSupport.framework/Versions/A/InternationalSupport
0x00000001a1db8000 	/System/Library/PrivateFrameworks/UserActivity.framework/Versions/A/UserActivity
0x00000001973ff000 	/System/Library/PrivateFrameworks/BaseBoard.framework/Versions/A/BaseBoard
0x00000002515d2000 	/System/Library/PrivateFrameworks/FrontBoard.framework/Versions/A/FrontBoard
0x00000001a9788000 	/System/Library/PrivateFrameworks/FrontBoardServices.framework/Versions/A/FrontBoardServices
0x0000000292384000 	/usr/lib/libRosetta.dylib
0x00000002856a8000 	/System/Library/PrivateFrameworks/UIIntelligenceSupport.framework/Versions/A/UIIntelligenceSupport
0x000000023befb000 	/System/Library/Frameworks/SwiftUICore.framework/Versions/A/SwiftUICore
0x000000028c23c000 	/System/Library/PrivateFrameworks/WritingTools.framework/Versions/A/WritingTools
0x000000028b037000 	/System/Library/PrivateFrameworks/WindowManagement.framework/Versions/A/WindowManagement
0x0000000190795000 	/System/Library/Frameworks/SystemConfiguration.framework/Versions/A/SystemConfiguration
0x00000001a0cc7000 	/usr/lib/libspindump.dylib
0x0000000195007000 	/System/Library/Frameworks/UniformTypeIdentifiers.framework/Versions/A/UniformTypeIdentifiers
0x000000019e31f000 	/usr/lib/libbsm.0.dylib
0x0000000199b01000 	/usr/lib/libapp_launch_measurement.dylib
0x0000000198e0a000 	/System/Library/PrivateFrameworks/CoreAnalytics.framework/Versions/A/CoreAnalytics
0x0000000199b05000 	/System/Library/PrivateFrameworks/CoreAutoLayout.framework/Versions/A/CoreAutoLayout
0x000000019b8e8000 	/System/Library/Frameworks/Metal.framework/Versions/A/Metal
0x000000019ccab000 	/usr/lib/liblangid.dylib
0x000000019c375000 	/System/Library/PrivateFrameworks/CoreSVG.framework/Versions/A/CoreSVG
0x0000000195a61000 	/System/Library/PrivateFrameworks/SkyLight.framework/Versions/A/SkyLight
0x0000000251307000 	/System/Library/PrivateFrameworks/FocusEngine.framework/Versions/A/FocusEngine
0x0000000196018000 	/System/Library/Frameworks/CoreGraphics.framework/Versions/A/CoreGraphics
0x000000024ed13000 	/System/Library/PrivateFrameworks/DesignLibrary.framework/Versions/A/DesignLibrary
0x00000001a7a14000 	/System/Library/Frameworks/Accelerate.framework/Versions/A/Accelerate
0x00000001a0abd000 	/System/Library/PrivateFrameworks/IconServices.framework/Versions/A/IconServices
0x000000019b8c0000 	/System/Library/Frameworks/IOSurface.framework/Versions/A/IOSurface
0x0000000198e3a000 	/usr/lib/libDiagnosticMessagesClient.dylib
0x000000019f012000 	/usr/lib/libz.1.dylib
0x00000001abe62000 	/System/Library/Frameworks/ApplicationServices.framework/Versions/A/ApplicationServices
0x000000019c35a000 	/System/Library/PrivateFrameworks/DFRFoundation.framework/Versions/A/DFRFoundation
0x0000000192f7a000 	/usr/lib/libicucore.A.dylib
0x00000001a2fe3000 	/System/Library/Frameworks/AudioToolbox.framework/Versions/A/AudioToolbox
0x00000001a1d66000 	/System/Library/PrivateFrameworks/DataDetectorsCore.framework/Versions/A/DataDetectorsCore
0x00000002865f1000 	/System/Library/PrivateFrameworks/UpdateCycle.framework/Versions/A/UpdateCycle
0x00000001c03a5000 	/System/Library/PrivateFrameworks/TextInput.framework/Versions/A/TextInput
0x00000001959a5000 	/usr/lib/libMobileGestalt.dylib
0x000000019c05e000 	/System/Library/Frameworks/Carbon.framework/Versions/A/Frameworks/HIToolbox.framework/Versions/A/HIToolbox
0x0000000199364000 	/System/Library/Frameworks/QuartzCore.framework/Versions/A/QuartzCore
0x0000000192b5b000 	/System/Library/Frameworks/Security.framework/Versions/A/Security
0x00000001a7383000 	/System/Library/Frameworks/Carbon.framework/Versions/A/Frameworks/SpeechRecognition.framework/Versions/A/SpeechRecognition
0x00000001997cc000 	/System/Library/PrivateFrameworks/CoreUI.framework/Versions/A/CoreUI
0x00000001923c5000 	/System/Library/Frameworks/CoreAudio.framework/Versions/A/CoreAudio
0x0000000198f35000 	/System/Library/Frameworks/DiskArbitration.framework/Versions/A/DiskArbitration
0x00000001a1265000 	/System/Library/PrivateFrameworks/MultitouchSupport.framework/Versions/A/MultitouchSupport
0x00000001959a3000 	/usr/lib/libenergytrace.dylib
0x00000001b36ec000 	/System/Library/PrivateFrameworks/RenderBox.framework/Versions/A/RenderBox
0x00000001935d2000 	/System/Library/Frameworks/IOKit.framework/Versions/A/IOKit
0x00000001a7795000 	/System/Library/Frameworks/CoreServices.framework/Versions/A/CoreServices
0x0000000199a88000 	/System/Library/PrivateFrameworks/PerformanceAnalysis.framework/Versions/A/PerformanceAnalysis
0x00000002347e8000 	/System/Library/Frameworks/OpenGL.framework/Versions/A/OpenGL
0x0000000199b4e000 	/usr/lib/libxml2.2.dylib
0x000000019e200000 	/System/Library/PrivateFrameworks/MobileKeyBag.framework/Versions/A/MobileKeyBag
0x000000018ee14000 	/usr/lib/libobjc.A.dylib
0x000000018f189000 	/usr/lib/libc++.1.dylib
0x00000001a7713000 	/System/Library/Frameworks/Accessibility.framework/Versions/A/Accessibility
0x000000019676e000 	/System/Library/Frameworks/ColorSync.framework/Versions/A/ColorSync
0x000000018f2b9000 	/System/Library/Frameworks/CoreFoundation.framework/Versions/A/CoreFoundation
0x000000019c6f3000 	/System/Library/Frameworks/CoreImage.framework/Versions/A/CoreImage
0x000000019219c000 	/System/Library/Frameworks/CoreText.framework/Versions/A/CoreText
0x00000002361e8000 	/System/Library/Frameworks/CoreTransferable.framework/Versions/A/CoreTransferable
0x0000000236703000 	/System/Library/Frameworks/DataDetection.framework/Versions/A/DataDetection
0x000000023671a000 	/System/Library/Frameworks/DeveloperToolsSupport.framework/Versions/A/DeveloperToolsSupport
0x000000019c3b3000 	/System/Library/Frameworks/ImageIO.framework/Versions/A/ImageIO
0x000000023ce58000 	/System/Library/Frameworks/Symbols.framework/Versions/A/Symbols
0x00000001c5720000 	/System/Library/PrivateFrameworks/AttributeGraph.framework/Versions/A/AttributeGraph
0x00000001a9862000 	/System/Library/PrivateFrameworks/BoardServices.framework/Versions/A/BoardServices
0x00000001ea95e000 	/System/Library/PrivateFrameworks/FeatureFlags.framework/Versions/A/FeatureFlags
0x000000025a867000 	/System/Library/PrivateFrameworks/Gestures.framework/Versions/A/Gestures
0x000000019f0cc000 	/System/Library/PrivateFrameworks/SoftLinking.framework/Versions/A/SoftLinking
0x00000001d4401000 	/usr/lib/swift/libswiftAccelerate.dylib
0x00000001ca576000 	/usr/lib/swift/libswiftCompression.dylib
0x00000001a2938000 	/usr/lib/swift/libswiftCore.dylib
0x00000001bc5c3000 	/usr/lib/swift/libswiftCoreFoundation.dylib
0x00000001bc623000 	/usr/lib/swift/libswiftCoreImage.dylib
0x00000001a9501000 	/usr/lib/swift/libswiftDispatch.dylib
0x00000001bc624000 	/usr/lib/swift/libswiftIOKit.dylib
0x00000001ca568000 	/usr/lib/swift/libswiftMetal.dylib
0x00000001d9d2f000 	/usr/lib/swift/libswiftOSLog.dylib
0x00000001ac4d9000 	/usr/lib/swift/libswiftObjectiveC.dylib
0x0000000293afd000 	/usr/lib/swift/libswiftObservation.dylib
0x00000001cf95d000 	/usr/lib/swift/libswiftQuartzCore.dylib
0x0000000293bbf000 	/usr/lib/swift/libswiftSpatial.dylib
0x0000000293c39000 	/usr/lib/swift/libswiftSynchronization.dylib
0x00000001d43f1000 	/usr/lib/swift/libswiftUniformTypeIdentifiers.dylib
0x00000001bc5d6000 	/usr/lib/swift/libswiftXPC.dylib
0x0000000293c7f000 	/usr/lib/swift/libswift_Builtin_float.dylib
0x0000000293c80000 	/usr/lib/swift/libswift_Concurrency.dylib
0x00000001ac4dd000 	/usr/lib/swift/libswiftos.dylib
0x00000001c0117000 	/usr/lib/swift/libswiftsimd.dylib
0x000000019f2f0000 	/usr/lib/libcompression.dylib
0x00000001a19c5000 	/System/Library/PrivateFrameworks/TextureIO.framework/Versions/A/TextureIO
0x0000000196916000 	/System/Library/Frameworks/ApplicationServices.framework/Versions/A/Frameworks/HIServices.framework/Versions/A/HIServices
0x00000001a0747000 	/usr/lib/libate.dylib
0x000000019f0c2000 	/usr/lib/system/libcache.dylib
0x000000019f07d000 	/usr/lib/system/libcommonCrypto.dylib
0x000000019f0a8000 	/usr/lib/system/libcompiler_rt.dylib
0x000000019f09d000 	/usr/lib/system/libcopyfile.dylib
0x000000018efbd000 	/usr/lib/system/libcorecrypto.dylib
0x000000018f0bd000 	/usr/lib/system/libdispatch.dylib
0x000000018ee67000 	/usr/lib/system/libdyld.dylib
0x000000019f0b8000 	/usr/lib/system/libkeymgr.dylib
0x000000019f060000 	/usr/lib/system/libmacho.dylib
0x000000019e2f7000 	/usr/lib/system/libquarantine.dylib
0x000000019f0b5000 	/usr/lib/system/libremovefile.dylib
0x0000000195a25000 	/usr/lib/system/libsystem_asl.dylib
0x000000018ef43000 	/usr/lib/system/libsystem_blocks.dylib
0x000000018f108000 	/usr/lib/system/libsystem_c.dylib
0x000000019f0ac000 	/usr/lib/system/libsystem_collections.dylib
0x000000019cc98000 	/usr/lib/system/libsystem_configuration.dylib
0x000000019b887000 	/usr/lib/system/libsystem_containermanager.dylib
0x000000019ea96000 	/usr/lib/system/libsystem_coreservices.dylib
0x0000000193250000 	/usr/lib/system/libsystem_darwin.dylib
0x0000000293fa1000 	/usr/lib/system/libsystem_darwindirectory.dylib
0x000000019f0b9000 	/usr/lib/system/libsystem_dnssd.dylib
0x0000000293fa5000 	/usr/lib/system/libsystem_eligibility.dylib
0x000000018f105000 	/usr/lib/system/libsystem_featureflags.dylib
0x000000018f289000 	/usr/lib/system/libsystem_info.dylib
0x000000019f021000 	/usr/lib/system/libsystem_m.dylib
0x000000018f06c000 	/usr/lib/system/libsystem_malloc.dylib
0x0000000195988000 	/usr/lib/system/libsystem_networkextension.dylib
0x00000001936bb000 	/usr/lib/system/libsystem_notify.dylib
0x000000019cc9d000 	/usr/lib/system/libsystem_sandbox.dylib
0x0000000293faf000 	/usr/lib/system/libsystem_sanitizers.dylib
0x000000019f0b1000 	/usr/lib/system/libsystem_secinit.dylib
0x000000018f235000 	/usr/lib/system/libsystem_kernel.dylib
0x000000018f280000 	/usr/lib/system/libsystem_platform.dylib
0x000000018f273000 	/usr/lib/system/libsystem_pthread.dylib
0x00000001975e3000 	/usr/lib/system/libsystem_symptoms.dylib
0x000000018ef9c000 	/usr/lib/system/libsystem_trace.dylib
0x0000000293fb7000 	/usr/lib/system/libsystem_trial.dylib
0x000000019f08b000 	/usr/lib/system/libunwind.dylib
0x000000018ef47000 	/usr/lib/system/libxpc.dylib
0x000000018f21a000 	/usr/lib/libc++abi.dylib
0x000000029380a000 	/usr/lib/libswiftPrespecialized.dylib
0x000000019f0ca000 	/usr/lib/libfakelink.dylib
0x00000001955d2000 	/System/Library/Frameworks/CFNetwork.framework/Versions/A/CFNetwork
0x000000019f11d000 	/usr/lib/libarchive.2.dylib
0x00000001a542f000 	/System/Library/Frameworks/Combine.framework/Versions/A/Combine
0x0000000247b89000 	/System/Library/PrivateFrameworks/CollectionsInternal.framework/Versions/A/CollectionsInternal
0x0000000273a88000 	/System/Library/PrivateFrameworks/ReflectionInternal.framework/Versions/A/ReflectionInternal
0x00000002749db000 	/System/Library/PrivateFrameworks/RuntimeInternal.framework/Versions/A/RuntimeInternal
0x00000001b9459000 	/usr/lib/swift/libswiftDarwin.dylib
0x0000000293c4d000 	/usr/lib/swift/libswiftSystem.dylib
0x0000000293d0c000 	/usr/lib/swift/libswift_DarwinFoundation1.dylib
0x0000000293db0000 	/usr/lib/swift/libswift_StringProcessing.dylib
0x0000000193552000 	/System/Library/PrivateFrameworks/CoreServicesInternal.framework/Versions/A/CoreServicesInternal
0x000000019f095000 	/usr/lib/liboah.dylib
0x00000001ab90d000 	/System/Library/PrivateFrameworks/DiskImages.framework/Versions/A/DiskImages
0x00000001b8efe000 	/System/Library/Frameworks/NetFS.framework/Versions/A/NetFS
0x0000000199aca000 	/System/Library/Frameworks/CoreServices.framework/Versions/A/Frameworks/FSEvents.framework/Versions/A/FSEvents
0x000000019325a000 	/System/Library/Frameworks/CoreServices.framework/Versions/A/Frameworks/CarbonCore.framework/Versions/A/CarbonCore
0x0000000198ea9000 	/System/Library/Frameworks/CoreServices.framework/Versions/A/Frameworks/Metadata.framework/Versions/A/Metadata
0x000000019ea9d000 	/System/Library/Frameworks/CoreServices.framework/Versions/A/Frameworks/OSServices.framework/Versions/A/OSServices
0x000000019f215000 	/System/Library/Frameworks/CoreServices.framework/Versions/A/Frameworks/SearchKit.framework/Versions/A/SearchKit
0x000000019755d000 	/System/Library/Frameworks/CoreServices.framework/Versions/A/Frameworks/AE.framework/Versions/A/AE
0x000000018f818000 	/System/Library/Frameworks/CoreServices.framework/Versions/A/Frameworks/LaunchServices.framework/Versions/A/LaunchServices
0x00000001a059b000 	/System/Library/Frameworks/CoreServices.framework/Versions/A/Frameworks/DictionaryServices.framework/Versions/A/DictionaryServices
0x0000000199ad7000 	/System/Library/Frameworks/CoreServices.framework/Versions/A/Frameworks/SharedFileList.framework/Versions/A/SharedFileList
0x000000019f2a8000 	/usr/lib/libapple_nghttp2.dylib
0x0000000197174000 	/usr/lib/libsqlite3.dylib
0x000000019735d000 	/System/Library/Frameworks/Accounts.framework/Versions/A/Accounts
0x00000001abb4f000 	/System/Library/PrivateFrameworks/AppSupport.framework/Versions/A/AppSupport
0x00000001bb387000 	/System/Library/Frameworks/AVFoundation.framework/Versions/A/AVFoundation
0x00000001a366a000 	/System/Library/Frameworks/GSS.framework/Versions/A/GSS
0x00000001974f1000 	/System/Library/PrivateFrameworks/RunningBoardServices.framework/Versions/A/RunningBoardServices
0x00000001ac461000 	/System/Library/PrivateFrameworks/StreamingZip.framework/Versions/A/StreamingZip
0x00000001975ec000 	/System/Library/Frameworks/Network.framework/Versions/A/Network
0x000000019f064000 	/usr/lib/system/libkxld.dylib
0x0000000243169000 	/System/Library/PrivateFrameworks/AppleKeyStore.framework/Versions/A/AppleKeyStore
0x0000000292086000 	/usr/lib/libCoreEntitlements.dylib
0x000000026816b000 	/System/Library/PrivateFrameworks/MessageSecurity.framework/Versions/A/MessageSecurity
0x0000000197158000 	/System/Library/PrivateFrameworks/ProtocolBuffer.framework/Versions/A/ProtocolBuffer
0x00000001a8910000 	/System/Library/PrivateFrameworks/SymptomDiagnosticReporter.framework/Versions/A/SymptomDiagnosticReporter
0x00000001a07e0000 	/System/Library/PrivateFrameworks/CrashReporterSupport.framework/Versions/A/CrashReporterSupport
0x000000019ea7d000 	/System/Library/PrivateFrameworks/AppleFSCompression.framework/Versions/A/AppleFSCompression
0x000000019e307000 	/usr/lib/libcoretls.dylib
0x00000001a0611000 	/usr/lib/libcoretls_cfhelpers.dylib
0x000000019f2ea000 	/usr/lib/libpam.2.dylib
0x00000001a0687000 	/usr/lib/libxar.1.dylib
0x00000001a0613000 	/System/Library/PrivateFrameworks/APFS.framework/Versions/A/APFS
0x0000000280108000 	/System/Library/PrivateFrameworks/SwiftASN1Internal.framework/Versions/A/SwiftASN1Internal
0x00000001a0696000 	/usr/lib/libutil.dylib
0x000000019cca6000 	/System/Library/PrivateFrameworks/AppleSystemInfo.framework/Versions/A/AppleSystemInfo
0x000000019dfce000 	/System/Library/PrivateFrameworks/IOMobileFramebuffer.framework/Versions/A/IOMobileFramebuffer
0x00000001ab26d000 	/System/Library/PrivateFrameworks/CoreWiFi.framework/Versions/A/CoreWiFi
0x00000001bc485000 	/System/Library/PrivateFrameworks/LoggingSupport.framework/Versions/A/LoggingSupport
0x00000001a36cd000 	/System/Library/PrivateFrameworks/MobileAsset.framework/Versions/A/MobileAsset
0x00000001a8920000 	/System/Library/PrivateFrameworks/PowerLog.framework/Versions/A/PowerLog
0x00000001a9de2000 	/System/Library/PrivateFrameworks/Rapport.framework/Versions/A/Rapport
0x000000023bd8e000 	/System/Library/Frameworks/SwiftData.framework/Versions/A/SwiftData
0x0000000199cf7000 	/System/Library/PrivateFrameworks/UserManagement.framework/Versions/A/UserManagement
0x00000001954f9000 	/usr/lib/libboringssl.dylib
0x00000001975d1000 	/usr/lib/libdns_services.dylib
0x00000001bb4bb000 	/usr/lib/libquic.dylib
0x00000001a28c9000 	/usr/lib/libusrtcp.dylib
0x0000000244022000 	/System/Library/PrivateFrameworks/AtomicsInternal.framework/Versions/A/AtomicsInternal
0x00000001e2794000 	/System/Library/PrivateFrameworks/InternalSwiftProtobuf.framework/Versions/A/InternalSwiftProtobuf
0x0000000293ad4000 	/usr/lib/swift/libswiftDistributed.dylib
0x000000019cca4000 	/System/Library/PrivateFrameworks/AggregateDictionary.framework/Versions/A/AggregateDictionary
0x0000000244850000 	/System/Library/PrivateFrameworks/BiomeLibrary.framework/Versions/A/BiomeLibrary
0x00000001cb5d3000 	/System/Library/PrivateFrameworks/BiomeStreams.framework/Versions/A/BiomeStreams
0x00000001c7638000 	/System/Library/PrivateFrameworks/BiomeFoundation.framework/Versions/A/BiomeFoundation
0x00000001d1857000 	/System/Library/PrivateFrameworks/BiomePubSub.framework/Versions/A/BiomePubSub
0x00000001ad444000 	/System/Library/PrivateFrameworks/ProactiveSupport.framework/Versions/A/ProactiveSupport
0x000000023dde7000 	/System/Library/Frameworks/_LocationEssentials.framework/Versions/A/_LocationEssentials
0x00000001a05f2000 	/usr/lib/liblzma.5.dylib
0x00000001abe63000 	/System/Library/PrivateFrameworks/InternationalTextSearch.framework/Versions/A/InternationalTextSearch
0x00000001c3b13000 	/System/Library/PrivateFrameworks/SoftwareUpdateCoreSupport.framework/Versions/A/SoftwareUpdateCoreSupport
0x00000001cc071000 	/System/Library/PrivateFrameworks/SoftwareUpdateCoreConnect.framework/Versions/A/SoftwareUpdateCoreConnect
0x00000001aba07000 	/System/Library/PrivateFrameworks/RemoteServiceDiscovery.framework/Versions/A/RemoteServiceDiscovery
0x00000001c36eb000 	/System/Library/PrivateFrameworks/MSUDataAccessor.framework/Versions/A/MSUDataAccessor
0x00000001be653000 	/usr/lib/libbootpolicy.dylib
0x00000001aba1e000 	/System/Library/PrivateFrameworks/RemoteXPC.framework/Versions/A/RemoteXPC
0x00000001cb4a7000 	/usr/lib/libFDR.dylib
0x00000001d1459000 	/usr/lib/libamsupport.dylib
0x000000029237c000 	/usr/lib/libReverseProxyDevice.dylib
0x00000002429d9000 	/System/Library/PrivateFrameworks/AppleDeviceQuerySupport.framework/Versions/A/AppleDeviceQuerySupport
0x00000001d461b000 	/usr/lib/libpartition2_dynamic.dylib
0x000000019f284000 	/System/Library/PrivateFrameworks/AppleSauce.framework/Versions/A/AppleSauce
0x0000000291f31000 	/usr/lib/libAppleArchive.dylib
0x000000019ea89000 	/usr/lib/libbz2.1.0.dylib
0x0000000198f3f000 	/System/Library/Frameworks/Accelerate.framework/Versions/A/Frameworks/vImage.framework/Versions/A/vImage
0x00000001a7770000 	/System/Library/Frameworks/Accelerate.framework/Versions/A/Frameworks/vecLib.framework/Versions/A/vecLib
0x00000001a06cd000 	/System/Library/Frameworks/Accelerate.framework/Versions/A/Frameworks/vecLib.framework/Versions/A/libvMisc.dylib
0x000000018fd1c000 	/System/Library/Frameworks/Accelerate.framework/Versions/A/Frameworks/vecLib.framework/Versions/A/libBLAS.dylib
0x0000000199c35000 	/System/Library/Frameworks/CoreVideo.framework/Versions/A/CoreVideo
0x00000001a3281000 	/System/Library/Frameworks/ApplicationServices.framework/Versions/A/Frameworks/ATS.framework/Versions/A/ATS
0x00000001a1952000 	/System/Library/Frameworks/ApplicationServices.framework/Versions/A/Frameworks/PrintCore.framework/Versions/A/PrintCore
0x00000001a3633000 	/System/Library/Frameworks/ApplicationServices.framework/Versions/A/Frameworks/QD.framework/Versions/A/QD
0x00000001a362e000 	/System/Library/Frameworks/ApplicationServices.framework/Versions/A/Frameworks/ColorSyncLegacy.framework/Versions/A/ColorSyncLegacy
0x00000001a3253000 	/System/Library/Frameworks/ApplicationServices.framework/Versions/A/Frameworks/SpeechSynthesis.framework/Versions/A/SpeechSynthesis
0x000000019bd8e000 	/System/Library/PrivateFrameworks/FontServices.framework/libFontParser.dylib
0x00000001ab72f000 	/System/Library/PrivateFrameworks/BackBoardServices.framework/Versions/A/BackBoardServices
0x0000000244755000 	/System/Library/PrivateFrameworks/BackBoardHIDEventFoundation.framework/Versions/A/BackBoardHIDEventFoundation
0x0000000191cb8000 	/System/Library/Frameworks/CoreDisplay.framework/Versions/A/CoreDisplay
0x00000001a12ab000 	/System/Library/Frameworks/VideoToolbox.framework/Versions/A/VideoToolbox
0x000000019f2e8000 	/System/Library/Frameworks/MetalPerformanceShaders.framework/Versions/A/MetalPerformanceShaders
0x0000000272992000 	/System/Library/PrivateFrameworks/ProDisplayLibrary.framework/Versions/A/ProDisplayLibrary
0x00000001af560000 	/System/Library/PrivateFrameworks/IOSurfaceAccelerator.framework/Versions/A/IOSurfaceAccelerator
0x000000019b8dd000 	/System/Library/PrivateFrameworks/IOAccelerator.framework/Versions/A/IOAccelerator
0x000000019bbec000 	/System/Library/Frameworks/CoreMedia.framework/Versions/A/CoreMedia
0x0000000195a3d000 	/System/Library/PrivateFrameworks/TCC.framework/Versions/A/TCC
0x00000001a1263000 	/System/Library/PrivateFrameworks/WatchdogClient.framework/Versions/A/WatchdogClient
0x00000001bc5a3000 	/usr/lib/swift/libswiftCoreAudio.dylib
0x00000001d857c000 	/usr/lib/swift/libswiftCoreMedia.dylib
0x0000000293c67000 	/usr/lib/swift/libswiftVideoToolbox.dylib
0x00000001d18b8000 	/System/Library/PrivateFrameworks/BiomeStorage.framework/Versions/A/BiomeStorage
0x0000000260eaf000 	/System/Library/PrivateFrameworks/IntelligencePlatformLibrary.framework/Versions/A/IntelligencePlatformLibrary
0x0000000271756000 	/System/Library/PrivateFrameworks/PoirotSchematizer.framework/Versions/A/PoirotSchematizer
0x0000000245103000 	/System/Library/PrivateFrameworks/BiomeSync.framework/Versions/A/BiomeSync
0x0000000244836000 	/System/Library/PrivateFrameworks/BiomeDSL.framework/Versions/A/BiomeDSL
0x00000002717c4000 	/System/Library/PrivateFrameworks/PoirotUDFs.framework/Versions/A/PoirotUDFs
0x0000000293d0f000 	/usr/lib/swift/libswift_DarwinFoundation2.dylib
0x0000000293d10000 	/usr/lib/swift/libswift_DarwinFoundation3.dylib
0x00000001a9dd7000 	/System/Library/PrivateFrameworks/CoreTime.framework/Versions/A/CoreTime
0x000000019f102000 	/usr/lib/libiconv.2.dylib
0x000000019f05f000 	/usr/lib/libcharset.1.dylib
0x0000000271719000 	/System/Library/PrivateFrameworks/PoirotSQLite.framework/Versions/A/PoirotSQLite
0x0000000293d11000 	/usr/lib/swift/libswift_RegexParser.dylib
0x0000000246739000 	/System/Library/PrivateFrameworks/CascadeSets.framework/Versions/A/CascadeSets
0x00000001a3844000 	/System/Library/PrivateFrameworks/CorePhoneNumbers.framework/Versions/A/CorePhoneNumbers
0x00000001a105d000 	/System/Library/PrivateFrameworks/AppleJPEG.framework/Versions/A/AppleJPEG
0x00000001a0a37000 	/usr/lib/libexpat.1.dylib
0x00000001a1828000 	/System/Library/Frameworks/ImageIO.framework/Versions/A/Resources/libPng.dylib
0x00000001a1853000 	/System/Library/Frameworks/ImageIO.framework/Versions/A/Resources/libTIFF.dylib
0x00000001a193b000 	/System/Library/Frameworks/ImageIO.framework/Versions/A/Resources/libGIF.dylib
0x00000001a10a2000 	/System/Library/Frameworks/ImageIO.framework/Versions/A/Resources/libJP2.dylib
0x00000001a18e2000 	/System/Library/Frameworks/ImageIO.framework/Versions/A/Resources/libJPEG.dylib
0x00000001a18d9000 	/System/Library/Frameworks/ImageIO.framework/Versions/A/Resources/libRadiance.dylib
0x0000000256b66000 	/System/Library/PrivateFrameworks/GPUCompiler.framework/Versions/32023/Libraries/libllvm-flatbuffers.dylib
0x00000002515c5000 	/System/Library/PrivateFrameworks/FramePacing.framework/Versions/A/FramePacing
0x00000002347da000 	/System/Library/Frameworks/OpenGL.framework/Versions/A/Libraries/libCoreFSCache.dylib
0x00000002526f3000 	/System/Library/PrivateFrameworks/GPUCompiler.framework/Versions/32023/Libraries/libGPUCompilerUtils.dylib
0x00000001a992f000 	/System/Library/PrivateFrameworks/GraphicsServices.framework/Versions/A/GraphicsServices
0x0000000234839000 	/System/Library/Frameworks/OpenGL.framework/Versions/A/Libraries/libGLU.dylib
0x00000002347fc000 	/System/Library/Frameworks/OpenGL.framework/Versions/A/Libraries/libGFXShared.dylib
0x00000002349c9000 	/System/Library/Frameworks/OpenGL.framework/Versions/A/Libraries/libGL.dylib
0x0000000234805000 	/System/Library/Frameworks/OpenGL.framework/Versions/A/Libraries/libGLImage.dylib
0x00000002347f9000 	/System/Library/Frameworks/OpenGL.framework/Versions/A/Libraries/libCVMSPluginSupport.dylib
0x00000002347e2000 	/System/Library/Frameworks/OpenGL.framework/Versions/A/Libraries/libCoreVMClient.dylib
0x00000001a18d4000 	/System/Library/PrivateFrameworks/GPUWrangler.framework/Versions/A/GPUWrangler
0x00000001a18b4000 	/System/Library/PrivateFrameworks/IOPresentment.framework/Versions/A/IOPresentment
0x00000001a18dc000 	/System/Library/PrivateFrameworks/DSExternalDisplay.framework/Versions/A/DSExternalDisplay
0x0000000287ccb000 	/System/Library/PrivateFrameworks/VideoToolboxParavirtualizationSupport.framework/Versions/A/VideoToolboxParavirtualizationSupport
0x00000001a09ee000 	/System/Library/PrivateFrameworks/AppleVA.framework/Versions/A/AppleVA
0x0000000236864000 	/System/Library/Frameworks/ExtensionFoundation.framework/Versions/A/ExtensionFoundation
0x00000001a1941000 	/System/Library/PrivateFrameworks/CMCaptureCore.framework/Versions/A/CMCaptureCore
0x00000001a0cba000 	/System/Library/PrivateFrameworks/AppServerSupport.framework/Versions/A/AppServerSupport
0x00000001a363c000 	/System/Library/PrivateFrameworks/perfdata.framework/Versions/A/perfdata
0x0000000191dd9000 	/System/Library/PrivateFrameworks/AudioToolboxCore.framework/Versions/A/AudioToolboxCore
0x000000019bbc2000 	/System/Library/PrivateFrameworks/caulk.framework/Versions/A/caulk
0x00000001a3239000 	/usr/lib/libAudioStatistics.dylib
0x00000001bb5b0000 	/System/Library/PrivateFrameworks/SystemPolicy.framework/Versions/A/SystemPolicy
0x00000001a34e1000 	/usr/lib/libSMC.dylib
0x00000001c2eff000 	/usr/lib/swift/libswiftCoreMIDI.dylib
0x00000001ae852000 	/System/Library/Frameworks/CoreMIDI.framework/Versions/A/CoreMIDI
0x00000001a1802000 	/usr/lib/libAudioToolboxUtility.dylib
0x00000001a364a000 	/usr/lib/libperfcheck.dylib
0x00000002440f1000 	/System/Library/PrivateFrameworks/AudioAnalytics.framework/Versions/A/AudioAnalytics
0x00000001e2482000 	/System/Library/Frameworks/OSLog.framework/Versions/A/OSLog
0x000000026d1cc000 	/System/Library/PrivateFrameworks/OSEligibility.framework/Versions/A/OSEligibility
0x0000000237c48000 	/System/Library/Frameworks/LightweightCodeRequirements.framework/Versions/A/LightweightCodeRequirements
0x00000001a0937000 	/System/Library/PrivateFrameworks/PlugInKit.framework/Versions/A/PlugInKit
0x000000019e218000 	/System/Library/PrivateFrameworks/AssertionServices.framework/Versions/A/AssertionServices
0x00000001a0a5c000 	/System/Library/PrivateFrameworks/IconFoundation.framework/Versions/A/IconFoundation
0x000000025da3d000 	/System/Library/PrivateFrameworks/IconRendering.framework/Versions/A/IconRendering
0x0000000274ba7000 	/System/Library/PrivateFrameworks/SFSymbols.framework/Versions/A/SFSymbols
0x00000001a0c6a000 	/System/Library/PrivateFrameworks/GraphVisualizer.framework/Versions/A/GraphVisualizer
0x00000002514d0000 	/System/Library/PrivateFrameworks/FontServices.framework/Versions/A/FontServices
0x00000001a0c7a000 	/System/Library/PrivateFrameworks/OTSVG.framework/Versions/A/OTSVG
0x000000019977a000 	/System/Library/Frameworks/ApplicationServices.framework/Versions/A/Frameworks/ATS.framework/Versions/A/Resources/libFontRegistry.dylib
0x0000000292e44000 	/usr/lib/libhvf.dylib
0x000000026de58000 	/System/Library/PrivateFrameworks/ParsingInternal.framework/Versions/A/ParsingInternal
0x00000002514d4000 	/System/Library/PrivateFrameworks/FontServices.framework/libXTFontStaticRegistryData.dylib
0x000000019cbde000 	/System/Library/Frameworks/MetalPerformanceShaders.framework/Versions/A/Frameworks/MPSCore.framework/Versions/A/MPSCore
0x000000019e9e8000 	/System/Library/Frameworks/MetalPerformanceShaders.framework/Versions/A/Frameworks/MPSImage.framework/Versions/A/MPSImage
0x000000019e3a7000 	/System/Library/Frameworks/MetalPerformanceShaders.framework/Versions/A/Frameworks/MPSNeuralNetwork.framework/Versions/A/MPSNeuralNetwork
0x000000019e7e6000 	/System/Library/Frameworks/MetalPerformanceShaders.framework/Versions/A/Frameworks/MPSMatrix.framework/Versions/A/MPSMatrix
0x000000019e5fe000 	/System/Library/Frameworks/MetalPerformanceShaders.framework/Versions/A/Frameworks/MPSRayIntersector.framework/Versions/A/MPSRayIntersector
0x000000019e818000 	/System/Library/Frameworks/MetalPerformanceShaders.framework/Versions/A/Frameworks/MPSNDArray.framework/Versions/A/MPSNDArray
0x0000000238acd000 	/System/Library/Frameworks/MetalPerformanceShaders.framework/Versions/A/Frameworks/MPSFunctions.framework/Versions/A/MPSFunctions
0x0000000238aae000 	/System/Library/Frameworks/MetalPerformanceShaders.framework/Versions/A/Frameworks/MPSBenchmarkLoop.framework/Versions/A/MPSBenchmarkLoop
0x0000000238ae1000 	/System/Library/Frameworks/MetalPerformanceShaders.framework/Versions/A/Frameworks/MPSHost.framework/Versions/A/MPSHost
0x000000018fb33000 	/System/Library/PrivateFrameworks/MetalTools.framework/Versions/A/MetalTools
0x00000001c183c000 	/System/Library/PrivateFrameworks/IOAccelMemoryInfo.framework/Versions/A/IOAccelMemoryInfo
0x00000001cfd50000 	/System/Library/PrivateFrameworks/kperf.framework/Versions/A/kperf
0x00000001bc59f000 	/System/Library/PrivateFrameworks/GPURawCounter.framework/Versions/A/GPURawCounter
0x00000001ad5cf000 	/System/Library/PrivateFrameworks/ASEProcessing.framework/Versions/A/ASEProcessing
0x00000001dde35000 	/System/Library/PrivateFrameworks/Symbolication.framework/Versions/A/Symbolication
0x0000000271305000 	/System/Library/PrivateFrameworks/PhotosensitivityProcessing.framework/Versions/A/PhotosensitivityProcessing
0x0000000274c2d000 	/System/Library/PrivateFrameworks/SILManager.framework/Versions/A/SILManager
0x00000001a9c7a000 	/System/Library/PrivateFrameworks/CoreSymbolication.framework/Versions/A/CoreSymbolication
0x00000001bc514000 	/System/Library/PrivateFrameworks/MallocStackLogging.framework/Versions/A/MallocStackLogging
0x00000001a9c58000 	/System/Library/PrivateFrameworks/DebugSymbols.framework/Versions/A/DebugSymbols
0x00000001ce4c3000 	/System/Library/PrivateFrameworks/OSAnalytics.framework/Versions/A/OSAnalytics
0x000000024f232000 	/System/Library/PrivateFrameworks/DeviceRecovery.framework/Versions/A/DeviceRecovery
0x000000028355b000 	/System/Library/PrivateFrameworks/Tightbeam.framework/Versions/A/Tightbeam
0x00000001d4b88000 	/System/Library/PrivateFrameworks/AFKUser.framework/Versions/A/AFKUser
0x000000019ee56000 	/System/Library/Frameworks/UserNotifications.framework/Versions/A/UserNotifications
0x00000001c1fd1000 	/System/Library/PrivateFrameworks/SiriInstrumentation.framework/Versions/A/SiriInstrumentation
0x0000000277088000 	/System/Library/PrivateFrameworks/SiriAnalytics.framework/Versions/A/SiriAnalytics
0x00000001bf739000 	/System/Library/PrivateFrameworks/FeedbackLogger.framework/Versions/A/FeedbackLogger
0x00000001d9fc8000 	/usr/lib/swift/libswiftAVFoundation.dylib
0x0000000285d83000 	/System/Library/PrivateFrameworks/UnifiedAssetFramework.framework/Versions/A/UnifiedAssetFramework
0x00000001a31b8000 	/System/Library/PrivateFrameworks/AudioSession.framework/Versions/A/AudioSession
0x00000001a0b7b000 	/System/Library/PrivateFrameworks/MediaExperience.framework/Versions/A/MediaExperience
0x00000001a2f8d000 	/System/Library/PrivateFrameworks/AudioSession.framework/libSessionUtility.dylib
0x00000001a8805000 	/System/Library/Frameworks/CoreBluetooth.framework/Versions/A/CoreBluetooth
0x000000019e08b000 	/System/Library/PrivateFrameworks/CoreUtils.framework/Versions/A/CoreUtils
0x00000001b441f000 	/System/Library/PrivateFrameworks/HID.framework/Versions/A/HID
0x000000024e14b000 	/System/Library/PrivateFrameworks/CoreUtilsExtras.framework/Versions/A/CoreUtilsExtras
0x000000025d992000 	/System/Library/PrivateFrameworks/IO80211.framework/Versions/A/IO80211
0x00000001a517b000 	/System/Library/Frameworks/IOBluetooth.framework/Versions/A/IOBluetooth
0x0000000293b1c000 	/usr/lib/swift/libswiftRegexBuilder.dylib
0x00000001a07d7000 	/usr/lib/libIOReport.dylib
0x00000001ea9e2000 	/System/Library/PrivateFrameworks/WiFiPeerToPeer.framework/Versions/A/WiFiPeerToPeer
0x000000019e227000 	/System/Library/Frameworks/SecurityFoundation.framework/Versions/A/SecurityFoundation
0x00000002467ed000 	/System/Library/PrivateFrameworks/Centauri.framework/Versions/A/Centauri
0x0000000190517000 	/System/Library/PrivateFrameworks/Lexicon.framework/Versions/A/Lexicon
0x0000000293294000 	/usr/lib/libmrc.dylib
0x000000025d9fd000 	/System/Library/PrivateFrameworks/IPConfiguration.framework/Versions/A/IPConfiguration
0x00000001de60c000 	/System/Library/PrivateFrameworks/Netrb.framework/Versions/A/Netrb
0x000000019e390000 	/usr/lib/libgermantok.dylib
0x000000019cdcd000 	/System/Library/PrivateFrameworks/LinguisticData.framework/Versions/A/LinguisticData
0x00000001a8a0e000 	/System/Library/PrivateFrameworks/MediaKit.framework/Versions/A/MediaKit
0x00000001a895c000 	/System/Library/Frameworks/DiscRecording.framework/Versions/A/DiscRecording
0x00000001a0a52000 	/usr/lib/libheimdal-asn1.dylib
0x00000001ac437000 	/System/Library/Frameworks/AudioUnit.framework/Versions/A/AudioUnit
0x0000000199a92000 	/System/Library/Frameworks/OpenDirectory.framework/Versions/A/OpenDirectory
0x0000000199aa0000 	/System/Library/Frameworks/OpenDirectory.framework/Versions/A/Frameworks/CFOpenDirectory.framework/Versions/A/CFOpenDirectory
0x00000001a5523000 	/System/Library/PrivateFrameworks/GeoServices.framework/Versions/A/GeoServices
0x00000001a2f53000 	/System/Library/PrivateFrameworks/LocationSupport.framework/Versions/A/LocationSupport
0x000000025a6b9000 	/System/Library/PrivateFrameworks/GeoServicesCore.framework/Versions/A/GeoServicesCore
0x00000001b5323000 	/System/Library/PrivateFrameworks/PhoneNumbers.framework/Versions/A/PhoneNumbers
0x0000000262e41000 	/System/Library/PrivateFrameworks/LocationLogEncryption.framework/Versions/A/LocationLogEncryption
0x0000000234d55000 	/System/Library/Frameworks/AVFAudio.framework/Versions/A/AVFAudio
0x0000000234e99000 	/System/Library/Frameworks/AVRouting.framework/Versions/A/AVRouting
0x00000001b543b000 	/usr/lib/libAccessibility.dylib
0x000000026182b000 	/System/Library/PrivateFrameworks/IsolatedCoreAudioClient.framework/Versions/A/IsolatedCoreAudioClient
0x0000000249f83000 	/System/Library/PrivateFrameworks/CoreAudioOrchestration.framework/Versions/A/CoreAudioOrchestration
0x00000001a1e29000 	/System/Library/Frameworks/MediaToolbox.framework/Versions/A/MediaToolbox
0x00000001a8b34000 	/System/Library/PrivateFrameworks/CoreAVCHD.framework/Versions/A/CoreAVCHD
0x00000001a7a63000 	/System/Library/Frameworks/MediaAccessibility.framework/Versions/A/MediaAccessibility
0x00000001a8b30000 	/System/Library/PrivateFrameworks/Mangrove.framework/Versions/A/Mangrove
0x0000000245e29000 	/System/Library/PrivateFrameworks/CMPhoto.framework/Versions/A/CMPhoto
0x00000001a92fd000 	/System/Library/Frameworks/CoreTelephony.framework/Versions/A/CoreTelephony
0x00000001a8b23000 	/System/Library/PrivateFrameworks/CoreAUC.framework/Versions/A/CoreAUC
0x0000000242f9a000 	/System/Library/PrivateFrameworks/AppleJPEGXL.framework/Versions/A/AppleJPEGXL
0x00000001a3854000 	/usr/lib/libTelephonyUtilDynamic.dylib
0x00000001e5574000 	/System/Library/Frameworks/CryptoKit.framework/Versions/A/CryptoKit
0x00000001ac432000 	/System/Library/PrivateFrameworks/CryptoKitCBridging.framework/Versions/A/CryptoKitCBridging
0x00000001a9941000 	/System/Library/Frameworks/CryptoTokenKit.framework/Versions/A/CryptoTokenKit
0x000000024eca3000 	/System/Library/PrivateFrameworks/Dendrite.framework/Versions/A/Dendrite
0x00000001bc147000 	/System/Library/Frameworks/NaturalLanguage.framework/Versions/A/NaturalLanguage
0x00000001ea96a000 	/usr/lib/swift/libswiftNaturalLanguage.dylib
0x0000000243b10000 	/System/Library/PrivateFrameworks/AppleMobileFileIntegrity.framework/Versions/A/AppleMobileFileIntegrity
0x00000002923f3000 	/usr/lib/libTLE.dylib
0x00000001bc546000 	/usr/lib/libmis.dylib
0x00000001f4071000 	/System/Library/PrivateFrameworks/ConfigProfileHelper.framework/Versions/A/ConfigProfileHelper
0x00000001ac5c1000 	/System/Library/PrivateFrameworks/Espresso.framework/Versions/A/Espresso
0x000000019a221000 	/System/Library/Frameworks/CoreML.framework/Versions/A/CoreML
0x00000001e8827000 	/usr/lib/libedit.3.dylib
0x0000000231b64000 	/System/Library/PrivateFrameworks/ANECompiler.framework/Versions/A/ANECompiler
0x00000001ae696000 	/System/Library/PrivateFrameworks/AppleNeuralEngine.framework/Versions/A/AppleNeuralEngine
0x0000000262f5f000 	/System/Library/PrivateFrameworks/MIL.framework/Versions/A/MIL
0x0000000238ae7000 	/System/Library/Frameworks/MetalPerformanceShadersGraph.framework/Versions/A/MetalPerformanceShadersGraph
0x00000002636ce000 	/System/Library/PrivateFrameworks/MLCompilerServices.framework/Versions/A/MLCompilerServices
0x00000001ad413000 	/System/Library/PrivateFrameworks/ANEServices.framework/Versions/A/ANEServices
0x00000001c17ff000 	/usr/lib/libncurses.5.4.dylib
0x00000001936ce000 	/usr/lib/libsandbox.1.dylib
0x00000001a0978000 	/usr/lib/libMatch.1.dylib
0x000000026cf4e000 	/System/Library/PrivateFrameworks/ODIE.framework/Versions/A/ODIE
0x000000026635b000 	/System/Library/PrivateFrameworks/MLModelAsset.framework/Versions/A/MLModelAsset
0x0000000263674000 	/System/Library/PrivateFrameworks/MLCompilerRuntime.framework/Versions/A/MLCompilerRuntime
0x000000019e653000 	/System/Library/Frameworks/MLCompute.framework/Versions/A/MLCompute
0x00000002635f6000 	/System/Library/PrivateFrameworks/MLAssetIO.framework/Versions/A/MLAssetIO
0x0000000293aee000 	/usr/lib/swift/libswiftMLCompute.dylib
0x00000001a9518000 	/System/Library/PrivateFrameworks/AVFCore.framework/Versions/A/AVFCore
0x00000001b2d3d000 	/System/Library/PrivateFrameworks/AVFCapture.framework/Versions/A/AVFCapture
0x0000000245c20000 	/System/Library/PrivateFrameworks/CMImaging.framework/Versions/A/CMImaging
0x00000001b2f7f000 	/System/Library/PrivateFrameworks/Quagga.framework/Versions/A/Quagga
0x00000001b30b0000 	/System/Library/PrivateFrameworks/CMCapture.framework/Versions/A/CMCapture
0x00000001a33de000 	/System/Library/Frameworks/CoreMediaIO.framework/Versions/A/CoreMediaIO
0x0000000245b5b000 	/System/Library/PrivateFrameworks/CMCaptureDevice.framework/Versions/A/CMCaptureDevice
0x00000001a0db3000 	/System/Library/PrivateFrameworks/CoreBrightness.framework/Versions/A/CoreBrightness
0x0000000246ce4000 	/System/Library/PrivateFrameworks/CinematicFraming.framework/Versions/A/CinematicFraming
0x0000000269436000 	/System/Library/PrivateFrameworks/ModelManagerServices.framework/Versions/A/ModelManagerServices
0x00000001d7032000 	/System/Library/PrivateFrameworks/CPMS.framework/Versions/A/CPMS
0x0000000280c83000 	/System/Library/PrivateFrameworks/SystemStatus.framework/Versions/A/SystemStatus
0x00000001baf85000 	/System/Library/Frameworks/CoreMotion.framework/Versions/A/CoreMotion
0x00000001cb552000 	/System/Library/PrivateFrameworks/TimeSync.framework/Versions/A/TimeSync
0x000000024f669000 	/System/Library/PrivateFrameworks/DistributedSensing.framework/Versions/A/DistributedSensing
0x00000001c6947000 	/System/Library/PrivateFrameworks/MobileBluetooth.framework/Versions/A/MobileBluetooth
0x00000001cd210000 	/System/Library/PrivateFrameworks/IOKitten.framework/Versions/A/IOKitten
0x0000000242e14000 	/System/Library/PrivateFrameworks/AppleIntelligenceReporting.framework/Versions/A/AppleIntelligenceReporting
0x000000019df9a000 	/System/Library/PrivateFrameworks/CoreEmoji.framework/Versions/A/CoreEmoji
0x0000000190829000 	/usr/lib/libCRFSuite.dylib
0x0000000191b09000 	/System/Library/PrivateFrameworks/LanguageModeling.framework/Versions/A/LanguageModeling
0x000000019ccad000 	/System/Library/PrivateFrameworks/CoreNLP.framework/Versions/A/CoreNLP
0x0000000196a7f000 	/System/Library/PrivateFrameworks/Montreal.framework/Versions/A/Montreal
0x000000019f10a000 	/usr/lib/libcmph.dylib
0x000000019e331000 	/usr/lib/libmecab.dylib
0x000000019f27b000 	/usr/lib/libThaiTokenizer.dylib
0x000000025a49e000 	/System/Library/PrivateFrameworks/GenerativeModelsFoundation.framework/Versions/A/GenerativeModelsFoundation
0x0000000283a60000 	/System/Library/PrivateFrameworks/TokenGeneration.framework/Versions/A/TokenGeneration
0x000000025a272000 	/System/Library/PrivateFrameworks/GenerativeFunctions.framework/Versions/A/GenerativeFunctions
0x000000025a2c0000 	/System/Library/PrivateFrameworks/GenerativeFunctionsFoundation.framework/Versions/A/GenerativeFunctionsFoundation
0x00000002690fc000 	/System/Library/PrivateFrameworks/ModelCatalog.framework/Versions/A/ModelCatalog
0x00000002762a2000 	/System/Library/PrivateFrameworks/SensitiveContentAnalysisML.framework/Versions/A/SensitiveContentAnalysisML
0x000000025a356000 	/System/Library/PrivateFrameworks/GenerativeFunctionsInstrumentation.framework/Versions/A/GenerativeFunctionsInstrumentation
0x000000027311a000 	/System/Library/PrivateFrameworks/PromptKit.framework/Versions/A/PromptKit
0x0000000272b31000 	/System/Library/PrivateFrameworks/ProactiveDaemonSupport.framework/Versions/A/ProactiveDaemonSupport
0x0000000283c98000 	/System/Library/PrivateFrameworks/TokenGenerationCore.framework/Versions/A/TokenGenerationCore
0x00000001bd012000 	/System/Library/PrivateFrameworks/Trial.framework/Versions/A/Trial
0x00000001bcf93000 	/System/Library/PrivateFrameworks/TrialProto.framework/Versions/A/TrialProto
0x0000000242a40000 	/System/Library/PrivateFrameworks/AppleFlatBuffers.framework/Versions/A/AppleFlatBuffers
0x0000000276572000 	/System/Library/PrivateFrameworks/SentencePieceInternal.framework/Versions/A/SentencePieceInternal
0x00000001a7abd000 	/System/Library/Frameworks/Vision.framework/Versions/A/Vision
0x000000024de2d000 	/System/Library/PrivateFrameworks/CoreSceneUnderstanding.framework/Versions/A/CoreSceneUnderstanding
0x00000002888d8000 	/System/Library/PrivateFrameworks/VisionCore.framework/Versions/A/VisionCore
0x00000001c58d5000 	/System/Library/Frameworks/Vision.framework/libfaceCore.dylib
0x00000001c63ef000 	/System/Library/PrivateFrameworks/Futhark.framework/Versions/A/Futhark
0x00000001ca32f000 	/System/Library/PrivateFrameworks/InertiaCam.framework/Versions/A/InertiaCam
0x00000001c617c000 	/System/Library/PrivateFrameworks/TextRecognition.framework/Versions/A/TextRecognition
0x00000001a0815000 	/System/Library/PrivateFrameworks/CVNLP.framework/Versions/A/CVNLP
0x00000001e296b000 	/System/Library/PrivateFrameworks/HIDDisplay.framework/Versions/A/HIDDisplay
0x00000001a190d000 	/System/Library/Frameworks/ApplicationServices.framework/Versions/A/Frameworks/ATSUI.framework/Versions/A/ATSUI
0x00000001a35c2000 	/usr/lib/libcups.2.dylib
0x00000001a3658000 	/System/Library/Frameworks/Kerberos.framework/Versions/A/Kerberos
0x00000001a32c9000 	/usr/lib/libresolv.9.dylib
0x00000001a0cce000 	/System/Library/PrivateFrameworks/Heimdal.framework/Versions/A/Heimdal
0x00000001ac436000 	/System/Library/Frameworks/Kerberos.framework/Versions/A/Libraries/libHeimdalProxy.dylib
0x00000001a36bc000 	/System/Library/PrivateFrameworks/CommonAuth.framework/Versions/A/CommonAuth
0x00000001b532f000 	/System/Library/PrivateFrameworks/AXCoreUtilities.framework/Versions/A/AXCoreUtilities
0x0000000291ef4000 	/usr/lib/libAXSafeCategoryBundle.dylib
0x000000023ce72000 	/System/Library/Frameworks/TabularData.framework/Versions/A/TabularData
0x0000000243cc0000 	/System/Library/PrivateFrameworks/ArgumentParserInternal.framework/Versions/A/ArgumentParserInternal
0x000000019de5c000 	/System/Library/Frameworks/Accelerate.framework/Versions/A/Frameworks/vecLib.framework/Versions/A/libvDSP.dylib
0x000000019f3ca000 	/System/Library/Frameworks/Accelerate.framework/Versions/A/Frameworks/vecLib.framework/Versions/A/libLAPACK.dylib
0x000000019e393000 	/System/Library/Frameworks/Accelerate.framework/Versions/A/Frameworks/vecLib.framework/Versions/A/libLinearAlgebra.dylib
0x000000019f2c1000 	/System/Library/Frameworks/Accelerate.framework/Versions/A/Frameworks/vecLib.framework/Versions/A/libSparseBLAS.dylib
0x000000019f3c5000 	/System/Library/Frameworks/Accelerate.framework/Versions/A/Frameworks/vecLib.framework/Versions/A/libQuadrature.dylib
0x000000019cdd4000 	/System/Library/Frameworks/Accelerate.framework/Versions/A/Frameworks/vecLib.framework/Versions/A/libBNNS.dylib
0x0000000190627000 	/System/Library/Frameworks/Accelerate.framework/Versions/A/Frameworks/vecLib.framework/Versions/A/libSparse.dylib
0x00000001a3621000 	/System/Library/PrivateFrameworks/NetAuth.framework/Versions/A/NetAuth
0x0000000199cb6000 	/System/Library/PrivateFrameworks/login.framework/Versions/A/Frameworks/loginsupport.framework/Versions/A/loginsupport
0x000000019e2fb000 	/usr/lib/libCheckFix.dylib
0x0000000198e3c000 	/System/Library/PrivateFrameworks/MetadataUtilities.framework/Versions/A/MetadataUtilities
0x000000025e484000 	/System/Library/PrivateFrameworks/InstalledContentLibrary.framework/Versions/A/InstalledContentLibrary
0x0000000193592000 	/System/Library/PrivateFrameworks/CoreServicesStore.framework/Versions/A/CoreServicesStore
0x00000001cfe67000 	/System/Library/PrivateFrameworks/MobileSystemServices.framework/Versions/A/MobileSystemServices
0x00000001a069a000 	/usr/lib/libxslt.1.dylib
0x000000019e2ba000 	/System/Library/PrivateFrameworks/BackgroundTaskManagement.framework/Versions/A/BackgroundTaskManagement
0x00000001abac8000 	/usr/lib/libcurl.4.dylib
0x0000000292bf8000 	/usr/lib/libcrypto.46.dylib
0x0000000293797000 	/usr/lib/libssl.48.dylib
0x00000001ab7a2000 	/System/Library/Frameworks/LDAP.framework/Versions/A/LDAP
0x00000001ab7de000 	/System/Library/PrivateFrameworks/TrustEvaluationAgent.framework/Versions/A/TrustEvaluationAgent
0x00000001a32e6000 	/usr/lib/libsasl2.2.dylib
0x00000001b9458000 	/usr/lib/swift/libswiftCoreGraphics.dylib
0x00000001a8157000 	/usr/lib/swift/libswiftFoundation.dylib
0x00000001f3a15000 	/usr/lib/swift/libswiftSwiftOnoneSupport.dylib
0x0000000293e45000 	/usr/lib/swift/libswiftsys_time.dylib
0x00000001de64a000 	/System/Library/PrivateFrameworks/CoreMaterial.framework/Versions/A/CoreMaterial
0x00000002923f0000 	/usr/lib/libSpatial.dylib
0x0000000291e11000 	/System/Library/SubFrameworks/UIUtilities.framework/Versions/A/UIUtilities
0x0000000107d44000 	/Users/orly/.gradle/jdks/amazon_com_inc_-21-aarch64-os_x.2/amazon-corretto-21.jdk/Contents/Home/lib/server/libjvm.dylib
0x0000000102524000 	/Users/orly/.gradle/jdks/amazon_com_inc_-21-aarch64-os_x.2/amazon-corretto-21.jdk/Contents/Home/lib/libjimage.dylib
0x0000000106c00000 	/Users/orly/.gradle/jdks/amazon_com_inc_-21-aarch64-os_x.2/amazon-corretto-21.jdk/Contents/Home/lib/libinstrument.dylib
0x0000000106c48000 	/Users/orly/.gradle/jdks/amazon_com_inc_-21-aarch64-os_x.2/amazon-corretto-21.jdk/Contents/Home/lib/libjava.dylib
0x0000000107718000 	/Users/orly/.gradle/jdks/amazon_com_inc_-21-aarch64-os_x.2/amazon-corretto-21.jdk/Contents/Home/lib/libzip.dylib
0x0000000107740000 	/Users/orly/.gradle/jdks/amazon_com_inc_-21-aarch64-os_x.2/amazon-corretto-21.jdk/Contents/Home/lib/libnio.dylib
0x0000000107760000 	/Users/orly/.gradle/jdks/amazon_com_inc_-21-aarch64-os_x.2/amazon-corretto-21.jdk/Contents/Home/lib/libnet.dylib
0x000000010777c000 	/Users/orly/.gradle/jdks/amazon_com_inc_-21-aarch64-os_x.2/amazon-corretto-21.jdk/Contents/Home/lib/libverify.dylib
0x0000000106c28000 	/Users/orly/.gradle/native/660c5614fbf4a5f2a75b1949f50a0caf5cd603558e7d8a26e50b933a0cfb79d1/osx-aarch64/libnative-platform.dylib
0x000000010781c000 	/Users/orly/.gradle/native/0.2.8/aarch64-macos/libgradle-fileevents.dylib
0x00000001077ac000 	/Users/orly/.gradle/jdks/amazon_com_inc_-21-aarch64-os_x.2/amazon-corretto-21.jdk/Contents/Home/lib/libmanagement.dylib
0x00000001077c0000 	/Users/orly/.gradle/jdks/amazon_com_inc_-21-aarch64-os_x.2/amazon-corretto-21.jdk/Contents/Home/lib/libmanagement_ext.dylib
0x00000001077d4000 	/Users/orly/.gradle/jdks/amazon_com_inc_-21-aarch64-os_x.2/amazon-corretto-21.jdk/Contents/Home/lib/libextnet.dylib
0x00000001079a4000 	/Users/orly/.gradle/jdks/amazon_com_inc_-21-aarch64-os_x.2/amazon-corretto-21.jdk/Contents/Home/lib/libawt.dylib
0x0000000107a48000 	/Users/orly/.gradle/jdks/amazon_com_inc_-21-aarch64-os_x.2/amazon-corretto-21.jdk/Contents/Home/lib/libmlib_image.dylib
0x0000000237c3f000 	/System/Library/Frameworks/JavaRuntimeSupport.framework/Versions/A/JavaRuntimeSupport
0x00000001baf84000 	/System/Library/Frameworks/Carbon.framework/Versions/A/Carbon
0x00000001b1146000 	/System/Library/Frameworks/Carbon.framework/Versions/A/Frameworks/CommonPanels.framework/Versions/A/CommonPanels
0x00000001abab3000 	/System/Library/Frameworks/Carbon.framework/Versions/A/Frameworks/Help.framework/Versions/A/Help
0x00000001b114a000 	/System/Library/Frameworks/Carbon.framework/Versions/A/Frameworks/ImageCapture.framework/Versions/A/ImageCapture
0x00000001b1125000 	/System/Library/Frameworks/Carbon.framework/Versions/A/Frameworks/OpenScripting.framework/Versions/A/OpenScripting
0x00000001b1145000 	/System/Library/Frameworks/Carbon.framework/Versions/A/Frameworks/Ink.framework/Versions/A/Ink
0x00000001b1142000 	/System/Library/Frameworks/Carbon.framework/Versions/A/Frameworks/SecurityHI.framework/Versions/A/SecurityHI
0x0000000292264000 	/usr/lib/libInterpreterSecurity.dylib
0x00000001d1be4000 	/System/Library/PrivateFrameworks/XprotectFramework.framework/Versions/A/XprotectFramework
0x00000001b4740000 	/System/Library/PrivateFrameworks/yara.framework/Versions/A/yara
0x00000002921e1000 	/usr/lib/libEndpointSecuritySystem.dylib
0x0000000107bf0000 	/Users/orly/.gradle/jdks/amazon_com_inc_-21-aarch64-os_x.2/amazon-corretto-21.jdk/Contents/Home/lib/libawt_lwawt.dylib
0x0000000107920000 	/Users/orly/.gradle/jdks/amazon_com_inc_-21-aarch64-os_x.2/amazon-corretto-21.jdk/Contents/Home/lib/libosxapp.dylib
0x00000001b94c1000 	/System/Library/Frameworks/ExceptionHandling.framework/Versions/A/ExceptionHandling
0x0000000126e94000 	/Users/orly/.gradle/jdks/amazon_com_inc_-21-aarch64-os_x.2/amazon-corretto-21.jdk/Contents/Home/lib/libfontmanager.dylib
0x0000000126d38000 	/Users/orly/.gradle/jdks/amazon_com_inc_-21-aarch64-os_x.2/amazon-corretto-21.jdk/Contents/Home/lib/libfreetype.dylib
0x000000012d2cc000 	/private/var/folders/05/0w0rwk0n7pn35pq6dn67t8bm0000gn/T/sqlite-3.41.2.2-bb72794e-6727-47c0-8f69-28c5622960f9-libsqlitejdbc.jnilib
0x00000001077e8000 	/Users/orly/.gradle/jdks/amazon_com_inc_-21-aarch64-os_x.2/amazon-corretto-21.jdk/Contents/Home/lib/librmi.dylib

JVMTI agents:
/Users/orly/.gradle/wrapper/dists/gradle-9.5.0-bin/bvnork1r7n8i6kp5cnkibsc9q/gradle-9.5.0/lib/agents/gradle-instrumentation-agent-9.5.0.jar path:none, loaded, initialized, instrumentlib options:none


VM Arguments:
jvm_args: --add-opens=java.base/java.lang=ALL-UNNAMED --add-opens=java.base/java.lang.invoke=ALL-UNNAMED --add-opens=java.base/java.util=ALL-UNNAMED --add-opens=java.prefs/java.util.prefs=ALL-UNNAMED --add-exports=jdk.compiler/com.sun.tools.javac.api=ALL-UNNAMED --add-exports=jdk.compiler/com.sun.tools.javac.util=ALL-UNNAMED --add-opens=java.base/java.nio.charset=ALL-UNNAMED --add-opens=java.base/java.net=ALL-UNNAMED --add-opens=java.base/java.util.concurrent=ALL-UNNAMED --add-opens=java.base/java.util.concurrent.atomic=ALL-UNNAMED --add-opens=java.xml/javax.xml.namespace=ALL-UNNAMED --add-opens=java.base/java.time=ALL-UNNAMED -Xmx4096M -Dfile.encoding=UTF-8 -Duser.country=BO -Duser.language=en -Duser.variant -javaagent:/Users/orly/.gradle/wrapper/dists/gradle-9.5.0-bin/bvnork1r7n8i6kp5cnkibsc9q/gradle-9.5.0/lib/agents/gradle-instrumentation-agent-9.5.0.jar 
java_command: org.gradle.launcher.daemon.bootstrap.GradleDaemon 9.5.0
java_class_path (initial): /Users/orly/.gradle/wrapper/dists/gradle-9.5.0-bin/bvnork1r7n8i6kp5cnkibsc9q/gradle-9.5.0/lib/gradle-daemon-main-9.5.0.jar
Launcher Type: SUN_STANDARD

[Global flags]
     intx CICompilerCount                          = 4                                         {product} {ergonomic}
     uint ConcGCThreads                            = 2                                         {product} {ergonomic}
     uint G1ConcRefinementThreads                  = 9                                         {product} {ergonomic}
   size_t G1HeapRegionSize                         = 2097152                                   {product} {ergonomic}
    uintx GCDrainStackTargetSize                   = 64                                        {product} {ergonomic}
   size_t InitialHeapSize                          = 268435456                                 {product} {ergonomic}
   size_t MarkStackSize                            = 4194304                                   {product} {ergonomic}
   size_t MaxHeapSize                              = 4294967296                                {product} {command line}
   size_t MaxNewSize                               = 2575302656                                {product} {ergonomic}
   size_t MinHeapDeltaBytes                        = 2097152                                   {product} {ergonomic}
   size_t MinHeapSize                              = 8388608                                   {product} {ergonomic}
    uintx NonNMethodCodeHeapSize                   = 5839564                                {pd product} {ergonomic}
    uintx NonProfiledCodeHeapSize                  = 122909338                              {pd product} {ergonomic}
    uintx ProfiledCodeHeapSize                     = 122909338                              {pd product} {ergonomic}
    uintx ReservedCodeCacheSize                    = 251658240                              {pd product} {ergonomic}
     bool SegmentedCodeCache                       = true                                      {product} {ergonomic}
   size_t SoftMaxHeapSize                          = 4294967296                             {manageable} {ergonomic}
     bool UseCompressedOops                        = true                           {product lp64_product} {ergonomic}
     bool UseG1GC                                  = true                                      {product} {ergonomic}
     bool UseNUMA                                  = false                                     {product} {ergonomic}
     bool UseNUMAInterleaving                      = false                                     {product} {ergonomic}

Logging:
Log output configuration:
 #0: stdout all=warning uptime,level,tags foldmultilines=false
 #1: stderr all=off uptime,level,tags foldmultilines=false

Release file:
IMPLEMENTOR="Amazon.com Inc."
IMPLEMENTOR_VERSION="Corretto-21.0.11.10.1"
JAVA_RUNTIME_VERSION="21.0.11+10-LTS"
JAVA_VERSION="21.0.11"
JAVA_VERSION_DATE="2026-04-21"
LIBC="default"
MODULES="java.base java.compiler java.datatransfer java.xml java.prefs java.desktop java.instrument java.logging java.management java.security.sasl java.naming java.rmi java.management.rmi java.net.http java.scripting java.security.jgss java.transaction.xa java.sql java.sql.rowset java.xml.crypto java.se java.smartcardio jdk.accessibility jdk.internal.jvmstat jdk.attach jdk.charsets jdk.internal.opt jdk.zipfs jdk.compiler jdk.crypto.ec jdk.crypto.cryptoki jdk.dynalink jdk.internal.ed jdk.editpad jdk.hotspot.agent jdk.httpserver jdk.incubator.vector jdk.internal.le jdk.internal.vm.ci jdk.internal.vm.compiler jdk.internal.vm.compiler.management jdk.jartool jdk.javadoc jdk.jcmd jdk.management jdk.management.agent jdk.jconsole jdk.jdeps jdk.jdwp.agent jdk.jdi jdk.jfr jdk.jlink jdk.jpackage jdk.jshell jdk.jsobject jdk.jstatd jdk.localedata jdk.management.jfr jdk.naming.dns jdk.naming.rmi jdk.net jdk.nio.mapmode jdk.random jdk.sctp jdk.security.auth jdk.security.jgss jdk.unsupported jdk.unsupported.desktop jdk.xml.dom"
OS_ARCH="aarch64"
OS_NAME="Darwin"
SOURCE=".:git:867f343e1b40+"

Environment Variables:
PATH=/usr/local/bin:/System/Cryptexes/App/usr/bin:/usr/bin:/bin:/usr/sbin:/sbin:/var/run/com.apple.security.cryptexd/codex.system/bootstrap/usr/local/bin:/var/run/com.apple.security.cryptexd/codex.system/bootstrap/usr/bin:/var/run/com.apple.security.cryptexd/codex.system/bootstrap/usr/appleinternal/bin:/pkg/env/global/bin:/Library/Apple/usr/bin:/Users/orly/.antigravity-ide/antigravity-ide/bin:/Users/orly/.rbenv/shims:/opt/homebrew/bin:/opt/homebrew/sbin:/Users/orly/Library/Android/sdk/cmdline-tools/latest/bin:/Users/orly/Library/Android/sdk/platform-tools:/Users/orly/.local/bin:/Applications/Android Studio.app/Contents/plugins/android/resources/android-cli/bin
SHELL=/bin/zsh
LANG=en_US.UTF-8
LC_ALL=en_US.UTF-8export
TMPDIR=/var/folders/05/0w0rwk0n7pn35pq6dn67t8bm0000gn/T/

Active Locale:
LC_ALL=C
LC_COLLATE=C
LC_CTYPE=C
LC_MESSAGES=C
LC_MONETARY=C
LC_NUMERIC=C
LC_TIME=C

Signal Handlers:
   SIGSEGV: crash_handler in libjvm.dylib, mask=11100110000111110111111111111111, flags=SA_ONSTACK|SA_RESTART|SA_SIGINFO, unblocked
    SIGBUS: crash_handler in libjvm.dylib, mask=11100110000111110111111111111111, flags=SA_RESTART|SA_SIGINFO, unblocked
    SIGFPE: crash_handler in libjvm.dylib, mask=11100110000111110111111111111111, flags=SA_RESTART|SA_SIGINFO, unblocked
   SIGPIPE: javaSignalHandler in libjvm.dylib, mask=11100110000111110111111111111111, flags=SA_RESTART|SA_SIGINFO, blocked
   SIGXFSZ: javaSignalHandler in libjvm.dylib, mask=11100110000111110111111111111111, flags=SA_RESTART|SA_SIGINFO, blocked
    SIGILL: crash_handler in libjvm.dylib, mask=11100110000111110111111111111111, flags=SA_RESTART|SA_SIGINFO, unblocked
   SIGUSR2: SR_handler in libjvm.dylib, mask=00000000000000000000000000000000, flags=SA_RESTART|SA_SIGINFO, blocked
    SIGHUP: UserHandler in libjvm.dylib, mask=11100110000111110111111111111111, flags=SA_RESTART|SA_SIGINFO, blocked
    SIGINT: UserHandler in libjvm.dylib, mask=11100110000111110111111111111111, flags=SA_RESTART|SA_SIGINFO, blocked
   SIGTERM: UserHandler in libjvm.dylib, mask=11100110000111110111111111111111, flags=SA_RESTART|SA_SIGINFO, blocked
   SIGQUIT: UserHandler in libjvm.dylib, mask=11100110000111110111111111111111, flags=SA_RESTART|SA_SIGINFO, blocked
   SIGTRAP: crash_handler in libjvm.dylib, mask=11100110000111110111111111111111, flags=SA_RESTART|SA_SIGINFO, unblocked


Periodic native trim disabled

---------------  S Y S T E M  ---------------

OS:
uname: Darwin 25.5.0 Darwin Kernel Version 25.5.0: Tue Jun  9 22:18:58 PDT 2026; root:xnu-12377.121.10~1/RELEASE_ARM64_T6000 arm64
OS uptime: 0 days 3:54 hours
rlimit (soft/hard): STACK 8176k/65520k , CORE 0k/infinity , NPROC 2666/4000 , NOFILE 1048576/infinity , AS infinity/infinity , CPU infinity/infinity , DATA infinity/infinity , FSIZE infinity/infinity , MEMLOCK infinity/infinity , RSS infinity/infinity
load average: 11.79 6.42 4.54

CPU: total 10 (initial active 10) 0x61:0x0:0x1b588bb3:0, fp, asimd, aes, pmull, sha1, sha256, crc32, lse, sha3, sha512, sb
machdep.cpu.brand_string:Apple M1 Pro
hw.cachelinesize:128
hw.l1icachesize:131072
hw.l1dcachesize:65536
hw.l2cachesize:4194304

Memory: 16k page, physical 16777216k(316640k free), swap 2097152k(680704k free)

vm_info: OpenJDK 64-Bit Server VM (21.0.11+10-LTS) for bsd-aarch64 JRE (21.0.11+10-LTS), built on 2026-04-19T03:06:24Z by "ec2user" with clang Apple LLVM 15.0.0 (clang-1500.3.9.4)

END.
