#
# A fatal error has been detected by the Java Runtime Environment:
#
#  SIGSEGV (0xb) at pc=0x0000000118e98874, pid=3287, tid=60963
#
# JRE version: OpenJDK Runtime Environment Corretto-21.0.11.10.1 (21.0.11+10) (build 21.0.11+10-LTS)
# Java VM: OpenJDK 64-Bit Server VM Corretto-21.0.11.10.1 (21.0.11+10-LTS, mixed mode, sharing, tiered, compressed oops, compressed class ptrs, g1 gc, bsd-aarch64)
# Problematic frame:
# J 25991 c2 java.io.ObjectOutputStream.writeObject0(Ljava/lang/Object;Z)V java.base@21.0.11 (620 bytes) @ 0x0000000118e98874 [0x0000000118e98400+0x0000000000000474]
#
# No core dump will be written. Core dumps have been disabled. To enable core dumping, try "ulimit -c unlimited" before starting Java again
#
# If you would like to submit a bug report, please visit:
#   https://github.com/corretto/corretto-21/issues/
#

---------------  S U M M A R Y ------------

Command Line: --add-opens=java.base/java.lang=ALL-UNNAMED --add-opens=java.base/java.lang.invoke=ALL-UNNAMED --add-opens=java.base/java.util=ALL-UNNAMED --add-opens=java.prefs/java.util.prefs=ALL-UNNAMED --add-exports=jdk.compiler/com.sun.tools.javac.api=ALL-UNNAMED --add-exports=jdk.compiler/com.sun.tools.javac.util=ALL-UNNAMED --add-opens=java.base/java.nio.charset=ALL-UNNAMED --add-opens=java.base/java.net=ALL-UNNAMED --add-opens=java.base/java.util.concurrent=ALL-UNNAMED --add-opens=java.base/java.util.concurrent.atomic=ALL-UNNAMED --add-opens=java.xml/javax.xml.namespace=ALL-UNNAMED --add-opens=java.base/java.time=ALL-UNNAMED -Xmx4096M -Dfile.encoding=UTF-8 -Duser.country=BO -Duser.language=en -Duser.variant -javaagent:/Users/orly/.gradle/wrapper/dists/gradle-9.5.0-bin/bvnork1r7n8i6kp5cnkibsc9q/gradle-9.5.0/lib/agents/gradle-instrumentation-agent-9.5.0.jar org.gradle.launcher.daemon.bootstrap.GradleDaemon 9.5.0

Host: "MacBookPro18,1" arm64, 10 cores, 16G, Darwin 25.6.0, macOS 26.6.2 (25G83)
Time: Wed Sep  2 19:19:49 2026 -04 elapsed time: 2496.202998 seconds (0d 0h 41m 36s)

---------------  T H R E A D  ---------------

Current thread (0x00000009181df100):  JavaThread "Daemon client event forwarder"        [_thread_in_Java, id=60963, stack(0x0000000174128000,0x000000017432b000) (2060K)]

Stack: [0x0000000174128000,0x000000017432b000],  sp=0x000000017432a390,  free space=2056k
Native frames: (J=compiled Java code, j=interpreted, Vv=VM code, C=native code)
J 25991 c2 java.io.ObjectOutputStream.writeObject0(Ljava/lang/Object;Z)V java.base@21.0.11 (620 bytes) @ 0x0000000118e98874 [0x0000000118e98400+0x0000000000000474]
J 23207 c2 java.io.ObjectOutputStream.writeObject(Ljava/lang/Object;)V java.base@21.0.11 (38 bytes) @ 0x000000011890218c [0x0000000118902140+0x000000000000004c]
j  org.gradle.internal.serialize.DefaultSerializer.write(Lorg/gradle/internal/serialize/Encoder;Ljava/lang/Object;)V+16
j  org.gradle.launcher.daemon.protocol.DaemonMessageSerializer$BuildEventSerializer.write(Lorg/gradle/internal/serialize/Encoder;Lorg/gradle/launcher/daemon/protocol/BuildEvent;)V+9
j  org.gradle.launcher.daemon.protocol.DaemonMessageSerializer$BuildEventSerializer.write(Lorg/gradle/internal/serialize/Encoder;Ljava/lang/Object;)V+6
J 28235 c2 org.gradle.internal.serialize.DefaultSerializerRegistry$TaggedTypeSerializer.write(Lorg/gradle/internal/serialize/Encoder;Ljava/lang/Object;)V (37 bytes) @ 0x0000000118c91810 [0x0000000118c91640+0x00000000000001d0]
J 17294 c1 org.gradle.internal.remote.internal.inet.SocketConnection.dispatch(Ljava/lang/Object;)V (134 bytes) @ 0x00000001120f766c [0x00000001120f7440+0x000000000000022c]
J 17293 c1 org.gradle.launcher.daemon.server.SynchronizedDispatchConnection.dispatchAndFlush(Ljava/lang/Object;)V (118 bytes) @ 0x00000001120f62b0 [0x00000001120f5d80+0x0000000000000530]
j  org.gradle.launcher.daemon.server.DefaultDaemonConnection.event(Ljava/lang/Object;)V+12
j  org.gradle.launcher.daemon.server.exec.DaemonConnectionBackedEventConsumer$ForwardEvents.dispatchEvent(Ljava/lang/Object;)V+11
j  org.gradle.launcher.daemon.server.exec.DaemonConnectionBackedEventConsumer$ForwardEvents.run()V+18
v  ~StubRoutines::call_stub 0x0000000117908154
V  [libjvm.dylib+0x4afe9c]  JavaCalls::call_helper(JavaValue*, methodHandle const&, JavaCallArguments*, JavaThread*)+0x3d8
V  [libjvm.dylib+0x4aedd4]  JavaCalls::call_virtual(JavaValue*, Klass*, Symbol*, Symbol*, JavaCallArguments*, JavaThread*)+0x140
V  [libjvm.dylib+0x4aeea0]  JavaCalls::call_virtual(JavaValue*, Handle, Klass*, Symbol*, Symbol*, JavaThread*)+0x64
V  [libjvm.dylib+0x57e798]  thread_entry(JavaThread*, JavaThread*)+0x9c
V  [libjvm.dylib+0x4c41e4]  JavaThread::thread_main_inner()+0x98
V  [libjvm.dylib+0x9fb850]  Thread::call_run()+0xc8
V  [libjvm.dylib+0x81e700]  thread_native_entry(Thread*)+0x118
C  [libsystem_pthread.dylib+0x6c58]  _pthread_start+0x88

siginfo: si_signo: 11 (SIGSEGV), si_code: 2 (SEGV_ACCERR), si_addr: 0x00000135c8496e0c

Registers:
 x0=0x0000000000000000  x1=0x00000004ec1e2da0  x2=0x0000000000000000  x3=0x0000000000000000
 x4=0x000000000000000a  x5=0x00000000000149ff  x6=0x0000000301180000  x7=0x0000000000000000
 x8=0x0000000000000019  x9=0x0000000000000019 x10=0x00000026b9092dc0 x11=0x000000009ae424b3
x12=0x0000000003910c8e x13=0x0000000301a98f48 x14=0x00000004edbf7c70 x15=0x0000000301166da0
x16=0x00000004edbf7ba0 x17=0x00000004edbf7c88 x18=0x0000000000000000 x19=0x00000004ec1e2da0
x20=0x00000004e0beb890 x21=0x00000004d7212598 x22=0x00000135c8496e00 x23=0x0000000000000004
x24=0x000000017432a548 x25=0x00000004edbcf9c8 x26=0x000000012677f820 x27=0x00000004edbcfa24
x28=0x00000009181df100  fp=0x00000004d720efc8  lr=0x000000011890218c  sp=0x000000017432a390
pc=0x0000000118e98874 cpsr=0x0000000060001000

Register to memory mapping:

x0 =0x0 is null
x1 =0x00000004ec1e2da0 is an oop: org.gradle.internal.build.event.types.DefaultOperationStartedProgressEvent 
{0x00000004ec1e2da0} - klass: 'org/gradle/internal/build/event/types/DefaultOperationStartedProgressEvent'
 - ---- fields (total size 3 words):
 - private final 'descriptor' 'Lorg/gradle/tooling/internal/protocol/events/InternalOperationDescriptor;' @12  a 'org/gradle/internal/build/event/types/DefaultBuildPhaseDescriptor'{0x00000004ec1e2d08} (0x9d83c5a1)
 - private final 'eventTime' 'J' @16  1788391189225 (0x000001a0646beae9)
x2 =0x0 is null
x3 =0x0 is null
x4 =0x000000000000000a is an unknown value
x5 =0x00000000000149ff is an unknown value
x6 =0x0000000301180000 is a pointer to class: 
org.gradle.internal.serialize.Serializers$StatefulSerializerAdapter$2 {0x0000000301180000}
 - instance size:     3
 - klass size:        70
 - access:            synchronized 
 - flags:             rewritten has_nonstatic_fields should_verify_class has_localvariable_table 
 - state:             fully_initialized
 - name:              'org/gradle/internal/serialize/Serializers$StatefulSerializerAdapter$2'
 - super:             'java/lang/Object'
 - sub:               
 - arrays:            null
 - methods:           Array<T>(0x000000012687a390)
 - method ordering:   Array<T>(0x0000000300b2f1b0)
 - local interfaces:  Array<T>(0x000000012687a380)
 - trans. interfaces: Array<T>(0x000000012687a380)
 - secondary supers: Array<T>(0x000000012687a380)
 - hash_slot:         17
 - bitmap:            0x0020000000000000
 - constants:         constant pool [59] {0x000000012687a120} for 'org/gradle/internal/serialize/Serializers$StatefulSerializerAdapter$2' cache=0x000000012687a5c8
 - class loader data:  loader data: 0x0000000914f7b840 for instance a 'org/gradle/internal/classloader/VisitableURLClassLoader'{0x00000004d569a448}
 - source file:       'Serializers.java'
 - generic signature: 'Ljava/lang/Object;Lorg/gradle/internal/serialize/ObjectWriter<TT;>;'
 - inner classes:     Array<T>(0x000000012687a548)
 - nest members:     Array<T>(0x00000003006172c8)
 - permitted subclasses:     Array<T>(0x00000003006172c8)
 - java mirror:       a 'java/lang/Class'{0x00000005d459e4b0} = 'org/gradle/internal/serialize/Serializers$StatefulSerializerAdapter$2'
 - vtable length      6  (start addr: 0x00000003011801d0)
 - itable length      5 (start addr: 0x0000000301180200)
 - ---- static fields (0 words):
 - ---- non-static fields (2 words):
 - final synthetic 'val$encoder' 'Lorg/gradle/internal/serialize/Encoder;' @12 
 - final synthetic 'this$0' 'Lorg/gradle/internal/serialize/Serializers$StatefulSerializerAdapter;' @16 
 - non-static oop maps: 12-16 
x7 =0x0 is null
x8 =0x0000000000000019 is an unknown value
x9 =0x0000000000000019 is an unknown value
x10=0x00000026b9092dc0 is an unknown value
x11=2598642867 is a compressed pointer to object: java.io.ClassCache$1 
{0x00000004d7212598} - klass: 'java/io/ClassCache$1'
 - ---- fields (total size 4 words):
 - final 'hashCodeForCache' 'I' @12  59837582 (0x03910c8e)
 - final 'identity' 'Ljava/lang/ClassValue$Identity;' @16  a 'java/lang/ClassValue$Identity'{0x00000004d7212550} (0x9ae424aa)
 - private volatile 'version' 'Ljava/lang/ClassValue$Version;' @20  a 'java/lang/ClassValue$Version'{0x00000004d7212580} (0x9ae424b0)
 - final synthetic 'this$0' 'Ljava/io/ClassCache;' @24  a 'java/io/ObjectStreamClass$Caches$1'{0x00000004d72125b8} (0x9ae424b7)
x12=0x0000000003910c8e is an unknown value
x13=0x0000000301a98f48 is a pointer to class: 
org.gradle.internal.build.event.types.DefaultOperationStartedProgressEvent {0x0000000301a98f48}
 - instance size:     3
 - klass size:        76
 - access:            public synchronized 
 - flags:             rewritten has_nonstatic_fields should_verify_class has_localvariable_table has_miranda_methods 
 - state:             fully_initialized
 - name:              'org/gradle/internal/build/event/types/DefaultOperationStartedProgressEvent'
 - super:             'org/gradle/internal/build/event/types/AbstractProgressEvent'
 - sub:               
 - arrays:            null
 - methods:           Array<T>(0x0000000129c4d490)
 - method ordering:   Array<T>(0x0000000300b2f1b0)
 - local interfaces:  Array<T>(0x0000000129c4d480)
 - trans. interfaces: Array<T>(0x0000000129c4daf0)
 - secondary supers: Array<T>(0x0000000129c4db38)
 - hash_slot:         52
 - bitmap:            0x0000100340000000
 - constants:         constant pool [50] {0x0000000129c4d278} for 'org/gradle/internal/build/event/types/DefaultOperationStartedProgressEvent' cache=0x0000000129c4dc68
 - class loader data:  loader data: 0x0000000914f7b840 for instance a 'org/gradle/internal/classloader/VisitableURLClassLoader'{0x00000004d569a448}
 - source file:       'DefaultOperationStartedProgressEvent.java'
 - generic signature: 'Lorg/gradle/internal/build/event/types/AbstractProgressEvent<Lorg/gradle/internal/build/event/types/DefaultOperationDescriptor;>;Lorg/gradle/tooling/internal/protocol/events/InternalOperationStartedProgressEvent;'
 - inner classes:     Array<T>(0x00000003006172c8)
 - nest members:     Array<T>(0x00000003006172c8)
 - permitted subclasses:     Array<T>(0x00000003006172c8)
 - java mirror:       
[error occurred during error reporting (printing register info), id 0xb, SIGSEGV (0xb) at pc=0x00000001073ea914]
x14=0x00000004edbf7c70 is an oop: java.io.ObjectOutputStream$ReplaceTable 
{0x00000004edbf7c70} - klass: 'java/io/ObjectOutputStream$ReplaceTable'
 - ---- fields (total size 3 words):
 - private final 'htab' 'Ljava/io/ObjectOutputStream$HandleTable;' @12  a 'java/io/ObjectOutputStream$HandleTable'{0x00000004edbf7c88} (0x9db7ef91)
 - private 'reps' '[Ljava/lang/Object;' @16  a 'java/lang/Object'[10] {0x00000004edbf7d58} (0x9db7efab)
x15=0x0000000301166da0 is pointing into metadata
x16=0x00000004edbf7ba0 is an oop: java.io.ObjectOutputStream$HandleTable 
{0x00000004edbf7ba0} - klass: 'java/io/ObjectOutputStream$HandleTable'
 - ---- fields (total size 5 words):
 - private 'size' 'I' @12  0 (0x00000000)
 - private 'threshold' 'I' @16  30 (0x0000001e)
 - private final 'loadFactor' 'F' @20  3.000000 (0x40400000)
 - private 'spine' '[I' @24  [I{0x00000004edbf7bc8} (0x9db7ef79)
 - private 'next' '[I' @28  [I{0x00000004edbf7c00} (0x9db7ef80)
 - private 'objs' '[Ljava/lang/Object;' @32  a 'java/lang/Object'[10] {0x00000004edbf7c38} (0x9db7ef87)
x17=0x00000004edbf7c88 is an oop: java.io.ObjectOutputStream$HandleTable 
{0x00000004edbf7c88} - klass: 'java/io/ObjectOutputStream$HandleTable'
 - ---- fields (total size 5 words):
 - private 'size' 'I' @12  0 (0x00000000)
 - private 'threshold' 'I' @16  30 (0x0000001e)
 - private final 'loadFactor' 'F' @20  3.000000 (0x40400000)
 - private 'spine' '[I' @24  [I{0x00000004edbf7cb0} (0x9db7ef96)
 - private 'next' '[I' @28  [I{0x00000004edbf7ce8} (0x9db7ef9d)
 - private 'objs' '[Ljava/lang/Object;' @32  a 'java/lang/Object'[10] {0x00000004edbf7d20} (0x9db7efa4)
x18=0x0 is null
x19=0x00000004ec1e2da0 is an oop: org.gradle.internal.build.event.types.DefaultOperationStartedProgressEvent 
{0x00000004ec1e2da0} - klass: 'org/gradle/internal/build/event/types/DefaultOperationStartedProgressEvent'
 - ---- fields (total size 3 words):
 - private final 'descriptor' 'Lorg/gradle/tooling/internal/protocol/events/InternalOperationDescriptor;' @12  a 'org/gradle/internal/build/event/types/DefaultBuildPhaseDescriptor'{0x00000004ec1e2d08} (0x9d83c5a1)
 - private final 'eventTime' 'J' @16  1788391189225 (0x000001a0646beae9)
x20=
[error occurred during error reporting (printing register info, attempt 2), id 0xb, SIGSEGV (0xb) at pc=0x0000000106f9d2ac]
x21=0x00000004d7212598 is an oop: java.io.ClassCache$1 
{0x00000004d7212598} - klass: 'java/io/ClassCache$1'
 - ---- fields (total size 4 words):
 - final 'hashCodeForCache' 'I' @12  59837582 (0x03910c8e)
 - final 'identity' 'Ljava/lang/ClassValue$Identity;' @16  a 'java/lang/ClassValue$Identity'{0x00000004d7212550} (0x9ae424aa)
 - private volatile 'version' 'Ljava/lang/ClassValue$Version;' @20  a 'java/lang/ClassValue$Version'{0x00000004d7212580} (0x9ae424b0)
 - final synthetic 'this$0' 'Ljava/io/ClassCache;' @24  a 'java/io/ObjectStreamClass$Caches$1'{0x00000004d72125b8} (0x9ae424b7)
x22=0x00000135c8496e00 is an unknown value
x23=0x0000000000000004 is an unknown value
x24=0x000000017432a548 is pointing into the stack for thread: 0x00000009181df100
x25=0x00000004edbcf9c8 is an oop: org.gradle.launcher.daemon.server.exec.DaemonConnectionBackedEventConsumer$ForwardEvents 
{0x00000004edbcf9c8} - klass: 'org/gradle/launcher/daemon/server/exec/DaemonConnectionBackedEventConsumer$ForwardEvents'
 - ---- fields (total size 16 words):
 - 'threadLocalRandomSecondarySeed' 'I' @12  0 (0x00000000)
 - private final 'tid' 'J' @16  141 (0x000000000000008d)
 - private volatile 'eetop' 'J' @24  39059321088 (0x00000009181df100)
 - injected 'jvmti_thread_state' 'J' @32  0 (0x0000000000000000)
 - 'threadLocalRandomSeed' 'J' @40  0 (0x0000000000000000)
 - 'threadLocalRandomProbe' 'I' @48  0 (0x00000000)
 - injected 'jvmti_VTMS_transition_disable_count' 'I' @52  0 (0x00000000)
 - injected 'jfr_epoch' 'S' @56  0 (0x0000)
 - injected 'jvmti_is_in_VTMS_transition' 'Z' @58  false (0x00)
 - volatile 'interrupted' 'Z' @59  false (0x00)
 - private volatile 'name' 'Ljava/lang/String;' @60  "Daemon client event forwarder"{0x00000004d72024a0} (0x9ae40494)
 - private volatile 'contextClassLoader' 'Ljava/lang/ClassLoader;' @64  a 'org/gradle/internal/classloader/VisitableURLClassLoader'{0x00000004d569a448} (0x9aad3489)
 - private 'inheritedAccessControlContext' 'Ljava/security/AccessControlContext;' @68  a 'java/security/AccessControlContext'{0x00000004edbcfaa0} (0x9db79f54)
 - private final 'holder' 'Ljava/lang/Thread$FieldHolder;' @72  a 'java/lang/Thread$FieldHolder'{0x00000004edbcfa58} (0x9db79f4b)
 - 'threadLocals' 'Ljava/lang/ThreadLocal$ThreadLocalMap;' @76  null (0x00000000)
 - 'inheritableThreadLocals' 'Ljava/lang/ThreadLocal$ThreadLocalMap;' @80  null (0x00000000)
 - private 'scopedValueBindings' 'Ljava/lang/Object;' @84  a 'java/lang/Class'{0x00000004d7201060} = 'java/lang/Thread' (0x9ae4020c)
 - final 'interruptLock' 'Ljava/lang/Object;' @88  a 'java/lang/Object'{0x00000004edbcfa48} (0x9db79f49)
 - private volatile 'parkBlocker' 'Ljava/lang/Object;' @92  null (0x00000000)
 - volatile 'nioBlocker' 'Lsun/nio/ch/Interruptible;' @96  null (0x00000000)
 - private 'cont' 'Ljdk/internal/vm/Continuation;' @100  null (0x00000000)
 - private volatile 'uncaughtExceptionHandler' 'Ljava/lang/Thread$UncaughtExceptionHandler;' @104  null (0x00000000)
 - private 'container' 'Ljdk/internal/vm/ThreadContainer;' @108  null (0x00000000)
 - private volatile 'headStackableScopes' 'Ljdk/internal/vm/StackableScope;' @112  null (0x00000000)
 - private volatile 'stopped' 'Z' @116  false (0x00)
 - private 'ableToSend' 'Z' @117  true (0x01)
 - final synthetic 'this$0' 'Lorg/gradle/launcher/daemon/server/exec/DaemonConnectionBackedEventConsumer;' @120  a 'org/gradle/launcher/daemon/server/exec/DaemonConnectionBackedEventConsumer'{0x00000004edbcf8c8} (0x9db79f19)
x26=0x000000012677f820 is pointing into metadata
x27=
[error occurred during error reporting (printing register info, attempt 3), id 0xb, SIGSEGV (0xb) at pc=0x0000000106f9d278]
Top of Stack: (sp=0x000000017432a390)
0x000000017432a390:   00000004edbf74a8 0000000000000001   .t..............
0x000000017432a3a0:   000000017432a410 00000004edbcf9c8   ..2t............
0x000000017432a3b0:   00000004edaccd38 00000004e0beb890   8...............
0x000000017432a3c0:   000000017432a3c0 00000004edbf7c70   ..2t....p|......
0x000000017432a3d0:   00000004edbf74f0 0000000118743030   .t......00t.....
0x000000017432a3e0:   00000005d459bb58 000000017432a390   X.Y.......2t....
0x000000017432a3f0:   000000017432a520 0000000110546328    .2t....(cT.....
0x000000017432a400:   0000000000000000 000000017432a410   ..........2t....
0x000000017432a410:   000000017432a4a0 000000011790d17c   ..2t....|.......
0x000000017432a420:   0000000000000000 0000000000000000   ................
0x000000017432a430:   00000004edaccd38 00000004edbf74e0   8........t......
0x000000017432a440:   00000004edbf74e0 00000004edbf74e0   .t.......t......
0x000000017432a450:   00000004edbf74a8 00000004edbf74f0   .t.......t......
0x000000017432a460:   00000004edbf74a8 000000011890218c   .t.......!......
0x000000017432a470:   00000004edbf74f0 0000000140400000   .t........@@....
0x000000017432a480:   0000000000000000 000000012684e838   ........8..&....
0x000000017432a490:   000000017432a520 000000011790d17c    .2t....|.......
0x000000017432a4a0:   000000017432a520 000000011790d420    .2t.... .......
0x000000017432a4b0:   0000000000000000 00000004edbf74e0   .........t......
0x000000017432a4c0:   00000004ec1e2da0 00000004edbf74a8   .-.......t......
0x000000017432a4d0:   000000017432a4d0 000000012677f5a0   ..2t......w&....
0x000000017432a4e0:   0000000000000005 000000012677f820   ........ .w&....
0x000000017432a4f0:   00000005d45912f0 000000017432a4a0   ..Y.......2t....
0x000000017432a500:   0000000000000000 000000012677f5f8   ..........w&....
0x000000017432a510:   000000017432a4c0 000000017432a520   ..2t.... .2t....
0x000000017432a520:   000000017432a5a0 000000011790d62c   ..2t....,.......
0x000000017432a530:   00000004edbf74a8 00000004ec1e2da0   .t.......-......
0x000000017432a540:   00000004edaccd38 00000005d4da4518   8........E......
0x000000017432a550:   000000017432a550 00000001267f4831   P.2t....1H.&....
0x000000017432a560:   0000000000000005 00000001267f4c10   .........L.&....
0x000000017432a570:   00000005d4596b78 000000017432a520   xkY..... .2t....
0x000000017432a580:   0000000000000000 00000001267f4878   ........xH.&....

Instructions: (pc=0x0000000118e98874)
0x0000000118e98774:   6f 11 40 b9 8e 2f 42 f9 df 01 40 b9 8f f6 ff 36
0x0000000118e98784:   ed 17 00 f9 0c 00 a0 d2 0c 6a 8d f2 5f 01 0c 6b
0x0000000118e98794:   41 03 00 54 e2 03 13 aa e1 03 40 f9 e3 03 1f 2a
0x0000000118e987a4:   77 ae aa 97 1f 20 03 d5 1f 43 82 f2 1f a0 80 f2
0x0000000118e987b4:   ed 03 40 f9 ab 11 40 b9 aa 19 40 b9 6c 05 00 51
0x0000000118e987c4:   41 f1 7d d3 ac 11 00 b9 e1 2c 01 b4 e2 0b 40 b9
0x0000000118e987d4:   6b ae aa 97 1f 20 03 d5 1f 49 82 f2 1f c0 80 f2
0x0000000118e987e4:   fd 7b 4d a9 ff 83 03 91 88 2b 42 f9 ff 63 28 eb
0x0000000118e987f4:   28 b9 02 54 c0 03 5f d6 0b b7 84 d2 2b e4 ba f2
0x0000000118e98804:   8b 00 c0 f2 6c 0d 40 b9 4b 22 a0 d2 0b bf 99 f2
0x0000000118e98814:   5f 01 0b 6b 9d f1 7d d3 60 3b 01 54 ab 0b 40 b9
0x0000000118e98824:   8a 00 a0 d2 0a c6 82 f2 7f 01 0a 6b 81 3c 01 54
0x0000000118e98834:   aa 33 00 91 4a fd df 88 6a a3 00 35 0a b7 84 d2
0x0000000118e98844:   2a e4 ba f2 8a 00 c0 f2 4b 11 40 b9 f4 17 40 f9
0x0000000118e98854:   8a 5e 40 b9 75 f1 7d d3 ac 0e 40 b9 4a f1 7d d3
0x0000000118e98864:   ea 1d 00 b4 4a 39 40 b9 56 f1 7d d3 36 3c 01 b4
0x0000000118e98874:   ca 0e 40 b9 4d 05 00 51 9d 01 0d 0a cb ca 3d 8b
0x0000000118e98884:   5f 01 00 71 89 3a 01 54 6b 11 40 b9 77 f1 7d d3
0x0000000118e98894:   37 1a 00 b4 8a 03 c1 39 f8 0e 40 b9 aa e0 00 35
0x0000000118e988a4:   aa 52 00 91 4a fd df 88 1f 03 0a 6b 41 19 00 54
0x0000000118e988b4:   ea 1e 40 b9 5d f1 7d d3 aa 0b 40 b9 6c 22 a0 d2
0x0000000118e988c4:   0c a2 82 f2 5f 01 0c 6b 61 2b 02 54 ab 2b 40 b9
0x0000000118e988d4:   75 f1 7d d3 d5 b5 00 b5 aa 0f 40 b9 8c 03 c1 39
0x0000000118e988e4:   55 f1 7d d3 4c dd 00 35 d5 35 01 b4 0a 92 98 d2
0x0000000118e988f4:   4a 9b ba f2 aa 00 c0 f2 4a 39 40 f9 ab 13 40 f9
0x0000000118e98904:   7f 01 0a eb 41 19 00 54 aa 0a 40 b9 4c 22 a0 d2
0x0000000118e98914:   0c bf 99 f2 5f 01 0c 6b a1 29 02 54 bd 6a 40 39
0x0000000118e98924:   1d 55 01 34 ab 66 40 b9 cb a6 00 35 f5 53 03 a9
0x0000000118e98934:   f6 03 13 aa ce 0a 40 b9 d7 05 60 d2 ea 03 40 f9
0x0000000118e98944:   4b 55 40 39 ef 1e 40 f9 cb 03 00 34 4a 09 40 b9
0x0000000118e98954:   cc 25 a0 d2 0c 38 93 f2 5f 01 0c 6b 01 5e 01 54
0x0000000118e98964:   ea 03 40 f9 ed 03 0a aa ab 35 40 b9 7d f1 7d d3


Stack slot to memory mapping:

stack at sp + 0 slots: 0x00000004edbf74a8 is an oop: java.io.ObjectOutputStream 
{0x00000004edbf74a8} - klass: 'java/io/ObjectOutputStream'
 - ---- fields (total size 7 words):
 - private 'protocol' 'I' @12  2 (0x00000002)
 - private 'depth' 'I' @16  1 (0x00000001)
 - private final 'enableOverride' 'Z' @20  false (0x00)
 - private 'enableReplace' 'Z' @21  false (0x00)
 - private final 'bout' 'Ljava/io/ObjectOutputStream$BlockDataOutputStream;' @24  a 'java/io/ObjectOutputStream$BlockDataOutputStream'{0x00000004edbf74f0} (0x9db7ee9e)
 - private final 'handles' 'Ljava/io/ObjectOutputStream$HandleTable;' @28  a 'java/io/ObjectOutputStream$HandleTable'{0x00000004edbf7ba0} (0x9db7ef74)
 - private final 'subs' 'Ljava/io/ObjectOutputStream$ReplaceTable;' @32  a 'java/io/ObjectOutputStream$ReplaceTable'{0x00000004edbf7c70} (0x9db7ef8e)
 - private 'primVals' '[B' @36  null (0x00000000)
 - private 'curContext' 'Ljava/io/SerialCallbackContext;' @40  null (0x00000000)
 - private 'curPut' 'Ljava/io/ObjectOutputStream$PutFieldImpl;' @44  null (0x00000000)
 - private final 'debugInfoStack' 'Ljava/io/ObjectOutputStream$DebugTraceInfoStack;' @48  null (0x00000000)
stack at sp + 1 slots: 0x0000000000000001 is an unknown value
stack at sp + 2 slots: 0x000000017432a410 is pointing into the stack for thread: 0x00000009181df100
stack at sp + 3 slots: 0x00000004edbcf9c8 is an oop: org.gradle.launcher.daemon.server.exec.DaemonConnectionBackedEventConsumer$ForwardEvents 
{0x00000004edbcf9c8} - klass: 'org/gradle/launcher/daemon/server/exec/DaemonConnectionBackedEventConsumer$ForwardEvents'
 - ---- fields (total size 16 words):
 - 'threadLocalRandomSecondarySeed' 'I' @12  0 (0x00000000)
 - private final 'tid' 'J' @16  141 (0x000000000000008d)
 - private volatile 'eetop' 'J' @24  39059321088 (0x00000009181df100)
 - injected 'jvmti_thread_state' 'J' @32  0 (0x0000000000000000)
 - 'threadLocalRandomSeed' 'J' @40  0 (0x0000000000000000)
 - 'threadLocalRandomProbe' 'I' @48  0 (0x00000000)
 - injected 'jvmti_VTMS_transition_disable_count' 'I' @52  0 (0x00000000)
 - injected 'jfr_epoch' 'S' @56  0 (0x0000)
 - injected 'jvmti_is_in_VTMS_transition' 'Z' @58  false (0x00)
 - volatile 'interrupted' 'Z' @59  false (0x00)
 - private volatile 'name' 'Ljava/lang/String;' @60  "Daemon client event forwarder"{0x00000004d72024a0} (0x9ae40494)
 - private volatile 'contextClassLoader' 'Ljava/lang/ClassLoader;' @64  a 'org/gradle/internal/classloader/VisitableURLClassLoader'{0x00000004d569a448} (0x9aad3489)
 - private 'inheritedAccessControlContext' 'Ljava/security/AccessControlContext;' @68  a 'java/security/AccessControlContext'{0x00000004edbcfaa0} (0x9db79f54)
 - private final 'holder' 'Ljava/lang/Thread$FieldHolder;' @72  a 'java/lang/Thread$FieldHolder'{0x00000004edbcfa58} (0x9db79f4b)
 - 'threadLocals' 'Ljava/lang/ThreadLocal$ThreadLocalMap;' @76  null (0x00000000)
 - 'inheritableThreadLocals' 'Ljava/lang/ThreadLocal$ThreadLocalMap;' @80  null (0x00000000)
 - private 'scopedValueBindings' 'Ljava/lang/Object;' @84  a 'java/lang/Class'{0x00000004d7201060} = 'java/lang/Thread' (0x9ae4020c)
 - final 'interruptLock' 'Ljava/lang/Object;' @88  a 'java/lang/Object'{0x00000004edbcfa48} (0x9db79f49)
 - private volatile 'parkBlocker' 'Ljava/lang/Object;' @92  null (0x00000000)
 - volatile 'nioBlocker' 'Lsun/nio/ch/Interruptible;' @96  null (0x00000000)
 - private 'cont' 'Ljdk/internal/vm/Continuation;' @100  null (0x00000000)
 - private volatile 'uncaughtExceptionHandler' 'Ljava/lang/Thread$UncaughtExceptionHandler;' @104  null (0x00000000)
 - private 'container' 'Ljdk/internal/vm/ThreadContainer;' @108  null (0x00000000)
 - private volatile 'headStackableScopes' 'Ljdk/internal/vm/StackableScope;' @112  null (0x00000000)
 - private volatile 'stopped' 'Z' @116  false (0x00)
 - private 'ableToSend' 'Z' @117  true (0x01)
 - final synthetic 'this$0' 'Lorg/gradle/launcher/daemon/server/exec/DaemonConnectionBackedEventConsumer;' @120  a 'org/gradle/launcher/daemon/server/exec/DaemonConnectionBackedEventConsumer'{0x00000004edbcf8c8} (0x9db79f19)
stack at sp + 4 slots: 0x00000004edaccd38 is an oop: org.gradle.internal.serialize.kryo.KryoBackedEncoder 
{0x00000004edaccd38} - klass: 'org/gradle/internal/serialize/kryo/KryoBackedEncoder'
 - ---- fields (total size 3 words):
 - private 'stream' 'Lorg/gradle/internal/serialize/AbstractEncoder$EncoderStream;' @12  a 'org/gradle/internal/serialize/AbstractEncoder$EncoderStream'{0x00000004edbf74e0} (0x9db7ee9c)
 - private final 'output' 'Lcom/esotericsoftware/kryo/io/Output;' @16  a 'com/esotericsoftware/kryo/io/Output'{0x00000004edaccd50} (0x9db599aa)
 - private 'nested' 'Lorg/gradle/internal/serialize/kryo/KryoBackedEncoder;' @20  null (0x00000000)
stack at sp + 5 slots: 
[error occurred during error reporting (inspecting top of stack), id 0xb, SIGSEGV (0xb) at pc=0x0000000106f9d2ac]
stack at sp + 6 slots: 0x000000017432a3c0 is pointing into the stack for thread: 0x00000009181df100
stack at sp + 7 slots: 0x00000004edbf7c70 is an oop: java.io.ObjectOutputStream$ReplaceTable 
{0x00000004edbf7c70} - klass: 'java/io/ObjectOutputStream$ReplaceTable'
 - ---- fields (total size 3 words):
 - private final 'htab' 'Ljava/io/ObjectOutputStream$HandleTable;' @12  a 'java/io/ObjectOutputStream$HandleTable'{0x00000004edbf7c88} (0x9db7ef91)
 - private 'reps' '[Ljava/lang/Object;' @16  a 'java/lang/Object'[10] {0x00000004edbf7d58} (0x9db7efab)


Compiled method (c2) 2496222 25991   !   4       java.io.ObjectOutputStream::writeObject0 (620 bytes)
 total in heap  [0x0000000118e97590,0x0000000118ea3ab8] = 50472
 relocation     [0x0000000118e976e0,0x0000000118e983c8] = 3304
 main code      [0x0000000118e98400,0x0000000118e9df40] = 23360
 stub code      [0x0000000118e9df40,0x0000000118e9ee58] = 3864
 oops           [0x0000000118e9ee58,0x0000000118e9ef08] = 176
 metadata       [0x0000000118e9ef08,0x0000000118e9f5d8] = 1744
 scopes data    [0x0000000118e9f5d8,0x0000000118ea1978] = 9120
 scopes pcs     [0x0000000118ea1978,0x0000000118ea2d38] = 5056
 dependencies   [0x0000000118ea2d38,0x0000000118ea2e00] = 200
 handler table  [0x0000000118ea2e00,0x0000000118ea38c8] = 2760
 nul chk table  [0x0000000118ea38c8,0x0000000118ea3ab8] = 496

[Constant Pool (empty)]

[MachCode]
[Entry Point]
  # {method} {0x0000000126970cb8} 'writeObject0' '(Ljava/lang/Object;Z)V' in 'java/io/ObjectOutputStream'
  # this:     c_rarg1:c_rarg1 
                        = 'java/io/ObjectOutputStream'
  # parm0:    c_rarg2:c_rarg2 
                        = 'java/lang/Object'
  # parm1:    c_rarg3   = boolean
  #           [sp+0xe0]  (sp of caller)
  0x0000000118e98400: 2808 40b9 | 3f01 086b | 4000 0054 

  0x0000000118e9840c: ;   {runtime_call ic_miss_stub}
  0x0000000118e9840c: 9dae aa17 
[Verified Entry Point]
  0x0000000118e98410: 1f20 03d5 | e953 40d1 | 3f01 00f9 | ff83 03d1 | fd7b 0da9 | a8d8 0218 | 8923 40b9 | 1f01 09eb 
  0x0000000118e98430: a1d7 0254 | 2a18 40b9 | 4bf1 7dd3 | fd03 02aa | e103 00f9 | e30f 00b9 | 8ac7 41f9 

  0x0000000118e9844c: ; implicit exception: dispatches to 0x0000000118e9cf18
  0x0000000118e9844c: 6c41 4039 | 4a01 40f9 | ea0f 00f9 | 6c00 0035 | ec0b 00b9 | 1c00 0014 | 620d 40b9 | e202 0034 
  0x0000000118e9846c: eb0b 00f9 | e103 0baa 

  0x0000000118e98474: ; ImmutableOopMap {rfp=Oop [0]=Oop [16]=Oop [24]=Oop }
                      ;*invokevirtual writeBlockHeader {reexecute=0 rethrow=0 return_oop=0}
                      ; - java.io.ObjectOutputStream$BlockDataOutputStream::drain@20 (line 1897)
                      ; - java.io.ObjectOutputStream$BlockDataOutputStream::setBlockDataMode@14 (line 1808)
                      ; - java.io.ObjectOutputStream::writeObject0@5 (line 1124)
                      ;   {optimized virtual_call}
  0x0000000118e98474: b316 0094 

  0x0000000118e98478: ;   {other}
  0x0000000118e98478: 1f20 03d5 | 1fdd 81f2 | 1f00 80f2 | ec0b 40f9 | 8b21 40b9 | 8a15 40b9 | 840d 40b9 | 61f1 7dd3 
  0x0000000118e98498: 42f1 7dd3 | e303 1f2a | e9ff 9fd2 | e9ff bff2 | e9ff dff2 

  0x0000000118e984ac: ; ImmutableOopMap {rfp=Oop [0]=Oop [16]=Oop [24]=Oop }
                      ;*invokevirtual write {reexecute=0 rethrow=0 return_oop=0}
                      ; - java.io.ObjectOutputStream$BlockDataOutputStream::drain@36 (line 1899)
                      ; - java.io.ObjectOutputStream$BlockDataOutputStream::setBlockDataMode@14 (line 1808)
                      ; - java.io.ObjectOutputStream::writeObject0@5 (line 1124)
                      ;   {virtual_call}
  0x0000000118e984ac: a131 ae97 

  0x0000000118e984b0: ;   {other}
  0x0000000118e984b0: 1f20 03d5 | 1fe4 81f2 | 1f20 80f2 | eb0b 40f9 | 7f0d 00b9 | 7f41 0039 | eb03 0032 | eb0b 00b9 
  0x0000000118e984d0: ea03 40f9 | 4a21 40b9 | 4ef1 7dd3 | ea03 40f9 | 4b11 40b9 | 6a05 0011 | eb03 40f9 | 6a11 00b9 
  0x0000000118e984f0: ; implicit exception: dispatches to 0x0000000118e9cf2c
  0x0000000118e984f0: cb0d 40b9 | 71f1 7dd3 

  0x0000000118e984f8: ; implicit exception: dispatches to 0x0000000118e9cf40
  0x0000000118e984f8: 2a0e 40b9 | ea39 0034 | e103 1daa | c1c0 00b4 | 2a00 40f9 | 4b05 4092 | 7f05 00f1 | 81c0 0054 
  0x0000000118e98518: 4afd 48d3 | 4079 0012 | 20c0 0034 | 2b1a 40b9 | 6af1 7dd3 

  0x0000000118e9852c: ; implicit exception: dispatches to 0x0000000118e9cf54
  0x0000000118e9852c: 4b0d 40b9 | 1d78 0012 | 7f01 0071 | a92f 0154 | a80f cb1a | 0bf5 0b1b | 4ac9 2b8b | 5011 40b9 
  0x0000000118e9854c: 1003 f837 | 2b22 40b9 | 6cf1 7dd3 | 2b1e 40b9 

  0x0000000118e9855c: ; implicit exception: dispatches to 0x0000000118e9cfa4
  0x0000000118e9855c: 8f0d 40b9 | 7df1 7dd3 

  0x0000000118e98564: ; implicit exception: dispatches to 0x0000000118e9cfcc
  0x0000000118e98564: a00f 40b9 | 1f20 03d5 | 1f20 03d5 | 0a7e 7e93 | 8b01 0a8b | 1f02 0f6b | 6228 0154 | 6d11 40b9 
  0x0000000118e98584: abf1 7dd3 | 7f01 01eb | 2001 0054 | 1f02 006b | 622a 0154 | aa03 0a8b | 5011 40b9 

  0x0000000118e985a0: ; ImmutableOopMap {r12=Oop r14=Oop r17=Oop c_rarg1=Oop rfp=Oop [0]=Oop [24]=Oop }
                      ;*goto {reexecute=1 rethrow=0 return_oop=0}
                      ; - (reexecute) java.io.ObjectOutputStream$HandleTable::lookup@51 (line 2318)
                      ; - java.io.ObjectOutputStream$ReplaceTable::lookup@5 (line 2423)
                      ; - java.io.ObjectOutputStream::writeObject0@24 (line 1129)
  0x0000000118e985a0: 8d2f 42f9 

  0x0000000118e985a4: ;   {poll}
  0x0000000118e985a4: bf01 40b9 | 50fe ff36 | 1000 a012 | b026 f836 | a127 00b4 | ea03 01aa | eb03 40f9 | 6c1d 40b9 
  0x0000000118e985c4: f303 0aaa | 4a09 40b9 | eb0f 40b9 | 90f1 7dd3 | 8b44 0135 

  0x0000000118e985d8: ; implicit exception: dispatches to 0x0000000118e9cf6c
  0x0000000118e985d8: 0b0e 40b9 | 4d05 60d2 | 2b33 0034 | 6b02 40f9 | 6c05 4092 | 9f05 00f1 | a1ba 0054 | 6bfd 48d3 
  0x0000000118e985f8: 6079 0012 | 40ba 0034 | 0c1a 40b9 | 8bf1 7dd3 

  0x0000000118e98608: ; implicit exception: dispatches to 0x0000000118e9cf88
  0x0000000118e98608: 6c0d 40b9 | 1d78 0012 | 9f01 0071 | 6929 0154 | a80f cc1a | 0cf5 0c1b | 6bc9 2c8b | ac39 40f9 
  0x0000000118e98628: 6f11 40b9 | 8d01 40f9 | af0a f837 | 0c22 40b9 | 80f1 7dd3 

  0x0000000118e9863c: ; implicit exception: dispatches to 0x0000000118e9cff4
  0x0000000118e9863c: 110c 40b9 | 0b1e 40b9 | 62f1 7dd3 

  0x0000000118e98648: ; implicit exception: dispatches to 0x0000000118e9d014
  0x0000000118e98648: 410c 40b9 | 1f20 03d5 | eb7d 7e93 | 0c00 0b8b | ff01 116b | 0223 0154 | 8e11 40b9 | ccf1 7dd3 
  0x0000000118e98668: 9f01 13eb | e107 0054 | ff05 0031 | 6007 0054 | ea03 40f9 | 4b19 40b9 | 71f1 7dd3 

  0x0000000118e98684: ; implicit exception: dispatches to 0x0000000118e9d0a8
  0x0000000118e98684: 210e 40b9 | 2616 40b9 | c0f0 7dd3 | 4a11 40b9 | 3f00 1071 | ca76 0154 | 2204 0011 | 220e 00b9 
  0x0000000118e986a4: ; implicit exception: dispatches to 0x0000000118e9d0c0
  0x0000000118e986a4: 0b0c 40b9 | e481 5f11 | 2d42 4039 | 8c08 c05a | 4e05 0051 | 2314 0011 | 3f00 0b6b | 824a 0154 
  0x0000000118e986c4: 300e 8052 | 0ac0 218b | 5041 0039 | 7d0d 0051 | 7f00 1071 | ec75 0154 | bd4b f937 | 5f00 1d6b 
  0x0000000118e986e4: 624a 0154 | 4c11 01b8 | ea03 40f9 | 4e11 00b9 | 230e 00b9 | ea0b 40b9 | bf01 0a6b | 2007 0054 
  0x0000000118e98704: 3f14 0031 | 6002 0054 | 6dab 0035 | e403 032a | fd0b 40b9 | 2a22 40b9 | 41f1 7dd3 | f103 00f9 
  0x0000000118e98724: c2f0 7dd3 | e303 1f2a | 09ec 94d2 | 2904 a0f2 | 6900 c0f2 

  0x0000000118e98738: ; ImmutableOopMap {[0]=Oop }
                      ;*invokevirtual write {reexecute=0 rethrow=0 return_oop=0}
                      ; - java.io.ObjectOutputStream$BlockDataOutputStream::drain@36 (line 1899)
                      ; - java.io.ObjectOutputStream$BlockDataOutputStream::setBlockDataMode@14 (line 1808)
                      ; - java.io.ObjectOutputStream::writeObject0@96 (line 1205)
                      ;   {virtual_call}
  0x0000000118e98738: 6285 d297 

  0x0000000118e9873c: ;   {other}
  0x0000000118e9873c: 1f20 03d5 | 9f35 82f2 | 1f60 80f2 | f103 40f9 | 3f0e 00b9 | fd0b 00b9 | eb0b 40b9 | 2b42 0039 
  0x0000000118e9875c: 2200 0014 | ed17 00f9 | 0900 0014 | ff01 016b | e21c 0154 | 4b00 0b8b | 6f11 40b9 

  0x0000000118e98778: ; ImmutableOopMap {r13=Oop r16=Oop c_rarg0=Oop c_rarg2=Oop r19=Oop [0]=Oop [24]=Oop }
                      ;*goto {reexecute=1 rethrow=0 return_oop=0}
                      ; - (reexecute) java.io.ObjectOutputStream$HandleTable::lookup@51 (line 2318)
                      ; - java.io.ObjectOutputStream::writeObject0@65 (line 1132)
  0x0000000118e98778: 8e2f 42f9 

  0x0000000118e9877c: ;   {poll}
  0x0000000118e9877c: df01 40b9 | 8ff6 ff36 | ed17 00f9 

  0x0000000118e98788: ;   {metadata('java/lang/Class')}
  0x0000000118e98788: 0c00 a0d2 | 0c6a 8df2 | 5f01 0c6b | 4103 0054 | e203 13aa | e103 40f9 | e303 1f2a 

  0x0000000118e987a4: ; ImmutableOopMap {[0]=Oop }
                      ;*invokevirtual writeClass {reexecute=0 rethrow=0 return_oop=0}
                      ; - java.io.ObjectOutputStream::writeObject0@114 (line 1136)
                      ;   {optimized virtual_call}
  0x0000000118e987a4: 77ae aa97 

  0x0000000118e987a8: ;   {other}
  0x0000000118e987a8: 1f20 03d5 | 1f43 82f2 | 1fa0 80f2 | ed03 40f9 | ab11 40b9 | aa19 40b9 | 6c05 0051 | 41f1 7dd3 
  0x0000000118e987c8: ac11 00b9 | e12c 01b4 | e20b 40b9 

  0x0000000118e987d4: ; ImmutableOopMap {}
                      ;*invokevirtual setBlockDataMode {reexecute=0 rethrow=0 return_oop=0}
                      ; - java.io.ObjectOutputStream::writeObject0@132 (line 1205)
                      ;   {optimized virtual_call}
  0x0000000118e987d4: 6bae aa97 

  0x0000000118e987d8: ;   {other}
  0x0000000118e987d8: 1f20 03d5 | 1f49 82f2 | 1fc0 80f2 | fd7b 4da9 | ff83 0391 

  0x0000000118e987ec: ;   {poll_return}
  0x0000000118e987ec: 882b 42f9 | ff63 28eb | 28b9 0254 | c003 5fd6 

  0x0000000118e987fc: ;   {oop(a 'java/io/ObjectStreamClass$Caches$1'{0x00000004d72125b8})}
  0x0000000118e987fc: 0bb7 84d2 | 2be4 baf2 | 8b00 c0f2 | 6c0d 40b9 

  0x0000000118e9880c: ;   {metadata('java/io/ObjectStreamClass')}
  0x0000000118e9880c: 4b22 a0d2 | 0bbf 99f2 | 5f01 0b6b | 9df1 7dd3 | 603b 0154 

  0x0000000118e98820: ; implicit exception: dispatches to 0x0000000118e9d034
  0x0000000118e98820: ab0b 40b9 

  0x0000000118e98824: ;   {metadata('java/lang/ref/ReferenceQueue')}
  0x0000000118e98824: 8a00 a0d2 | 0ac6 82f2 | 7f01 0a6b | 813c 0154 | aa33 0091 | 4afd df88 | 6aa3 0035 

  0x0000000118e98840: ;   {oop(a 'java/io/ObjectStreamClass$Caches$1'{0x00000004d72125b8})}
  0x0000000118e98840: 0ab7 84d2 | 2ae4 baf2 | 8a00 c0f2 | 4b11 40b9 | f417 40f9 | 8a5e 40b9 | 75f1 7dd3 

  0x0000000118e9885c: ; implicit exception: dispatches to 0x0000000118e9d050
  0x0000000118e9885c: ac0e 40b9 | 4af1 7dd3 | ea1d 00b4 | 4a39 40b9 | 56f1 7dd3 | 363c 01b4 | ca0e 40b9 | 4d05 0051 
  0x0000000118e9887c: 9d01 0d0a | cbca 3d8b | 5f01 0071 | 893a 0154 | 6b11 40b9 | 77f1 7dd3 | 371a 00b4 | 8a03 c139 
  0x0000000118e9889c: f80e 40b9 | aae0 0035 | aa52 0091 | 4afd df88 | 1f03 0a6b | 4119 0054 | ea1e 40b9 | 5df1 7dd3 
  0x0000000118e988bc: ; implicit exception: dispatches to 0x0000000118e9d06c
  0x0000000118e988bc: aa0b 40b9 

  0x0000000118e988c0: ;   {metadata('java/io/ClassCache$CacheRef')}
  0x0000000118e988c0: 6c22 a0d2 | 0ca2 82f2 | 5f01 0c6b | 612b 0254 | ab2b 40b9 | 75f1 7dd3 | d5b5 00b5 | aa0f 40b9 
  0x0000000118e988e0: 8c03 c139 | 55f1 7dd3 | 4cdd 0035 | d535 01b4 

  0x0000000118e988f0: ;   {oop(a 'java/lang/Class'{0x00000005d4dac490} = 'java/lang/ref/SoftReference')}
  0x0000000118e988f0: 0a92 98d2 | 4a9b baf2 | aa00 c0f2 | 4a39 40f9 | ab13 40f9 | 7f01 0aeb | 4119 0054 | aa0a 40b9 
  0x0000000118e98910: ;   {metadata('java/io/ObjectStreamClass')}
  0x0000000118e98910: 4c22 a0d2 | 0cbf 99f2 | 5f01 0c6b | a129 0254 | bd6a 4039 | 1d55 0134 | ab66 40b9 | cba6 0035 
  0x0000000118e98930: f553 03a9 | f603 13aa | ce0a 40b9 | d705 60d2 | ea03 40f9 | 4b55 4039 | ef1e 40f9 | cb03 0034 
  0x0000000118e98950: 4a09 40b9 

  0x0000000118e98954: ;   {metadata('org/gradle/tooling/internal/provider/serialization/PayloadSerializerObjectOutputStream')}
  0x0000000118e98954: cc25 a0d2 | 0c38 93f2 | 5f01 0c6b | 015e 0154 | ea03 40f9 | ed03 0aaa | ab35 40b9 | 7df1 7dd3 
  0x0000000118e98974: ; implicit exception: dispatches to 0x0000000118e9d0e8
  0x0000000118e98974: aa0b 40b9 

  0x0000000118e98978: ;   {metadata('org/gradle/internal/serialize/ExceptionReplacingObjectOutputStream$$Lambda+0x0000000301ad25a0')}
  0x0000000118e98978: ac35 a0d2 | 0cb4 84f2 | 5f01 0c6b | c15d 0154 | ab0f 40b9 | 7df1 7dd3 | bd57 01b4 

  0x0000000118e98994: ;   {metadata('java/lang/Throwable')}
  0x0000000118e98994: 0a51 98d2 | 0a00 a0f2 | 6a00 c0f2 | ff01 0aeb | 0101 0054 | f35b 01a9 | ed13 00f9 | 4117 8012 
  0x0000000118e989b4: ; ImmutableOopMap {rfp=Oop [16]=Oop [24]=Oop [32]=Oop [48]=Oop [56]=Oop }
                      ;*ifeq {reexecute=1 rethrow=0 return_oop=0}
                      ; - (reexecute) org.gradle.internal.serialize.ExceptionReplacingObjectOutputStream::doReplaceObject@4 (line 60)
                      ; - org.gradle.internal.serialize.ExceptionReplacingObjectOutputStream::lambda$new$0@2 (line 29)
                      ; - org.gradle.internal.serialize.ExceptionReplacingObjectOutputStream$$Lambda/0x0000000301ad25a0::apply@5
                      ; - org.gradle.internal.serialize.ExceptionReplacingObjectOutputStream::replaceObject@5 (line 56)
                      ; - java.io.ObjectOutputStream::writeObject0@240 (line 1160)
                      ;   {runtime_call UncommonTrapBlob}
  0x0000000118e989b4: 73c9 aa97 

  0x0000000118e989b8: ;   {other}
  0x0000000118e989b8: 1f20 03d5 | 1f85 82f2 | 1fe0 80f2 | df02 13eb | 619d 0054 

  0x0000000118e989cc: ;   {metadata('java/lang/String')}
  0x0000000118e989cc: 0b00 a0d2 | 0b0f 9df2 | df01 0b6b | 810c 0054 | e203 16aa | e103 40f9 | e303 1f2a 

  0x0000000118e989e8: ; ImmutableOopMap {[0]=Oop }
                      ;*invokevirtual writeString {reexecute=0 rethrow=0 return_oop=0}
                      ; - java.io.ObjectOutputStream::writeObject0@448 (line 1188)
                      ;   {optimized virtual_call}
  0x0000000118e989e8: baaa e297 

  0x0000000118e989ec: ;   {other}
  0x0000000118e989ec: 1f20 03d5 | 9f8b 82f2 | 1f00 81f2 | ea03 40f9 | 4b19 40b9 | 4a11 40b9 | 6df1 7dd3 | 4b05 0051 
  0x0000000118e98a0c: ea03 40f9 | 4b11 00b9 

  0x0000000118e98a14: ; implicit exception: dispatches to 0x0000000118e9d088
  0x0000000118e98a14: aa41 4039 | eb0b 40b9 | 5f01 0b6b | 20ee ff54 | a20d 40b9 | 8202 0034 | 6a90 0035 | e403 022a 
  0x0000000118e98a34: fd0b 40b9 | ac15 40b9 | aa21 40b9 | 82f1 7dd3 | ed03 00f9 | 41f1 7dd3 | e303 1f2a | e9ff 9fd2 
  0x0000000118e98a54: e9ff bff2 | e9ff dff2 

  0x0000000118e98a5c: ; ImmutableOopMap {[0]=Oop }
                      ;*invokevirtual write {reexecute=0 rethrow=0 return_oop=0}
                      ; - java.io.ObjectOutputStream$BlockDataOutputStream::drain@36 (line 1899)
                      ; - java.io.ObjectOutputStream$BlockDataOutputStream::setBlockDataMode@14 (line 1808)
                      ; - java.io.ObjectOutputStream::writeObject0@588 (line 1205)
                      ;   {virtual_call}
  0x0000000118e98a5c: 3530 ae97 

  0x0000000118e98a60: ;   {other}
  0x0000000118e98a60: 1f20 03d5 | 1f9a 82f2 | 1f20 81f2 | ed03 40f9 | bf0d 00b9 | fd0b 00b9 | eb0b 40b9 | ab41 0039 
  0x0000000118e98a80: 59ff ff17 | cb11 40b9 | 7df1 7dd3 

  0x0000000118e98a8c: ; implicit exception: dispatches to 0x0000000118e9d174
  0x0000000118e98a8c: aa0f 40b9 | abcb 308b | 1f02 0a6b | 0279 0154 | 6a11 40b9 | 4af1 7dd3 | cad8 ffb5 | ea03 40f9 
  0x0000000118e98aac: 4a19 40b9 | 4ff1 7dd3 

  0x0000000118e98ab4: ; implicit exception: dispatches to 0x0000000118e9d104
  0x0000000118e98ab4: f00d 40b9 | eb15 40b9 | ea03 40f9 | 4a11 40b9 | 7df1 7dd3 | 1f02 1071 | aa63 0154 | 0206 0011 
  0x0000000118e98ad4: e20d 00b9 

  0x0000000118e98ad8: ; implicit exception: dispatches to 0x0000000118e9d11c
  0x0000000118e98ad8: ad0f 40b9 | 4e05 0051 | ec41 4039 | ea0b 1c32 | 1f02 0d6b | 6253 0154 | ed03 40f9 | ae11 00b9 
  0x0000000118e98af8: adc3 308b | aa41 0039 | ea0b 40b9 | 9f01 0a6b | e0e6 ff54 | 1f06 0031 | 6002 0054 | 6ca4 0035 
  0x0000000118e98b18: e403 022a | fd0b 40b9 | ec21 40b9 | 81f1 7dd3 | ef03 00f9 | 62f1 7dd3 | e303 1f2a | e9ff 9fd2 
  0x0000000118e98b38: e9ff bff2 | e9ff dff2 

  0x0000000118e98b40: ; ImmutableOopMap {[0]=Oop }
                      ;*invokevirtual write {reexecute=0 rethrow=0 return_oop=0}
                      ; - java.io.ObjectOutputStream$BlockDataOutputStream::drain@36 (line 1899)
                      ; - java.io.ObjectOutputStream$BlockDataOutputStream::setBlockDataMode@14 (line 1808)
                      ; - java.io.ObjectOutputStream::writeObject0@51 (line 1205)
                      ;   {virtual_call}
  0x0000000118e98b40: 50ae aa97 

  0x0000000118e98b44: ;   {other}
  0x0000000118e98b44: 1f20 03d5 | 9fb6 82f2 | 1f40 81f2 | ef03 40f9 | ff0d 00b9 | fd0b 00b9 | eb0b 40b9 | eb41 0039 
  0x0000000118e98b64: 20ff ff17 | ec1f 40f9 | 8a09 40f9 | 8a01 00b4 | 4b09 40b9 | 4b01 f836 | e103 40f9 | e203 16aa 
  0x0000000118e98b84: e31b 40f9 | e403 1f2a 

  0x0000000118e98b8c: ; ImmutableOopMap {[0]=Oop }
                      ;*invokevirtual writeArray {reexecute=0 rethrow=0 return_oop=0}
                      ; - java.io.ObjectOutputStream::writeObject0@467 (line 1190)
                      ;   {optimized virtual_call}
  0x0000000118e98b8c: 5da2 4e96 

  0x0000000118e98b90: ;   {other}
  0x0000000118e98b90: 1f20 03d5 | 1fc0 82f2 | 1f60 81f2 | 97ff ff17 

  0x0000000118e98ba0: ;   {metadata('java/lang/Enum')}
  0x0000000118e98ba0: 0a32 81d2 | 8a00 a0f2 | 6a00 c0f2 | ff01 0aeb | 2106 0054 | e203 16aa | e103 40f9 | e31b 40f9 
  0x0000000118e98bc0: e403 1f2a 

  0x0000000118e98bc4: ; ImmutableOopMap {[0]=Oop }
                      ;*invokevirtual writeEnum {reexecute=0 rethrow=0 return_oop=0}
                      ; - java.io.ObjectOutputStream::writeObject0@488 (line 1192)
                      ;   {optimized virtual_call}
  0x0000000118e98bc4: a717 0094 

  0x0000000118e98bc8: ;   {other}
  0x0000000118e98bc8: 1f20 03d5 | 1fc7 82f2 | 1f80 81f2 | 89ff ff17 | f30b 00f9 | f457 02a9 | e103 16aa | e203 15aa 
  0x0000000118e98be8: ; ImmutableOopMap {[0]=Oop [16]=Oop [24]=Oop [32]=Oop [40]=Oop }
                      ;*invokestatic probeBackupLocations {reexecute=0 rethrow=0 return_oop=1}
                      ; - java.lang.ClassValue::getFromBackup@2 (line 208)
                      ; - java.lang.ClassValue::get@27 (line 117)
                      ; - java.io.ClassCache::get@9 (line 84)
                      ; - java.io.ObjectStreamClass::lookup@19 (line 364)
                      ; - java.io.ObjectOutputStream::writeObject0@185 (line 1150)
                      ;   {static_call}
  0x0000000118e98be8: fe14 0094 

  0x0000000118e98bec: ;   {other}
  0x0000000118e98bec: 1f20 03d5 | 9fcb 82f2 | 1fa0 81f2 | 4083 00b4 | e103 00aa 

  0x0000000118e98c00: ; ImmutableOopMap {[0]=Oop [16]=Oop [24]=Oop [32]=Oop }
                      ;*invokevirtual value {reexecute=0 rethrow=0 return_oop=1}
                      ; - java.lang.ClassValue::getFromBackup@11 (line 210)
                      ; - java.lang.ClassValue::get@27 (line 117)
                      ; - java.io.ClassCache::get@9 (line 84)
                      ; - java.io.ObjectStreamClass::lookup@19 (line 364)
                      ; - java.io.ObjectOutputStream::writeObject0@185 (line 1150)
                      ;   {optimized virtual_call}
  0x0000000118e98c00: 60ad aa97 

  0x0000000118e98c04: ;   {other}
  0x0000000118e98c04: 1f20 03d5 | 9fce 82f2 | 1fc0 81f2 | 0afc 43d3 | f30b 40f9 | f413 40f9 | 27ff ff17 

  0x0000000118e98c20: ;   {oop(a 'java/lang/ClassValue$Entry'[1] {0x00000004d57faf58})}
  0x0000000118e98c20: 16eb 95d2 | f6af baf2 | 9600 c0f2 | 12ff ff17 | aa13 00f9 | 36ff ff17 | 1000 a012 | e103 1daa 
  0x0000000118e98c40: 5cfe ff17 | ab39 40f9 | 6b01 40f9 | eb17 00f9 | cefe ff17 | e80b 40f9 | e80f 00f9 | f65f 42a9 
  0x0000000118e98c60: e80f 40b9 | e88f 00b9 | f81b 40f9 | f303 0a2a | d600 0014 | ea12 40f9 

  0x0000000118e98c78: ;   {metadata('java/io/Serializable')}
  0x0000000118e98c78: 00db 82d2 | 0000 a0f2 | 6000 c0f2 | 5f01 00eb | 219a 0054 | ea03 40f9 | 4b19 40b9 | f31b 40f9 
  0x0000000118e98c98: 7d6a 4039 | 6a32 40b9 | 6cf1 7dd3 | dd99 0134 | 5df1 7dd3 | 5d9a 01b5 

  0x0000000118e98cb0: ; implicit exception: dispatches to 0x0000000118e9d31c
  0x0000000118e98cb0: 8d0d 40b9 | 8b15 40b9 | ea03 40f9 | 4a1d 40b9 | 6ef1 7dd3 | bf01 1071 | 2a9a 0154 | ab05 0011 
  0x0000000118e98cd0: 8b0d 00b9 

  0x0000000118e98cd4: ; implicit exception: dispatches to 0x0000000118e9d338
  0x0000000118e98cd4: cc0d 40b9 | 51f1 7dd3 | 6a0e 8052 | bf01 0c6b | 6284 0154 | cbc1 2d8b | 6a41 0039 

  0x0000000118e98cf0: ; implicit exception: dispatches to 0x0000000118e9d358
  0x0000000118e98cf0: 2a0e 40b9 | 2ae1 0034 | 6a02 40f9 | 4b05 4092 | 7f05 00f1 | c1ea 0054 | 4afd 48d3 | 4079 0012 
  0x0000000118e98d10: 60ea 0034 | 2b1a 40b9 | 6af1 7dd3 

  0x0000000118e98d1c: ; implicit exception: dispatches to 0x0000000118e9d420
  0x0000000118e98d1c: 4b0d 40b9 | 1d78 0012 | 7f01 0071 | 8989 0154 | a80f cb1a | 0bf5 0b1b | 4ac9 2b8b | 4411 40b9 
  0x0000000118e98d3c: 636a 4039 | 6066 4039 | a406 f837 | 2b22 40b9 | 67f1 7dd3 

  0x0000000118e98d50: ; implicit exception: dispatches to 0x0000000118e9d43c
  0x0000000118e98d50: e20c 40b9 | 2a1e 40b9 | 54f1 7dd3 

  0x0000000118e98d5c: ; implicit exception: dispatches to 0x0000000118e9d460
  0x0000000118e98d5c: 810e 40b9 | 8a7c 7e93 | eb00 0a8b | 9f00 026b | e27d 0154 | 6b11 40b9 | 6bf1 7dd3 | 7f01 13eb 
  0x0000000118e98d7c: e103 0054 | 9f04 0031 | a0c9 0054 | ea03 40f9 | 4a19 40b9 | 4df1 7dd3 

  0x0000000118e98d94: ; implicit exception: dispatches to 0x0000000118e9d5d4
  0x0000000118e98d94: ac0d 40b9 | ab15 40b9 | 6ef1 7dd3 | 9f01 1071 | 6abe 0154 | 8f05 0011 | af0d 00b9 

  0x0000000118e98db0: ; implicit exception: dispatches to 0x0000000118e9d5f0
  0x0000000118e98db0: cb0d 40b9 | 710d 0051 | 9015 0011 | 9f01 0b6b | 02a3 0154 | cac1 2c8b | 2c0e 8052 | 4c41 0039 
  0x0000000118e98dd0: 9d80 5f11 | 1f02 1071 | 0cbe 0154 | 91a4 f937 | ff01 116b | 22a3 0154 | ac0b c05a | b00d 00b9 
  0x0000000118e98df0: 4c11 01b8 | 1700 0014 | 9f00 016b | 827a 0154 | 8a02 0a8b | 4411 40b9 | 952f 42f9 

  0x0000000118e98e0c: ; ImmutableOopMap {r10=Oop r17=Oop c_rarg7=Oop r19=Oop resp=Oop rbcp=Oop [0]=Oop [24]=Oop }
                      ;*goto {reexecute=1 rethrow=0 return_oop=0}
                      ; - (reexecute) java.io.ObjectOutputStream$HandleTable::lookup@51 (line 2318)
                      ; - java.io.ObjectOutputStream::writeClassDesc@20 (line 1242)
                      ; - java.io.ObjectOutputStream::writeOrdinaryObject@94 (line 1443)
                      ; - java.io.ObjectOutputStream::writeObject0@506 (line 1194)
  0x0000000118e98e0c: ea03 40f9 

  0x0000000118e98e10: ;   {poll}
  0x0000000118e98e10: bf02 40b9 | 64fa ff36 | 639b 0134 | 20d8 0035 | fd03 40f9 | f64f 02a9 | f71b 00f9 | e103 1daa 
  0x0000000118e98e30: e203 13aa | e303 1f2a 

  0x0000000118e98e38: ; ImmutableOopMap {rfp=Oop [0]=Oop [24]=Oop [32]=Oop [40]=Oop }
                      ;*invokevirtual writeNonProxyDesc {reexecute=0 rethrow=0 return_oop=0}
                      ; - java.io.ObjectOutputStream::writeClassDesc@56 (line 1247)
                      ; - java.io.ObjectOutputStream::writeOrdinaryObject@94 (line 1443)
                      ; - java.io.ObjectOutputStream::writeObject0@506 (line 1194)
                      ;   {optimized virtual_call}
  0x0000000118e98e38: f2c0 4396 

  0x0000000118e98e3c: ;   {other}
  0x0000000118e98e3c: 1f20 03d5 | 9f15 83f2 | 1f00 82f2 | f64f 42a9 | f71b 40f9 | ea03 40f9 | 4b1d 40b9 | 6af1 7dd3 
  0x0000000118e98e5c: ; implicit exception: dispatches to 0x0000000118e9d374
  0x0000000118e98e5c: 4b1d 40b9 | 6bf1 7dd3 

  0x0000000118e98e64: ; implicit exception: dispatches to 0x0000000118e9d390
  0x0000000118e98e64: 6d0d 40b9 | 4c0d 40b9 | 9f01 0d6b | 2ac7 0054 | 4d11 40b9 | 9f01 0d6b | 8acb 0054 | cb02 40f9 
  0x0000000118e98e84: 6d05 4092 | bf05 00f1 | 41d6 0054 | 6bfd 48d3 | 6079 0012 | e0d5 0034 | 5419 40b9 | 8bf2 7dd3 
  0x0000000118e98ea4: ; implicit exception: dispatches to 0x0000000118e9d3ac
  0x0000000118e98ea4: 6b0d 40b9 | 4e21 40b9 | 7902 0191 | 1078 0012 | d1f1 7dd3 | 987d 7e93 | 7f01 0071 | 897a 0154 
  0x0000000118e98ec4: 2d02 188b | 080e cb1a | 0fc1 0b1b 

  0x0000000118e98ed0: ; implicit exception: dispatches to 0x0000000118e9d3c8
  0x0000000118e98ed0: 2e0e 40b9 | 2b0a 40b9 | ba41 0091 | 9f01 0e6b | a275 0154 

  0x0000000118e98ee4: ;   {metadata('java/lang/Object'[])}
  0x0000000118e98ee4: 0e00 a0d2 | 0e4e 82f2 | 7f01 0e6b | 017a 0154 | 8d03 c139 | 8dd4 0035 | eb03 1aaa | ed03 16aa 
  0x0000000118e98f04: ad01 0bca | cefe 43d3 | adfd 55d3 | ee8f 00b9 | 4e03 00b9 | 2d01 00b4 | 6bfd 49d3 | 0d00 88d2 
  0x0000000118e98f24: ed77 a0f2 | 2d00 c0f2 | a001 0b8b | 0d00 c039 | bf09 0071 | e1d3 0054 | 91f2 7dd3 | 4e1d 40b9 
  0x0000000118e98f44: 300e 40b9 | 2bff df88 | 2dca 2f8b | c0f1 7dd3 | ff01 106b | 2273 0154 | bd11 40b9 | 4e0d 40b9 
  0x0000000118e98f64: ; implicit exception: dispatches to 0x0000000118e9d3e8
  0x0000000118e98f64: 110c 40b9 | ce05 0011 | 9f01 116b | c273 0154 | 0f00 188b | fd11 00b9 | 7d6a 4039 | 4e0d 00b9 
  0x0000000118e98f84: ac11 00b9 | 5d85 0134 | 7d52 4039 | dd85 0135 | 7d5a 4039 | 5d86 0135 | abb9 0034 | 6a02 0191 
  0x0000000118e98fa4: 4bfd df88 | 78f1 7dd3 

  0x0000000118e98fac: ; implicit exception: dispatches to 0x0000000118e9d404
  0x0000000118e98fac: 150f 40b9 | bf02 0071 | 29d2 ff54 | ab06 0051 | 7f01 156b | c27b 0154 | f303 1f2a | 0acb 338b 
  0x0000000118e98fcc: 4b11 40b9 | 6af1 7dd3 

  0x0000000118e98fd4: ; implicit exception: dispatches to 0x0000000118e9d2d0
  0x0000000118e98fd4: 5411 40b9 | 9af2 7dd3 

  0x0000000118e98fdc: ; implicit exception: dispatches to 0x0000000118e9d2ec
  0x0000000118e98fdc: 5d6b 4039 | dd79 0134 | 4a5b 40b9 | 0a60 0034 | ea03 40f9 | 4b2d 40b9 | 7df1 7dd3 | 5d8a 01b5 
  0x0000000118e98ffc: 8a03 c139 | 0ae0 0035 | 8ddf 40f9 | eb03 40f9 | 7b29 40b9 | 8ae7 40f9 | ab61 0091 | ec03 40f9 
  0x0000000118e9901c: 9f2d 00b9 | 79f3 7dd3 | 7f01 0aeb | c214 0154 | ea03 40b2 | 8bdf 00f9 

  0x0000000118e99034: ;   {metadata('java/io/SerialCallbackContext')}
  0x0000000118e99034: 6c22 a0d2 | 0c0c 85f2 | aa01 00f9 | ac7d 0129 | 70c1 80f9 | bf11 00b9 | ea0f 40f9 | 4afd 43d3 
  0x0000000118e99054: b429 0229 | eb8f 40b9 | ab0d 00b9 | bf3b 03d5 | 8b03 c139 | 4bdb 0035 | eb03 40f9 | ea03 0daa 
  0x0000000118e99074: 4a01 0bca | adfd 43d3 | 4afd 55d3 | ec03 40f9 | 8d29 00b9 | 2a01 00b4 | 6afd 49d3 | 0b00 88d2 
  0x0000000118e99094: eb77 a0f2 | 2b00 c0f2 | 6001 0a8b | 0a00 c039 | 5f09 0071 | 41dc 0054 | ea03 40f9 | 4b19 40b9 
  0x0000000118e990b4: 6cf1 7dd3 

  0x0000000118e990b8: ; implicit exception: dispatches to 0x0000000118e9d4e0
  0x0000000118e990b8: 8a41 4039 | 5f05 0071 | 4005 0054 | 820d 40b9 | c204 0034 | 6abb 0035 | e403 022a | fd0f 40f9 
  0x0000000118e990d8: f60b 00f9 | f713 00f9 | e88f 40b9 | e80f 00b9 | f817 00f9 | f54f 0629 | fa1f 00f9 | fb4b 00b9 
  0x0000000118e990f8: f92b 00f9 | 8a15 40b9 | 8b21 40b9 | 42f1 7dd3 | ec0f 00f9 | 61f1 7dd3 | e303 1f2a | e9ff 9fd2 
  0x0000000118e99118: e9ff bff2 | e9ff dff2 

  0x0000000118e99120: ; ImmutableOopMap {rfp=Oop [0]=Oop [12]=NarrowOop [16]=Oop [24]=Oop [40]=Oop [56]=Oop [72]=NarrowOop [80]=Oop }
                      ;*invokevirtual write {reexecute=0 rethrow=0 return_oop=0}
                      ; - java.io.ObjectOutputStream$BlockDataOutputStream::drain@36 (line 1899)
                      ; - java.io.ObjectOutputStream$BlockDataOutputStream::setBlockDataMode@14 (line 1808)
                      ; - java.io.ObjectOutputStream::writeSerialData@111 (line 1528)
                      ; - java.io.ObjectOutputStream::writeOrdinaryObject@158 (line 1451)
                      ; - java.io.ObjectOutputStream::writeObject0@506 (line 1194)
                      ;   {virtual_call}
  0x0000000118e99120: 842e ae97 

  0x0000000118e99124: ;   {other}
  0x0000000118e99124: 1f20 03d5 | 9f72 83f2 | 1f20 82f2 | ec0f 40f9 | 9f0d 00b9 | fd0f 00f9 | f60b 40f9 | f713 40f9 
  0x0000000118e99144: e80f 40b9 | e88f 00b9 | f817 40f9 | f54f 4629 | fa1f 40f9 | fb4b 40b9 | f92b 40f9 | eb03 0032 
  0x0000000118e99164: 8b41 0039 | 5d6b 4039 | 4b5b 40b9 | 7d96 0134 | 6ef1 7dd3 

  0x0000000118e99178: ; implicit exception: dispatches to 0x0000000118e9d634
  0x0000000118e99178: cf35 c039 | 80df 40f9 | 8ae7 40f9 | 0b60 0091 | 7f01 0aeb | 820c 0154 | ea03 40b2 | 8bdf 00f9 
  0x0000000118e99198: ;   {metadata('java/lang/Object'[])}
  0x0000000118e99198: 0c00 a0d2 | 0c4e 82f2 | 0a00 00f9 | 0c08 00b9 | ea03 0032 | 70c1 80f9 | 0a0c 00b9 | 7001 81f9 
  0x0000000118e991b8: 1f14 00b9 | 7041 81f9 | ea03 40f9 | 4bfd 43d3 | 0b10 00b9 | bf3a 03d5 | ec03 00aa | af72 0034 
  0x0000000118e991d8: ff01 0071 | ec06 0154 | ed03 1f2a | bf3b 03d5 | cb31 4039 | cb34 0035 | ca25 40b9 

  0x0000000118e991f4: ;   {oop(a 'java/lang/Class'{0x00000005d4384bc0} = 'java/io/ObjectStreamClass')}
  0x0000000118e991f4: eb50 b7d2 | 0b2f 81f2 | 5f01 0b6b | 20eb 0054 | cb41 0091 | 6ffd df88 | f13a 40f9 | cb21 40b9 
  0x0000000118e99214: 7f01 1d72 | 3102 40f9 | e013 919a | 50f1 7dd3 | 7101 1e12 | 20b6 00b4 | 31a6 0135 | fa03 00aa 
  0x0000000118e99234: fdf1 7dd3 | fd01 00b4 | b40b 40b9 

  0x0000000118e99240: ;   {metadata('java/lang/ref/WeakReference')}
  0x0000000118e99240: 6f00 a0d2 | 0f66 9ef2 | 9f02 0f6b | c1e2 0154 | bd0f 40b9 

  0x0000000118e99254: ;   {oop(a 'java/lang/Class'{0x00000005d4384bc0} = 'java/io/ObjectStreamClass')}
  0x0000000118e99254: f450 b7d2 | 142f 81f2 | bf03 146b | a100 0054 

  0x0000000118e99264: ;   {oop(a 'java/lang/Class'{0x00000005d4384bc0} = 'java/io/ObjectStreamClass')}
  0x0000000118e99264: 0f78 89d2 | 0f87 baf2 | af00 c0f2 | 8901 0014 

  0x0000000118e99274: ; implicit exception: dispatches to 0x0000000118e9d6f8
  0x0000000118e99274: 1d32 40b9 

  0x0000000118e99278: ;   {oop(a 'java/lang/Class'{0x00000005d4384bc0} = 'java/io/ObjectStreamClass')}
  0x0000000118e99278: f450 b7d2 | 142f 81f2 | 5f01 146b | 80e6 0054 

  0x0000000118e99288: ;   {oop(a 'java/lang/Class'{0x00000005d4384bc0} = 'java/io/ObjectStreamClass')}
  0x0000000118e99288: ea50 b7d2 | 0a2f 81f2 | ea0f 0a8b | 4a31 40b9 | 5f01 1d6b | a022 0054 | eb63 00b9 | e80f 40f9 
  0x0000000118e992a8: e80b 00f9 | 4bf1 7dd3 | ea1b 00b9 | e88f 40b9 | e80f 00b9 | aaf3 7dd3 | f65f 02a9 | f81b 00f9 
  0x0000000118e992c8: f54f 0729 | ee23 00f9 | fb37 0929 | f933 05a9 | f167 00b9 | f083 06a9 | faaf 07a9 | ea47 00f9 
  0x0000000118e992e8: e103 10aa 

  0x0000000118e992ec: ; ImmutableOopMap {rfp=NarrowOop [0]=Oop [12]=NarrowOop [16]=Oop [24]=NarrowOop [32]=Oop [48]=Oop [64]=Oop [72]=NarrowOop [80]=Oop [88]=Oop [104]=Oop [112]=Oop [120]=Oop [128]=Oop [136]=Oop }
                      ;*invokevirtual getPackageName {reexecute=0 rethrow=0 return_oop=1}
                      ; - jdk.internal.reflect.Reflection::verifyModuleAccess@13 (line 248)
                      ; - jdk.internal.reflect.Reflection::verifyMemberAccess@22 (line 146)
                      ; - java.lang.reflect.AccessibleObject::slowVerifyAccess@16 (line 755)
                      ; - java.lang.reflect.AccessibleObject::verifyAccess@51 (line 741)
                      ; - java.lang.reflect.AccessibleObject::checkAccess@6 (line 713)
                      ; - java.lang.reflect.Method::invoke@60 (line 571)
                      ; - java.io.ObjectStreamClass::invokeWriteObject@24 (line 1072)
                      ; - java.io.ObjectOutputStream::writeSerialData@119 (line 1529)
                      ; - java.io.ObjectOutputStream::writeOrdinaryObject@158 (line 1451)
                      ; - java.io.ObjectOutputStream::writeObject0@506 (line 1194)
                      ;   {optimized virtual_call}
  0x0000000118e992ec: a5ab aa97 

  0x0000000118e992f0: ;   {other}
  0x0000000118e992f0: 1f20 03d5 | 1fac 83f2 | 1f40 82f2 | e04b 00f9 | eb47 40f9 

  0x0000000118e99304: ; implicit exception: dispatches to 0x0000000118e9d768
  0x0000000118e99304: 6a1d 40b9 | ed03 00aa | 40bc 01b4 | ee43 40f9 | cebc 01b4 | aa00 0035 

  0x0000000118e9931c: ;   {oop(a 'java/lang/Class'{0x00000005d4384bc0} = 'java/io/ObjectStreamClass')}
  0x0000000118e9931c: 0f78 89d2 | 0f87 baf2 | af00 c0f2 | 0801 0014 | 6ab1 0091 | 4afd df88 | 4ff1 7dd3 | 6c25 40b9 
  0x0000000118e9933c: ea1b 40b9 | 5f01 1d6b | 8cf1 7dd3 | a0c1 0154 

  0x0000000118e9934c: ; implicit exception: dispatches to 0x0000000118e9d77c
  0x0000000118e9934c: 9d41 4039 | bdbe 0135 | 9d45 4039 | fdc1 0135 | 2f0a 01b5 | 6cc1 0091 | 8cfd df88 | 9df1 7dd3 
  0x0000000118e9936c: bd00 01b4 | af0b 40b9 

  0x0000000118e99374: ;   {metadata('java/util/HashMap')}
  0x0000000118e99374: 0c01 a0d2 | 0ccf 96f2 | ff01 0c6b | 21b5 0154 | ac27 40b9 | 90f1 7dd3 | f0d7 00b4 | 0c0e 40b9 
  0x0000000118e99394: af0d 40b9 | 9d05 0051 | 9f01 0071 | e9bd 0154 | 8f00 0034 | ec41 4f4a | b103 0c0a | 1d00 0014 
  0x0000000118e993b4: af45 4039 | 2f4b 0135 | ea1b 00b9 | ee2f 08a9 | ed43 09a9 | e103 0daa 

  0x0000000118e993cc: ; ImmutableOopMap {[0]=Oop [12]=NarrowOop [16]=Oop [24]=NarrowOop [32]=Oop [48]=Oop [64]=Oop [72]=NarrowOop [80]=Oop [88]=Oop [104]=Oop [112]=Oop [120]=Oop [128]=Oop [136]=Oop [144]=Oop [152]=Oop }
                      ;*invokevirtual isLatin1 {reexecute=0 rethrow=0 return_oop=0}
                      ; - java.lang.String::hashCode@17 (line 2358)
                      ; - java.util.HashMap::hash@9 (line 338)
                      ; - java.util.HashMap::getNode@23 (line 576)
                      ; - java.util.HashMap::get@2 (line 564)
                      ; - java.lang.Module::isStaticallyExportedOrOpen@51 (line 736)
                      ; - java.lang.Module::implIsExportedOrOpen@70 (line 711)
                      ; - java.lang.Module::isExported@14 (line 593)
                      ; - jdk.internal.reflect.Reflection::verifyModuleAccess@20 (line 249)
                      ; - jdk.internal.reflect.Reflection::verifyMemberAccess@22 (line 146)
                      ; - java.lang.reflect.AccessibleObject::slowVerifyAccess@16 (line 755)
                      ; - java.lang.reflect.AccessibleObject::verifyAccess@51 (line 741)
                      ; - java.lang.reflect.AccessibleObject::checkAccess@6 (line 713)
                      ; - java.lang.reflect.Method::invoke@60 (line 571)
                      ; - java.io.ObjectStreamClass::invokeWriteObject@24 (line 1072)
                      ; - java.io.ObjectOutputStream::writeSerialData@119 (line 1529)
                      ; - java.io.ObjectOutputStream::writeOrdinaryObject@158 (line 1451)
                      ; - java.io.ObjectOutputStream::writeObject0@506 (line 1194)
                      ;   {optimized virtual_call}
  0x0000000118e993cc: 6dab aa97 

  0x0000000118e993d0: ;   {other}
  0x0000000118e993d0: 1f20 03d5 | 1fc8 83f2 | 1f60 82f2 | ea4b 40f9 | 4b15 40b9 | 61f1 7dd3 | 60dc 0034 

  0x0000000118e993ec: ; ImmutableOopMap {[0]=Oop [12]=NarrowOop [16]=Oop [24]=NarrowOop [32]=Oop [48]=Oop [64]=Oop [72]=NarrowOop [80]=Oop [88]=Oop [104]=Oop [112]=Oop [120]=Oop [128]=Oop [136]=Oop [144]=Oop [152]=Oop }
                      ;*invokestatic hashCode {reexecute=0 rethrow=0 return_oop=0}
                      ; - java.lang.String::hashCode@27 (line 2358)
                      ; - java.util.HashMap::hash@9 (line 338)
                      ; - java.util.HashMap::getNode@23 (line 576)
                      ; - java.util.HashMap::get@2 (line 564)
                      ; - java.lang.Module::isStaticallyExportedOrOpen@51 (line 736)
                      ; - java.lang.Module::implIsExportedOrOpen@70 (line 711)
                      ; - java.lang.Module::isExported@14 (line 593)
                      ; - jdk.internal.reflect.Reflection::verifyModuleAccess@20 (line 249)
                      ; - jdk.internal.reflect.Reflection::verifyMemberAccess@22 (line 146)
                      ; - java.lang.reflect.AccessibleObject::slowVerifyAccess@16 (line 755)
                      ; - java.lang.reflect.AccessibleObject::verifyAccess@51 (line 741)
                      ; - java.lang.reflect.AccessibleObject::checkAccess@6 (line 713)
                      ; - java.lang.reflect.Method::invoke@60 (line 571)
                      ; - java.io.ObjectStreamClass::invokeWriteObject@24 (line 1072)
                      ; - java.io.ObjectOutputStream::writeSerialData@119 (line 1529)
                      ; - java.io.ObjectOutputStream::writeOrdinaryObject@158 (line 1451)
                      ; - java.io.ObjectOutputStream::writeObject0@506 (line 1194)
                      ;   {static_call}
  0x0000000118e993ec: e5ac aa97 

  0x0000000118e993f0: ;   {other}
  0x0000000118e993f0: 1f20 03d5 | 1fcc 83f2 | 1f80 82f2 | 0a40 404a | a06e 0134 | ed4b 40f9 | b103 0a0a | ef03 0a2a 
  0x0000000118e99410: a00d 00b9 | ea1b 40b9 | ee2f 48a9 | f04f 40f9 | ec03 0f2a | 0fca 318b | f011 40b9 | 02f2 7dd3 
  0x0000000118e99430: 8216 00b4 | 4f0c 40b9 | ff01 0c6b | e107 0054 | 4f10 40b9 | eff1 7dd3 | ff01 0deb | c006 0054 
  0x0000000118e99450: bf01 0feb | 8006 0054 | 0f07 00b4 | f109 40b9 

  0x0000000118e99460: ;   {metadata('java/lang/String')}
  0x0000000118e99460: 1000 a0d2 | 100f 9df2 | 3f02 106b | 6106 0054 | fd41 c039 | b141 c039 | 3f02 1d6b | c1c1 0154 
  0x0000000118e99480: f015 40b9 | af15 40b9 | 10f2 7dd3 | eff1 7dd3 | 000e 40b9 | e40d 40b9 | 9f00 006b | e104 0054 
  0x0000000118e994a0: 0342 0091 | e141 0091 | 0000 80d2 | 8420 00f1 | 8b01 0054 | 2884 40f8 | 6984 40f8 | 8420 00f1 
  0x0000000118e994c0: 0801 09ca | e802 00b5 | 6cff ff54 | 2868 64f8 | 6968 64f8 | 0901 09ca | 4902 00b5 | 1000 0014 
  0x0000000118e994e0: a400 1036 | 2844 40b8 | 6944 40b8 | 0801 094a | 8801 0035 | a400 0836 | 2824 4078 | 6924 4078 
  0x0000000118e99500: 0801 094a | e800 0035 | a400 0036 | 2800 4039 | 6900 4039 | 0801 094a | 4800 0035 | e003 40b2 
  0x0000000118e99520: c000 0034 | e003 02aa 

  0x0000000118e99528: ;   {oop(a 'java/lang/Class'{0x00000005d4384bc0} = 'java/io/ObjectStreamClass')}
  0x0000000118e99528: 0f78 89d2 | 0f87 baf2 | af00 c0f2 | 1e00 0014 | 4f18 40b9 | fdf1 7dd3 | 9d0e 00b4 | 5008 40b9 
  0x0000000118e99548: ;   {metadata('java/util/HashMap$TreeNode')}
  0x0000000118e99548: 4f03 a0d2 | 0f18 83f2 | 1f02 0f6b | e1bb 0054 | 4f28 40b9 | fdf1 7dd3 | 9db9 01b5 | e103 02aa 
  0x0000000118e99568: ee0f 00f9 | eb37 08a9 | fd03 0a2a | e203 0c2a | e303 0daa | e403 1faa 

  0x0000000118e99580: ; ImmutableOopMap {rfp=NarrowOop [0]=Oop [12]=NarrowOop [16]=Oop [24]=Oop [32]=Oop [48]=Oop [64]=Oop [72]=NarrowOop [80]=Oop [88]=Oop [104]=Oop [112]=Oop [120]=Oop [128]=Oop [136]=Oop }
                      ;*invokevirtual find {reexecute=0 rethrow=0 return_oop=1}
                      ; - java.util.HashMap$TreeNode::getTreeNode@18 (line 2048)
                      ; - java.util.HashMap::getNode@95 (line 582)
                      ; - java.util.HashMap::get@2 (line 564)
                      ; - java.lang.Module::isStaticallyExportedOrOpen@51 (line 736)
                      ; - java.lang.Module::implIsExportedOrOpen@70 (line 711)
                      ; - java.lang.Module::isExported@14 (line 593)
                      ; - jdk.internal.reflect.Reflection::verifyModuleAccess@20 (line 249)
                      ; - jdk.internal.reflect.Reflection::verifyMemberAccess@22 (line 146)
                      ; - java.lang.reflect.AccessibleObject::slowVerifyAccess@16 (line 755)
                      ; - java.lang.reflect.AccessibleObject::verifyAccess@51 (line 741)
                      ; - java.lang.reflect.AccessibleObject::checkAccess@6 (line 713)
                      ; - java.lang.reflect.Method::invoke@60 (line 571)
                      ; - java.io.ObjectStreamClass::invokeWriteObject@24 (line 1072)
                      ; - java.io.ObjectOutputStream::writeSerialData@119 (line 1529)
                      ; - java.io.ObjectOutputStream::writeOrdinaryObject@158 (line 1451)
                      ; - java.io.ObjectOutputStream::writeObject0@506 (line 1194)
                      ;   {optimized virtual_call}
  0x0000000118e99580: 00ab aa97 

  0x0000000118e99584: ;   {other}
  0x0000000118e99584: 1f20 03d5 | 9ffe 83f2 | 1fa0 82f2 | 400a 00b4 

  0x0000000118e99594: ;   {oop(a 'java/lang/Class'{0x00000005d4384bc0} = 'java/io/ObjectStreamClass')}
  0x0000000118e99594: 0f78 89d2 | 0f87 baf2 | af00 c0f2 | ea03 1d2a | ee0f 40f9 | eb37 48a9 | 1014 40b9 | 06f2 7dd3 
  0x0000000118e995b4: 460b 00b4 | cc08 40b9 | 8405 60d2 | 8c10 40f9 

  0x0000000118e995c4: ;   {metadata('java/util/Set')}
  0x0000000118e995c4: 00d0 81d2 | 2000 a0f2 | 6000 c0f2 | 9f01 00eb | 21c6 0054 | d008 40b9 

  0x0000000118e995dc: ;   {metadata('java/util/ImmutableCollections$Set12')}
  0x0000000118e995dc: 0c03 a0d2 | 0ca7 9af2 | 1f02 0c6b | c126 0154 | fd03 06aa | ac0f 40b9 

  0x0000000118e995f4: ;   {oop(a 'java/lang/Module'{0x00000004d56a7fb0})}
  0x0000000118e995f4: b155 b3d2 | d1fe 89f2 | 9f01 116b | a003 0054 | eb4b 00f9 | ab13 40b9 | ef0f 00f9 | ea83 00b9 
  0x0000000118e99614: ee47 00f9 | ed9b 09a9 | 61f1 7dd3 

  0x0000000118e99620: ;   {oop(a 'java/lang/Module'{0x00000004d56a7fb0})}
  0x0000000118e99620: 02f6 8fd2 | 42ad baf2 | 8200 c0f2 | e9ff 9fd2 | e9ff bff2 | e9ff dff2 

  0x0000000118e99638: ; ImmutableOopMap {rfp=Oop [0]=Oop [12]=NarrowOop [16]=Oop [24]=Oop [32]=Oop [48]=Oop [64]=Oop [72]=NarrowOop [80]=Oop [88]=Oop [104]=Oop [112]=Oop [120]=Oop [128]=NarrowOop [136]=Oop [144]=Oop [152]=Oop [160]=Oop }
                      ;*invokevirtual equals {reexecute=0 rethrow=0 return_oop=0}
                      ; - java.util.ImmutableCollections$Set12::contains@16 (line 817)
                      ; - java.lang.Module::allows@8 (line 751)
                      ; - java.lang.Module::isStaticallyExportedOrOpen@60 (line 736)
                      ; - java.lang.Module::implIsExportedOrOpen@70 (line 711)
                      ; - java.lang.Module::isExported@14 (line 593)
                      ; - jdk.internal.reflect.Reflection::verifyModuleAccess@20 (line 249)
                      ; - jdk.internal.reflect.Reflection::verifyMemberAccess@22 (line 146)
                      ; - java.lang.reflect.AccessibleObject::slowVerifyAccess@16 (line 755)
                      ; - java.lang.reflect.AccessibleObject::verifyAccess@51 (line 741)
                      ; - java.lang.reflect.AccessibleObject::checkAccess@6 (line 713)
                      ; - java.lang.reflect.Method::invoke@60 (line 571)
                      ; - java.io.ObjectStreamClass::invokeWriteObject@24 (line 1072)
                      ; - java.io.ObjectOutputStream::writeSerialData@119 (line 1529)
                      ; - java.io.ObjectOutputStream::writeOrdinaryObject@158 (line 1451)
                      ; - java.io.ObjectOutputStream::writeObject0@506 (line 1194)
                      ;   {virtual_call}
  0x0000000118e99638: 92ab aa97 

  0x0000000118e9963c: ;   {other}
  0x0000000118e9963c: 1f20 03d5 | 9f15 84f2 | 1fc0 82f2 | e000 0035 | f003 1f2a | ef0f 40f9 | ea83 40b9 | eeaf 48a9 
  0x0000000118e9965c: ed9b 49a9 | 0600 0014 | ef0f 40f9 | ea83 40b9 | eeaf 48a9 | ed9b 49a9 | f003 0032 | 9006 0035 
  0x0000000118e9967c: ;   {oop(a 'java/lang/Module'{0x00000004d56a7fb0})}
  0x0000000118e9967c: b055 b3d2 | d0fe 89f2 | 5f01 106b | a004 0054 | cc08 40b9 

  0x0000000118e99690: ;   {metadata('java/util/HashSet')}
  0x0000000118e99690: aa01 a0d2 | 0ad5 95f2 | 9f01 0a6b | e1b9 0154 | ea03 06aa | ee0f 00f9 | eb37 08a9 | fd03 0faa 
  0x0000000118e996b0: ea4b 00f9 | e103 0aaa | e203 0eaa 

  0x0000000118e996bc: ; ImmutableOopMap {rfp=Oop [0]=Oop [12]=NarrowOop [16]=Oop [24]=Oop [32]=Oop [48]=Oop [64]=Oop [72]=NarrowOop [80]=Oop [88]=Oop [104]=Oop [112]=Oop [120]=Oop [128]=Oop [136]=Oop [144]=Oop }
                      ;*invokeinterface contains {reexecute=0 rethrow=0 return_oop=0}
                      ; - java.lang.Module::allows@27 (line 754)
                      ; - java.lang.Module::isStaticallyExportedOrOpen@60 (line 736)
                      ; - java.lang.Module::implIsExportedOrOpen@70 (line 711)
                      ; - java.lang.Module::isExported@14 (line 593)
                      ; - jdk.internal.reflect.Reflection::verifyModuleAccess@20 (line 249)
                      ; - jdk.internal.reflect.Reflection::verifyMemberAccess@22 (line 146)
                      ; - java.lang.reflect.AccessibleObject::slowVerifyAccess@16 (line 755)
                      ; - java.lang.reflect.AccessibleObject::verifyAccess@51 (line 741)
                      ; - java.lang.reflect.AccessibleObject::checkAccess@6 (line 713)
                      ; - java.lang.reflect.Method::invoke@60 (line 571)
                      ; - java.io.ObjectStreamClass::invokeWriteObject@24 (line 1072)
                      ; - java.io.ObjectOutputStream::writeSerialData@119 (line 1529)
                      ; - java.io.ObjectOutputStream::writeOrdinaryObject@158 (line 1451)
                      ; - java.io.ObjectOutputStream::writeObject0@506 (line 1194)
                      ;   {optimized virtual_call}
  0x0000000118e996bc: b1aa aa97 

  0x0000000118e996c0: ;   {other}
  0x0000000118e996c0: 1f20 03d5 | 1f26 84f2 | 1fe0 82f2 | 6059 0134 | ef03 1daa | 1d00 0014 

  0x0000000118e996d8: ;   {oop(a 'java/lang/Class'{0x00000005d4384bc0} = 'java/io/ObjectStreamClass')}
  0x0000000118e996d8: 0f78 89d2 | 0f87 baf2 | af00 c0f2 | ee0f 40f9 | eb37 48a9 | 0c00 0014 

  0x0000000118e996f0: ;   {oop(a 'java/lang/Class'{0x00000005d4384bc0} = 'java/io/ObjectStreamClass')}
  0x0000000118e996f0: 0f78 89d2 | 0f87 baf2 | af00 c0f2 | 2000 0014 

  0x0000000118e99700: ;   {oop(a 'java/lang/Class'{0x00000005d4384bc0} = 'java/io/ObjectStreamClass')}
  0x0000000118e99700: 0f78 89d2 | 0f87 baf2 | af00 c0f2 | 0400 0014 

  0x0000000118e99710: ;   {oop(a 'java/lang/Class'{0x00000005d4384bc0} = 'java/io/ObjectStreamClass')}
  0x0000000118e99710: 0f78 89d2 | 0f87 baf2 | af00 c0f2 | fd03 0faa | e103 0baa | e203 0daa | e303 0eaa | e403 1f2a 
  0x0000000118e99730: ; ImmutableOopMap {rfp=Oop [0]=Oop [12]=NarrowOop [16]=Oop [32]=Oop [48]=Oop [64]=Oop [72]=NarrowOop [80]=Oop [88]=Oop [104]=Oop [112]=Oop [120]=Oop }
                      ;*invokevirtual isReflectivelyExportedOrOpen {reexecute=0 rethrow=0 return_oop=0}
                      ; - java.lang.Module::implIsExportedOrOpen@82 (line 715)
                      ; - java.lang.Module::isExported@14 (line 593)
                      ; - jdk.internal.reflect.Reflection::verifyModuleAccess@20 (line 249)
                      ; - jdk.internal.reflect.Reflection::verifyMemberAccess@22 (line 146)
                      ; - java.lang.reflect.AccessibleObject::slowVerifyAccess@16 (line 755)
                      ; - java.lang.reflect.AccessibleObject::verifyAccess@51 (line 741)
                      ; - java.lang.reflect.AccessibleObject::checkAccess@6 (line 713)
                      ; - java.lang.reflect.Method::invoke@60 (line 571)
                      ; - java.io.ObjectStreamClass::invokeWriteObject@24 (line 1072)
                      ; - java.io.ObjectOutputStream::writeSerialData@119 (line 1529)
                      ; - java.io.ObjectOutputStream::writeOrdinaryObject@158 (line 1451)
                      ; - java.io.ObjectOutputStream::writeObject0@506 (line 1194)
                      ;   {optimized virtual_call}
  0x0000000118e99730: 94aa aa97 

  0x0000000118e99734: ;   {other}
  0x0000000118e99734: 1f20 03d5 | 9f34 84f2 | 1f00 83f2 | 209c 0134 | ef03 1daa | e80b 40f9 | e80f 00f9 | f65f 42a9 
  0x0000000118e99754: e80f 40b9 | e88f 00b9 | f81b 40f9 | f54f 4729 | ee23 40f9 | fb37 4929 | f933 45a9 | eb47 4c29 
  0x0000000118e99774: f083 46a9 | fa3f 40f9 | 0a0a 40f9 

  0x0000000118e99780: ; implicit exception: dispatches to 0x0000000118e9d6b4
  0x0000000118e99780: 4ab1 40b9 | 4ae4 0036 | ea03 1f2a | fd03 1f2a | 2b06 0136 | 5a00 00b4 | 3187 0135 | 81df 40f9 
  0x0000000118e997a0: 8ae7 40f9 | 3180 0091 | 3f02 0aeb | e20c 0154 | ea03 40b2 | 91df 00f9 

  0x0000000118e997b8: ;   {metadata('java/lang/ref/WeakReference')}
  0x0000000118e997b8: 6b00 a0d2 | 0b66 9ef2 | 2a00 00f9 | 2b08 00b9 | 2a40 0091 | 30c2 80f9 | 5f7d 00a9 

  0x0000000118e997d4: ;   {oop(a 'java/lang/Class'{0x00000005d4384bc0} = 'java/io/ObjectStreamClass')}
  0x0000000118e997d4: eb50 b7d2 | 0b2f 81f2 | 2b0c 00b9 | bf3a 03d5 | 8b03 c139 | 4bc4 0035 

  0x0000000118e997ec: ;   {oop(a 'java/lang/ref/ReferenceQueue$Null'{0x00000004d569b2e8})}
  0x0000000118e997ec: b055 b3d2 | b0cb 86f2 | 2a40 0091 | 50fd 9f88 

  0x0000000118e997fc: ;   {oop(a 'java/lang/ref/ReferenceQueue$Null'{0x00000004d569b2e8})}
  0x0000000118e997fc: 0b5d 96d2 | 2bad baf2 | 8b00 c0f2 | ea03 01aa | 6b01 0aca | 6bfd 55d3 | da41 0091 | 34fc 43d3 
  0x0000000118e9981c: 2b01 00b4 | 4afd 49d3 | 0b00 88d2 | eb77 a0f2 | 2b00 c0f2 | 6001 0a8b | 0a00 c039 | 5f09 0071 
  0x0000000118e9983c: e1c8 0054 | 8b03 c139 | cbc2 0035 | ea03 0eaa | eb03 01aa | 6b01 0aca | 6bfd 55d3 | 54ff 9f88 
  0x0000000118e9985c: 2b01 00b4 | 4afd 49d3 | 0b00 88d2 | eb77 a0f2 | 2b00 c0f2 | 6001 0a8b | 0b00 c039 | 7f09 0071 
  0x0000000118e9987c: 61c2 0054 | 0500 0014 | ff01 0071 | cc64 0154 | ed03 1f2a | ef03 1faa | ca4d 40b9 | 50f1 7dd3 
  0x0000000118e9989c: b077 00b4 | 2ded 0035 

  0x0000000118e998a4: ; implicit exception: dispatches to 0x0000000118e9d500
  0x0000000118e998a4: 0b0a 40b9 

  0x0000000118e998a8: ;   {metadata('jdk/internal/reflect/DirectMethodHandleAccessor')}
  0x0000000118e998a8: 2a03 a0d2 | 0a3e 97f2 | 7f01 0a6b | 6145 0154 | ed03 10aa | aa11 40b9 | 4a01 4837 | ea3a 40f9 
  0x0000000118e998c8: ab15 40b9 | 6bf1 7dd3 | 5d01 40f9 

  0x0000000118e998d4: ; implicit exception: dispatches to 0x0000000118e9d520
  0x0000000118e998d4: 6009 40f9 

  0x0000000118e998d8: ; implicit exception: dispatches to 0x0000000118e9d544
  0x0000000118e998d8: 0a14 40b9 | ebca 6af8 | 1f00 0beb | c15f 0054 | ab19 40b9 | bd0d 40b9 | 6ff1 7dd3 | bf07 0071 
  0x0000000118e998f8: 415f 0154 | 1d07 0034 

  0x0000000118e99900: ; implicit exception: dispatches to 0x0000000118e9d654
  0x0000000118e99900: ea11 40b9 | ee15 40b9 | 8b11 40b9 | ccf1 7dd3 

  0x0000000118e99910: ;   {oop(a 'java/lang/invoke/MethodType'{0x00000004d569a8d0} = (Ljava/lang/Object;Ljava/lang/Object;)Ljava/lang/Object;)}
  0x0000000118e99910: ae55 b3d2 | 4ea3 86f2 | 5f01 0e6b | 70f1 7dd3 | 0171 0154 

  0x0000000118e99924: ; implicit exception: dispatches to 0x0000000118e9d674
  0x0000000118e99924: 8b1d 40b9 | 2b01 0034 | e80f 40f9 | e80b 00f9 | f717 00f9 | e88f 40b9 | e80f 00b9 | f53b 00b9 
  0x0000000118e99944: fb4b 00b9 | 1800 0014 | fd03 0faa | e88f 40b9 | e80f 00b9 | f65f 02a9 | f81b 00f9 | f54f 0729 
  0x0000000118e99964: ed23 00f9 | fb4b 00b9 | f943 05a9 | e80f 40f9 | e80b 00f9 | e103 0faa 

  0x0000000118e9997c: ; ImmutableOopMap {rfp=Oop [0]=Oop [12]=NarrowOop [16]=Oop [32]=Oop [48]=Oop [64]=Oop [72]=NarrowOop [80]=Oop [88]=Oop }
                      ;*invokestatic maybeCustomize {reexecute=0 rethrow=0 return_oop=0}
                      ; - java.lang.invoke.Invokers::checkCustomized@19 (line 627)
                      ; - java.lang.invoke.Invokers$Holder::invokeExact_MT@14
                      ; - jdk.internal.reflect.DirectMethodHandleAccessor::invokeImpl@55 (line 154)
                      ; - jdk.internal.reflect.DirectMethodHandleAccessor::invoke@23 (line 103)
                      ; - java.lang.reflect.Method::invoke@102 (line 580)
                      ; - java.io.ObjectStreamClass::invokeWriteObject@24 (line 1072)
                      ; - java.io.ObjectOutputStream::writeSerialData@119 (line 1529)
                      ; - java.io.ObjectOutputStream::writeOrdinaryObject@158 (line 1451)
                      ; - java.io.ObjectOutputStream::writeObject0@506 (line 1194)
                      ;   {static_call}
  0x0000000118e9997c: 91f6 d697 

  0x0000000118e99980: ;   {other}
  0x0000000118e99980: 1f20 03d5 | 1f7e 84f2 | 1f20 83f2 | f613 40f9 | f81b 40f9 | f33f 40b9 | ed23 40f9 | f92b 40f9 
  0x0000000118e999a0: ef03 1daa | f02f 40f9 | f613 00f9 | f81b 00f9 | f33f 00b9 | ed23 00f9 | f92b 00f9 | e103 0faa 
  0x0000000118e999c0: e203 16aa | e303 10aa 

  0x0000000118e999c8: ; ImmutableOopMap {[0]=Oop [12]=NarrowOop [16]=Oop [32]=Oop [48]=Oop [64]=Oop [72]=NarrowOop [80]=Oop }
                      ;*invokevirtual invokeBasic {reexecute=0 rethrow=0 return_oop=1}
                      ; - java.lang.invoke.Invokers$Holder::invokeExact_MT@20
                      ; - jdk.internal.reflect.DirectMethodHandleAccessor::invokeImpl@55 (line 154)
                      ; - jdk.internal.reflect.DirectMethodHandleAccessor::invoke@23 (line 103)
                      ; - java.lang.reflect.Method::invoke@102 (line 580)
                      ; - java.io.ObjectStreamClass::invokeWriteObject@24 (line 1072)
                      ; - java.io.ObjectOutputStream::writeSerialData@119 (line 1529)
                      ; - java.io.ObjectOutputStream::writeOrdinaryObject@158 (line 1451)
                      ; - java.io.ObjectOutputStream::writeObject0@506 (line 1194)
                      ;   {optimized virtual_call}
  0x0000000118e999c8: ce52 c097 

  0x0000000118e999cc: ;   {other}
  0x0000000118e999cc: 1f20 03d5 | 9f87 84f2 | 1f40 83f2 | 3300 0014 

  0x0000000118e999dc: ; implicit exception: dispatches to 0x0000000118e9d594
  0x0000000118e999dc: eb11 40b9 | ea15 40b9 

  0x0000000118e999e4: ;   {oop(a 'java/lang/invoke/MethodType'{0x00000004d569a7b8} = (Ljava/lang/Object;)Ljava/lang/Object;)}
  0x0000000118e999e4: ae55 b3d2 | ee9e 86f2 | 7f01 0e6b | 4af1 7dd3 | a15a 0154 

  0x0000000118e999f8: ; implicit exception: dispatches to 0x0000000118e9d5b4
  0x0000000118e999f8: 4b1d 40b9 | 2b01 0034 | e80f 40f9 | e80b 00f9 | f717 00f9 | e88f 40b9 | e80f 00b9 | f53b 00b9 
  0x0000000118e99a18: fb4b 00b9 | 1700 0014 | fd03 0faa | e88f 40b9 | e80f 00b9 | f65f 02a9 | f81b 00f9 | f54f 0729 
  0x0000000118e99a38: ed23 00f9 | fb4b 00b9 | f92b 00f9 | e80f 40f9 | e80b 00f9 | e103 0faa 

  0x0000000118e99a50: ; ImmutableOopMap {rfp=Oop [0]=Oop [12]=NarrowOop [16]=Oop [32]=Oop [48]=Oop [64]=Oop [72]=NarrowOop [80]=Oop }
                      ;*invokestatic maybeCustomize {reexecute=0 rethrow=0 return_oop=0}
                      ; - java.lang.invoke.Invokers::checkCustomized@19 (line 627)
                      ; - java.lang.invoke.Invokers$Holder::invokeExact_MT@14
                      ; - jdk.internal.reflect.DirectMethodHandleAccessor::invokeImpl@41 (line 153)
                      ; - jdk.internal.reflect.DirectMethodHandleAccessor::invoke@23 (line 103)
                      ; - java.lang.reflect.Method::invoke@102 (line 580)
                      ; - java.io.ObjectStreamClass::invokeWriteObject@24 (line 1072)
                      ; - java.io.ObjectOutputStream::writeSerialData@119 (line 1529)
                      ; - java.io.ObjectOutputStream::writeOrdinaryObject@158 (line 1451)
                      ; - java.io.ObjectOutputStream::writeObject0@506 (line 1194)
                      ;   {static_call}
  0x0000000118e99a50: 4cab aa97 

  0x0000000118e99a54: ;   {other}
  0x0000000118e99a54: 1f20 03d5 | 9f98 84f2 | 1f60 83f2 | f613 40f9 | f81b 40f9 | f33f 40b9 | ed23 40f9 | f92b 40f9 
  0x0000000118e99a74: ef03 1daa | f613 00f9 | f81b 00f9 | f33f 00b9 | ed23 00f9 | f92b 00f9 | e103 0faa | e203 16aa 
  0x0000000118e99a94: ; ImmutableOopMap {[0]=Oop [12]=NarrowOop [16]=Oop [32]=Oop [48]=Oop [64]=Oop [72]=NarrowOop [80]=Oop }
                      ;*invokevirtual invokeBasic {reexecute=0 rethrow=0 return_oop=1}
                      ; - java.lang.invoke.Invokers$Holder::invokeExact_MT@19
                      ; - jdk.internal.reflect.DirectMethodHandleAccessor::invokeImpl@41 (line 153)
                      ; - jdk.internal.reflect.DirectMethodHandleAccessor::invoke@23 (line 103)
                      ; - java.lang.reflect.Method::invoke@102 (line 580)
                      ; - java.io.ObjectStreamClass::invokeWriteObject@24 (line 1072)
                      ; - java.io.ObjectOutputStream::writeSerialData@119 (line 1529)
                      ; - java.io.ObjectOutputStream::writeOrdinaryObject@158 (line 1451)
                      ; - java.io.ObjectOutputStream::writeObject0@506 (line 1194)
                      ;   {optimized virtual_call}
  0x0000000118e99a94: bba9 aa97 

  0x0000000118e99a98: ;   {other}
  0x0000000118e99a98: 1f20 03d5 | 1fa1 84f2 | 1f80 83f2 | ea03 40f9 | 4b19 40b9 | 6cf1 7dd3 

  0x0000000118e99ab0: ; implicit exception: dispatches to 0x0000000118e9d568
  0x0000000118e99ab0: 8a41 4039 | ea03 0034 | 820d 40b9 | 6200 0035 | 9f41 0039 | 1b00 0014 | fd03 0caa | e103 0caa 
  0x0000000118e99ad0: ; ImmutableOopMap {rfp=Oop [0]=Oop [12]=NarrowOop [16]=Oop [32]=Oop [48]=Oop [72]=NarrowOop [80]=Oop }
                      ;*invokevirtual writeBlockHeader {reexecute=0 rethrow=0 return_oop=0}
                      ; - java.io.ObjectOutputStream$BlockDataOutputStream::drain@20 (line 1897)
                      ; - java.io.ObjectOutputStream$BlockDataOutputStream::setBlockDataMode@14 (line 1808)
                      ; - java.io.ObjectOutputStream::writeSerialData@127 (line 1530)
                      ; - java.io.ObjectOutputStream::writeOrdinaryObject@158 (line 1451)
                      ; - java.io.ObjectOutputStream::writeObject0@506 (line 1194)
                      ;   {optimized virtual_call}
  0x0000000118e99ad0: 9011 0094 

  0x0000000118e99ad4: ;   {other}
  0x0000000118e99ad4: 1f20 03d5 | 9fa8 84f2 | 1fa0 83f2 | eb03 1daa | 6a21 40b9 | 6c15 40b9 | 640d 40b9 | 41f1 7dd3 
  0x0000000118e99af4: 82f1 7dd3 | e303 1f2a | e9ff 9fd2 | e9ff bff2 | e9ff dff2 

  0x0000000118e99b08: ; ImmutableOopMap {rfp=Oop [0]=Oop [12]=NarrowOop [16]=Oop [32]=Oop [48]=Oop [72]=NarrowOop [80]=Oop }
                      ;*invokevirtual write {reexecute=0 rethrow=0 return_oop=0}
                      ; - java.io.ObjectOutputStream$BlockDataOutputStream::drain@36 (line 1899)
                      ; - java.io.ObjectOutputStream$BlockDataOutputStream::setBlockDataMode@14 (line 1808)
                      ; - java.io.ObjectOutputStream::writeSerialData@127 (line 1530)
                      ; - java.io.ObjectOutputStream::writeOrdinaryObject@158 (line 1451)
                      ; - java.io.ObjectOutputStream::writeObject0@506 (line 1194)
                      ;   {virtual_call}
  0x0000000118e99b08: 0a2c ae97 

  0x0000000118e99b0c: ;   {other}
  0x0000000118e99b0c: 1f20 03d5 | 9faf 84f2 | 1fc0 83f2 | eb03 40f9 | 6b19 40b9 | ea03 1daa | 5f41 0039 | 5f0d 00b9 
  0x0000000118e99b2c: cb54 0134 | 6df1 7dd3 | aa15 40b9 | af0d 40b9 | eb03 40f9 | 6c29 40b9 | 5df1 7dd3 | ff01 1071 
  0x0000000118e99b4c: ca4d 0154 | eb05 0011 | ab0d 00b9 

  0x0000000118e99b58: ; implicit exception: dispatches to 0x0000000118e9d57c
  0x0000000118e99b58: aa0f 40b9 | 93f1 7dd3 | ff01 0a6b | 2232 0154 | eb0f 1d32 | aac3 2f8b | 4b41 0039 | 7332 01b4 
  0x0000000118e99b78: 8b03 c139 | 8b91 0035 | 8b03 c139 | ab92 0035 | ea03 40f9 | ec2b 40f9 | eb03 0caa | 6b01 0aca 
  0x0000000118e99b98: ee03 40f9 | 6bfd 55d3 | 7f16 00b9 | ed4b 40b9 | cd29 00b9 | 4b01 00b4 | 2c01 00b4 | 4afd 49d3 
  0x0000000118e99bb8: 0b00 88d2 | eb77 a0f2 | 2b00 c0f2 | 6001 0a8b | 0b00 c039 | 7f09 0071 | c191 0054 | 8a03 c139 
  0x0000000118e99bd8: 2a8d 0035 | ea03 40f9 | 5f2d 00b9 | 0f00 0014 | e88f 40b9 | e80f 00b9 | f65f 02a9 | f81b 00f9 
  0x0000000118e99bf8: f54f 0729 | e80f 40f9 | e80b 00f9 | e103 40f9 | e203 16aa | e303 1aaa 

  0x0000000118e99c10: ; ImmutableOopMap {[0]=Oop [12]=NarrowOop [16]=Oop [32]=Oop [48]=Oop }
                      ;*invokevirtual defaultWriteFields {reexecute=0 rethrow=0 return_oop=0}
                      ; - java.io.ObjectOutputStream::writeSerialData@213 (line 1542)
                      ; - java.io.ObjectOutputStream::writeOrdinaryObject@158 (line 1451)
                      ; - java.io.ObjectOutputStream::writeObject0@506 (line 1194)
                      ;   {optimized virtual_call}
  0x0000000118e99c10: d0e0 f497 

  0x0000000118e99c14: ;   {other}
  0x0000000118e99c14: 1f20 03d5 | 9fd0 84f2 | 1fe0 83f2 | eb3f 40b9 | 6a05 0011 | f53b 40b9 | 5f01 156b | 2b81 ff54 
  0x0000000118e99c34: 71fb ff17 | ed03 00f9 | fd0b 40b9 | e103 0daa 

  0x0000000118e99c44: ; ImmutableOopMap {[0]=Oop }
                      ;*invokevirtual writeBlockHeader {reexecute=0 rethrow=0 return_oop=0}
                      ; - java.io.ObjectOutputStream$BlockDataOutputStream::drain@20 (line 1897)
                      ; - java.io.ObjectOutputStream$BlockDataOutputStream::setBlockDataMode@14 (line 1808)
                      ; - java.io.ObjectOutputStream::writeObject0@588 (line 1205)
                      ;   {optimized virtual_call}
  0x0000000118e99c44: 4fa9 aa97 

  0x0000000118e99c48: ;   {other}
  0x0000000118e99c48: 1f20 03d5 | 1fd7 84f2 | 1f00 84f2 | ed03 40f9 | a40d 40b9 | 77fb ff17 | e207 42a9 

  0x0000000118e99c64: ; ImmutableOopMap {[0]=Oop [16]=Oop [24]=Oop [32]=Oop }
                      ;*invokevirtual getFromHashMap {reexecute=0 rethrow=0 return_oop=1}
                      ; - java.lang.ClassValue::getFromBackup@17 (line 211)
                      ; - java.lang.ClassValue::get@27 (line 117)
                      ; - java.io.ClassCache::get@9 (line 84)
                      ; - java.io.ObjectStreamClass::lookup@19 (line 364)
                      ; - java.io.ObjectOutputStream::writeObject0@185 (line 1150)
                      ;   {optimized virtual_call}
  0x0000000118e99c64: 3b11 0094 

  0x0000000118e99c68: ;   {other}
  0x0000000118e99c68: 1f20 03d5 | 1fdb 84f2 | 1f20 84f2 | e7fb ff17 | f103 00f9 | fd0b 40b9 | e103 11aa | e203 032a 
  0x0000000118e99c88: ; ImmutableOopMap {[0]=Oop }
                      ;*invokevirtual writeBlockHeader {reexecute=0 rethrow=0 return_oop=0}
                      ; - java.io.ObjectOutputStream$BlockDataOutputStream::drain@20 (line 1897)
                      ; - java.io.ObjectOutputStream$BlockDataOutputStream::setBlockDataMode@14 (line 1808)
                      ; - java.io.ObjectOutputStream::writeObject0@96 (line 1205)
                      ;   {optimized virtual_call}
  0x0000000118e99c88: 3ea9 aa97 

  0x0000000118e99c8c: ;   {other}
  0x0000000118e99c8c: 1f20 03d5 | 9fdf 84f2 | 1f40 84f2 | f103 40f9 | 240e 40b9 | 2616 40b9 | 9dfa ff17 | ab1b 40b9 
  0x0000000118e99cac: 61f1 7dd3 | 4115 01b4 | fd13 00f9 | f30b 00f9 | fd0f 40f9 

  0x0000000118e99cc0: ; ImmutableOopMap {rfp=Oop [0]=Oop [16]=Oop [32]=Oop [40]=Oop }
                      ;*invokevirtual lock {reexecute=0 rethrow=0 return_oop=0}
                      ; - java.lang.ref.ReferenceQueue::poll@13 (line 182)
                      ; - java.io.ClassCache::processQueue@4 (line 111)
                      ; - java.io.ClassCache::get@1 (line 82)
                      ; - java.io.ObjectStreamClass::lookup@19 (line 364)
                      ; - java.io.ObjectOutputStream::writeObject0@185 (line 1150)
                      ;   {optimized virtual_call}
  0x0000000118e99cc0: 30a9 aa97 

  0x0000000118e99cc4: ;   {other}
  0x0000000118e99cc4: 1f20 03d5 | 9fe6 84f2 | 1f60 84f2 | e113 40f9 

  0x0000000118e99cd4: ; ImmutableOopMap {rfp=Oop [0]=Oop [16]=Oop [32]=Oop [40]=Oop }
                      ;*invokevirtual poll0 {reexecute=0 rethrow=0 return_oop=1}
                      ; - java.lang.ref.ReferenceQueue::poll@17 (line 184)
                      ; - java.io.ClassCache::processQueue@4 (line 111)
                      ; - java.io.ClassCache::get@1 (line 82)
                      ; - java.io.ObjectStreamClass::lookup@19 (line 364)
                      ; - java.io.ObjectOutputStream::writeObject0@185 (line 1150)
                      ;   {optimized virtual_call}
  0x0000000118e99cd4: 2ba9 aa97 

  0x0000000118e99cd8: ;   {other}
  0x0000000118e99cd8: 1f20 03d5 | 1fe9 84f2 | 1f80 84f2 | ea13 40f9 | 4a19 40b9 | 41f1 7dd3 | e00f 00f9 | 0114 01b4 
  0x0000000118e99cf8: ; ImmutableOopMap {rfp=Oop [0]=Oop [16]=Oop [24]=Oop [40]=Oop }
                      ;*invokevirtual unlock {reexecute=0 rethrow=0 return_oop=0}
                      ; - java.lang.ref.ReferenceQueue::poll@25 (line 186)
                      ; - java.io.ClassCache::processQueue@4 (line 111)
                      ; - java.io.ClassCache::get@1 (line 82)
                      ; - java.io.ObjectStreamClass::lookup@19 (line 364)
                      ; - java.io.ObjectOutputStream::writeObject0@185 (line 1150)
                      ;   {optimized virtual_call}
  0x0000000118e99cf8: 22a9 aa97 

  0x0000000118e99cfc: ;   {other}
  0x0000000118e99cfc: 1f20 03d5 | 9fed 84f2 | 1fa0 84f2 | ea0f 40f9 | 2a2c 01b5 | fd0f 00f9 | f30b 40f9 | cafa ff17 
  0x0000000118e99d1c: e003 1f2a | 01fa ff17 | ee47 02a9 

  0x0000000118e99d28: ; ImmutableOopMap {rfp=Oop [0]=Oop [24]=Oop [32]=Oop [40]=Oop }
                      ;*invokestatic identityHashCode {reexecute=0 rethrow=0 return_oop=0}
                      ; - java.io.ObjectOutputStream$HandleTable::hash@1 (line 2384)
                      ; - java.io.ObjectOutputStream$HandleTable::lookup@11 (line 2317)
                      ; - java.io.ObjectOutputStream$ReplaceTable::lookup@5 (line 2423)
                      ; - java.io.ObjectOutputStream::writeObject0@24 (line 1129)
                      ;   {static_call}
  0x0000000118e99d28: ca97 c097 

  0x0000000118e99d2c: ;   {other}
  0x0000000118e99d2c: 1f20 03d5 | 9ff3 84f2 | 1fc0 84f2 | e103 1daa | ee47 42a9 | f9f9 ff17 | ea0f 00b9 | f30b 00f9 
  0x0000000118e99d4c: f037 02a9 | e103 13aa 

  0x0000000118e99d54: ; ImmutableOopMap {[0]=Oop [16]=Oop [24]=Oop [32]=Oop }
                      ;*invokestatic identityHashCode {reexecute=0 rethrow=0 return_oop=0}
                      ; - java.io.ObjectOutputStream$HandleTable::hash@1 (line 2384)
                      ; - java.io.ObjectOutputStream$HandleTable::lookup@11 (line 2317)
                      ; - java.io.ObjectOutputStream::writeObject0@65 (line 1132)
                      ;   {static_call}
  0x0000000118e99d54: bf97 c097 

  0x0000000118e99d58: ;   {other}
  0x0000000118e99d58: 1f20 03d5 | 1ff9 84f2 | 1fe0 84f2 | ea0f 40b9 | f30b 40f9 | f037 42a9 | 24fa ff17 | ea03 40f9 
  0x0000000118e99d78: 4b21 40b9 | 61f1 7dd3 | c117 01b4 | ee0f 00b9 | f60b 00f9 | f73f 02a9 | e203 13aa | e303 16aa 
  0x0000000118e99d98: ; ImmutableOopMap {[0]=Oop [16]=Oop [24]=Oop [48]=Oop [56]=Oop }
                      ;*invokevirtual assign {reexecute=0 rethrow=0 return_oop=0}
                      ; - java.io.ObjectOutputStream::writeObject0@287 (line 1170)
                      ;   {optimized virtual_call}
  0x0000000118e99d98: 4a13 0094 

  0x0000000118e99d9c: ;   {other}
  0x0000000118e99d9c: 1f20 03d5 | 9f01 85f2 | 1f00 85f2 | eb03 40f9 | 6a1d 40b9 | 41f1 7dd3 | 0117 01b4 | e20b 40f9 
  0x0000000118e99dbc: ; ImmutableOopMap {[0]=Oop [16]=Oop [24]=Oop [48]=Oop [56]=Oop }
                      ;*invokevirtual lookup {reexecute=0 rethrow=0 return_oop=0}
                      ; - java.io.ObjectOutputStream::writeObject0@327 (line 1174)
                      ;   {optimized virtual_call}
  0x0000000118e99dbc: 85e8 d497 

  0x0000000118e99dc0: ;   {other}
  0x0000000118e99dc0: 1f20 03d5 | 1f06 85f2 | 1f20 85f2 | 1f04 0031 | 012c 0154 

  0x0000000118e99dd4: ;   {metadata('java/lang/Class')}
  0x0000000118e99dd4: 0a00 a0d2 | 0a6a 8df2 | ee0f 40b9 | df01 0a6b | 4016 0154 

  0x0000000118e99de8: ;   {metadata('java/io/ObjectStreamClass')}
  0x0000000118e99de8: 4a22 a0d2 | 0abf 99f2 | df01 0a6b | 6016 0154 | f60b 40f9 | f73f 42a9 | f3fa ff17 | fd03 14aa 
  0x0000000118e99e08: e203 13aa | f517 00f9 | e80f 40f9 | e823 00f9 | f30b 00f9 | e117 40f9 

  0x0000000118e99e20: ; ImmutableOopMap {rfp=Oop [0]=Oop [16]=Oop [40]=Oop [64]=Oop }
                      ;*invokevirtual invokeWriteReplace {reexecute=0 rethrow=0 return_oop=1}
                      ; - java.io.ObjectOutputStream::writeObject0@201 (line 1152)
                      ;   {optimized virtual_call}
  0x0000000118e99e20: 4013 0094 

  0x0000000118e99e24: ;   {other}
  0x0000000118e99e24: 1f20 03d5 | 9f12 85f2 | 1f40 85f2 | ed03 00aa 

  0x0000000118e99e34: ; implicit exception: dispatches to 0x0000000118e9d610
  0x0000000118e99e34: 0a08 40b9 | 4a05 60d2 | 4a39 40f9 | 4e01 40f9 | df01 1deb | a026 0154 

  0x0000000118e99e4c: ;   {oop(a 'java/io/ObjectStreamClass$Caches$1'{0x00000004d72125b8})}
  0x0000000118e99e4c: 0ab7 84d2 | 2ae4 baf2 | 8a00 c0f2 | 4b0d 40b9 

  0x0000000118e99e5c: ; ImmutableOopMap {r11=NarrowOop r13=Oop r14=Oop c_rarg0=Oop [0]=Oop [16]=Oop [64]=Oop }
                      ;*goto {reexecute=1 rethrow=0 return_oop=0}
                      ; - (reexecute) java.io.ObjectOutputStream::writeObject0@228 (line 1158)
  0x0000000118e99e5c: 8c2f 42f9 

  0x0000000118e99e60: ;   {poll}
  0x0000000118e99e60: 9f01 40b9 | 7df1 7dd3 

  0x0000000118e99e68: ; implicit exception: dispatches to 0x0000000118e9d48c
  0x0000000118e99e68: aa0b 40b9 

  0x0000000118e99e6c: ;   {metadata('java/lang/ref/ReferenceQueue')}
  0x0000000118e99e6c: 8b00 a0d2 | 0bc6 82f2 | 5f01 0b6b | c113 0154 | ec03 1daa | 8a31 0091 | 4afd df88 | aa4f 0035 
  0x0000000118e99e8c: ;   {oop(a 'java/io/ObjectStreamClass$Caches$1'{0x00000004d72125b8})}
  0x0000000118e99e8c: 0ab7 84d2 | 2ae4 baf2 | 8a00 c0f2 | 4b11 40b9 | ca5d 40b9 | 70f1 7dd3 

  0x0000000118e99ea4: ; implicit exception: dispatches to 0x0000000118e9d4a8
  0x0000000118e99ea4: 0c0e 40b9 | 4af1 7dd3 | ea3f 00b4 | 4a39 40b9 | 51f1 7dd3 | 7113 01b4 | 2a0e 40b9 | 4f05 0051 
  0x0000000118e99ec4: 9d01 0f0a | 2bca 3d8b | 5f01 0071 | c911 0154 | 6b11 40b9 | 78f1 7dd3 | 383c 00b4 | 8a03 c139 
  0x0000000118e99ee4: 130f 40b9 | 0a66 0035 | 0a52 0091 | 4bfd df88 | 7f02 0b6b | 413b 0054 | 0b1f 40b9 | 7df1 7dd3 
  0x0000000118e99f04: ; implicit exception: dispatches to 0x0000000118e9d4c4
  0x0000000118e99f04: ab0b 40b9 

  0x0000000118e99f08: ;   {metadata('java/io/ClassCache$CacheRef')}
  0x0000000118e99f08: 6c22 a0d2 | 0ca2 82f2 | 7f01 0c6b | e17a 0154 | ab2b 40b9 | 6ff1 7dd3 | 4f4f 00b5 | aa0f 40b9 
  0x0000000118e99f28: 8c03 c139 | 4ff1 7dd3 | 4c61 0035 | 0f0d 01b4 

  0x0000000118e99f38: ;   {oop(a 'java/lang/Class'{0x00000005d4dac490} = 'java/lang/ref/SoftReference')}
  0x0000000118e99f38: 0a92 98d2 | 4a9b baf2 | aa00 c0f2 | 4a39 40f9 | ab13 40f9 | 7f01 0aeb | c141 0054 | ea09 40b9 
  0x0000000118e99f58: ;   {metadata('java/io/ObjectStreamClass')}
  0x0000000118e99f58: 4b22 a0d2 | 0bbf 99f2 | 5f01 0b6b | 2179 0154 | fd69 4039 | 5d1e 0134 | ea65 40b9 | 0a4c 0035 
  0x0000000118e99f78: ef3b 03a9 | f603 0daa | e823 40f9 | e80f 00f9 | f30b 40f9 | 6bfa ff17 | 8a03 c139 | 4a5f 0035 
  0x0000000118e99f98: bf2b 00b9 | 5cfa ff17 | ef03 00f9 | fd0b 40b9 | e103 0faa 

  0x0000000118e99fac: ; ImmutableOopMap {[0]=Oop }
                      ;*invokevirtual writeBlockHeader {reexecute=0 rethrow=0 return_oop=0}
                      ; - java.io.ObjectOutputStream$BlockDataOutputStream::drain@20 (line 1897)
                      ; - java.io.ObjectOutputStream$BlockDataOutputStream::setBlockDataMode@14 (line 1808)
                      ; - java.io.ObjectOutputStream::writeObject0@51 (line 1205)
                      ;   {optimized virtual_call}
  0x0000000118e99fac: 75a8 aa97 

  0x0000000118e99fb0: ;   {other}
  0x0000000118e99fb0: 1f20 03d5 | 1f44 85f2 | 1f80 85f2 | ef03 40f9 | e40d 40b9 | eb15 40b9 | d6fa ff17 | e403 17aa 
  0x0000000118e99fd0: e503 40b2 | 8950 40f9 | 8050 40fd | 8901 00b6 | 0054 5f5f | 0058 200e | 00b8 310e | 0300 669e 
  0x0000000118e99ff0: 8114 40f9 | 2578 63f8 | a500 00ca | 8500 00b4 | 6900 08b6 | 2981 c993 

  0x0000000118e9a008: ;   {runtime_call StubRoutines (final stubs)}
  0x0000000118e9a008: 0ccf aa97 | 0564 ffb4 | fd03 40f9 | 4117 8012 

  0x0000000118e9a018: ; ImmutableOopMap {rfp=Oop [56]=Oop }
                      ;*ifeq {reexecute=1 rethrow=0 return_oop=0}
                      ; - (reexecute) java.io.ObjectOutputStream::writeObject0@498 (line 1193)
                      ;   {runtime_call UncommonTrapBlob}
  0x0000000118e9a018: dac3 aa97 

  0x0000000118e9a01c: ;   {other}
  0x0000000118e9a01c: 1f20 03d5 | 9f51 85f2 | 1fa0 85f2 | ca25 40b9 | 4af1 7dd3 

  0x0000000118e9a030: ; implicit exception: dispatches to 0x0000000118e9d694
  0x0000000118e9a030: 4b35 40b9 | 0b22 0035 | ca61 0091 | 4afd df88 | 4df1 7dd3 | ed13 00b5 | ef03 0391 | ca01 40f9 
  0x0000000118e9a050: aa01 0837 | 4d01 40b2 | ed01 00f9 | ea03 0daa | cffd eac8 | 5f01 0deb | 6002 0054 | e803 0091 
  0x0000000118e9a070: 4a01 08cb | edcf 72b2 | 4d01 0dea | ed01 00f9 | 0d00 0014 | 4df9 0091 | eb03 1faa | bcfd ebc8 
  0x0000000118e9a090: 7f01 1feb | ed07 40b2 | ed01 00f9 | c000 0054 | 7f01 1ceb | 8100 0054 | 4861 48f8 | 0805 0091 
  0x0000000118e9a0b0: 4861 08f8 | 8100 0054 | 88ab 42f9 | 0805 0091 | 88ab 02f9 | 6143 0154 | ca61 0091 | 4afd df88 
  0x0000000118e9a0d0: 5df1 7dd3 | cd51 40b9 | 5d4b 01b5 | a1f1 7dd3 | 8105 00b5 

  0x0000000118e9a0e4: ;   {oop(a 'java/lang/Class'{0x00000005d4da5030} = 'jdk/internal/access/SharedSecrets')}
  0x0000000118e9a0e4: 0a06 8ad2 | 4a9b baf2 | aa00 c0f2 | 4a7d 40b9 | cb25 40b9 | cd41 40b9 | 5df1 7dd3 | 6ff1 7dd3 
  0x0000000118e9a104: adf1 7dd3 

  0x0000000118e9a108: ; implicit exception: dispatches to 0x0000000118e9d790
  0x0000000118e9a108: ab0b 40b9 

  0x0000000118e9a10c: ;   {metadata('java/lang/System$2')}
  0x0000000118e9a10c: 2a00 a0d2 | 0a4c 90f2 | 7f01 0a6b | 214f 0154 | ef4d 01b4 | e88f 40b9 | e80f 00b9 | f70b 00f9 
  0x0000000118e9a12c: f613 00f9 | f52b 00b9 | f81b 00f9 | f33f 00b9 | ee23 00f9 | fb4b 00b9 | f933 05a9 | ed33 00f9 
  0x0000000118e9a14c: fd0f 40f9 | e103 0faa 

  0x0000000118e9a154: ; ImmutableOopMap {rfp=Oop [0]=Oop [12]=NarrowOop [32]=Oop [48]=Oop [64]=Oop [72]=NarrowOop [80]=Oop [88]=Oop [96]=Oop }
                      ;*invokevirtual getConstantPool {reexecute=0 rethrow=0 return_oop=1}
                      ; - java.lang.System$2::getConstantPool@1 (line 2350)
                      ; - java.lang.reflect.Executable::declaredAnnotations@53 (line 649)
                      ; - java.lang.reflect.Executable::getAnnotation@7 (line 612)
                      ; - java.lang.reflect.Method::getAnnotation@2 (line 793)
                      ; - java.lang.reflect.AnnotatedElement::isAnnotationPresent@2 (line 292)
                      ; - java.lang.reflect.AccessibleObject::isAnnotationPresent@2 (line 558)
                      ; - jdk.internal.reflect.Reflection::isCallerSensitive@18 (line 347)
                      ; - java.lang.reflect.Method::isCallerSensitive@11 (line 618)
                      ; - java.lang.reflect.Method::invoke@1 (line 561)
                      ; - java.io.ObjectStreamClass::invokeWriteObject@24 (line 1072)
                      ; - java.io.ObjectOutputStream::writeSerialData@119 (line 1529)
                      ; - java.io.ObjectOutputStream::writeOrdinaryObject@158 (line 1451)
                      ; - java.io.ObjectOutputStream::writeObject0@506 (line 1194)
                      ;   {optimized virtual_call}
  0x0000000118e9a154: 0ba8 aa97 

  0x0000000118e9a158: ;   {other}
  0x0000000118e9a158: 1f20 03d5 | 1f79 85f2 | 1fc0 85f2 | eb23 40f9 | 6b25 40b9 | 63f1 7dd3 | e133 40f9 | e203 00aa 
  0x0000000118e9a178: ; ImmutableOopMap {rfp=Oop [0]=Oop [12]=NarrowOop [32]=Oop [48]=Oop [64]=Oop [72]=NarrowOop [80]=Oop [88]=Oop }
                      ;*invokestatic parseAnnotations {reexecute=0 rethrow=0 return_oop=1}
                      ; - java.lang.reflect.Executable::declaredAnnotations@62 (line 646)
                      ; - java.lang.reflect.Executable::getAnnotation@7 (line 612)
                      ; - java.lang.reflect.Method::getAnnotation@2 (line 793)
                      ; - java.lang.reflect.AnnotatedElement::isAnnotationPresent@2 (line 292)
                      ; - java.lang.reflect.AccessibleObject::isAnnotationPresent@2 (line 558)
                      ; - jdk.internal.reflect.Reflection::isCallerSensitive@18 (line 347)
                      ; - java.lang.reflect.Method::isCallerSensitive@11 (line 618)
                      ; - java.lang.reflect.Method::invoke@1 (line 561)
                      ; - java.io.ObjectStreamClass::invokeWriteObject@24 (line 1072)
                      ; - java.io.ObjectOutputStream::writeSerialData@119 (line 1529)
                      ; - java.io.ObjectOutputStream::writeOrdinaryObject@158 (line 1451)
                      ; - java.io.ObjectOutputStream::writeObject0@506 (line 1194)
                      ;   {static_call}
  0x0000000118e9a178: 82a9 aa97 

  0x0000000118e9a17c: ;   {other}
  0x0000000118e9a17c: 1f20 03d5 | 9f7d 85f2 | 1fe0 85f2 | f303 00aa | 1100 0014 | e88f 40b9 | e80f 00b9 | f70b 00f9 
  0x0000000118e9a19c: f613 00f9 | f52b 00b9 | f81b 00f9 | f33f 00b9 | ee23 00f9 | fb4b 00b9 | f933 05a9 | fd0f 40f9 
  0x0000000118e9a1bc: ; ImmutableOopMap {rfp=Oop [0]=Oop [12]=NarrowOop [32]=Oop [48]=Oop [64]=Oop [72]=NarrowOop [80]=Oop [88]=Oop }
                      ;*invokevirtual declaredAnnotations {reexecute=0 rethrow=0 return_oop=1}
                      ; - java.lang.reflect.Executable::declaredAnnotations@35 (line 644)
                      ; - java.lang.reflect.Executable::getAnnotation@7 (line 612)
                      ; - java.lang.reflect.Method::getAnnotation@2 (line 793)
                      ; - java.lang.reflect.AnnotatedElement::isAnnotationPresent@2 (line 292)
                      ; - java.lang.reflect.AccessibleObject::isAnnotationPresent@2 (line 558)
                      ; - jdk.internal.reflect.Reflection::isCallerSensitive@18 (line 347)
                      ; - java.lang.reflect.Method::isCallerSensitive@11 (line 618)
                      ; - java.lang.reflect.Method::invoke@1 (line 561)
                      ; - java.io.ObjectStreamClass::invokeWriteObject@24 (line 1072)
                      ; - java.io.ObjectOutputStream::writeSerialData@119 (line 1529)
                      ; - java.io.ObjectOutputStream::writeOrdinaryObject@158 (line 1451)
                      ; - java.io.ObjectOutputStream::writeObject0@506 (line 1194)
                      ;   {optimized virtual_call}
  0x0000000118e9a1bc: f1a7 aa97 

  0x0000000118e9a1c0: ;   {other}
  0x0000000118e9a1c0: 1f20 03d5 | 1f86 85f2 | 1f00 86f2 | f303 00aa | 8b03 c139 | 6bac 0035 | ee23 40f9 | 6cfe 43d3 
  0x0000000118e9a1e0: ca61 0091 | 4cfd 9f88 | ea03 0eaa | eb03 13aa | 6b01 0aca | 6bfd 55d3 | ed03 13aa | 4b01 00b4 
  0x0000000118e9a200: 3301 00b4 | 4afd 49d3 | 0b00 88d2 | eb77 a0f2 | 2b00 c0f2 | 6001 0a8b | 0b00 c039 | 7f09 0071 
  0x0000000118e9a220: 81ab 0054 | ec03 0391 | 8b01 40f9 | 7f01 1feb | 8002 0054 | ca01 40f9 | aa00 0837 | ea03 0caa 
  0x0000000118e9a240: cbfd aac8 | 5f01 0ceb | 0e00 0014 | 4a09 00d1 | 4b45 40f9 | ab00 00b4 | 6b05 00d1 | 4b45 00f9 
  0x0000000118e9a260: 7f01 0beb | 0700 0014 | 482d 49a9 | 0801 0baa | 1f01 1feb | 6800 00b5 | 4a01 0191 | 5ffd 9fc8 
  0x0000000118e9a280: 8100 0054 | 88ab 42f9 | 0805 00d1 | 88ab 02f9 | 0138 0154 | 4d34 01b4 | fd0f 00f9 | f70b 40f9 
  0x0000000118e9a2a0: f613 40f9 | e80f 40b9 | e88f 00b9 | f52b 40b9 | f81b 40f9 | f33f 40b9 | fb4b 40b9 | f933 45a9 
  0x0000000118e9a2c0: ab09 40b9 

  0x0000000118e9a2c4: ;   {metadata('java/util/Collections$EmptyMap')}
  0x0000000118e9a2c4: 8a03 a0d2 | 0aaa 9ff2 | 7f01 0a6b | a00d 0054 

  0x0000000118e9a2d4: ;   {metadata('java/util/LinkedHashMap')}
  0x0000000118e9a2d4: ea01 a0d2 | 0a5f 92f2 | 7f01 0a6b | 0139 0154 | e403 0daa | 8a24 40b9 | 4df1 7dd3 | ad0c 00b4 
  0x0000000118e9a2f4: ;   {oop(a 'java/lang/Class'{0x00000005d47185e8} = 'jdk/internal/reflect/CallerSensitive')}
  0x0000000118e9a2f4: 0abd 90d2 | 2a8e baf2 | aa00 c0f2 | 4a01 40f9 | bd0d 40b9 | 4b05 4092 | bf03 0071 | 4941 0154 
  0x0000000118e9a314: bd07 0051 | 7f05 00f1 | 01a7 0054 | 4afd 48d3 | 4079 0012 | a0a6 0034 | 0a40 404a | ab03 0a0a 
  0x0000000118e9a334: abc9 2b8b | 6d11 40b9 | b0f1 7dd3 | 300a 00b4 | 0b0e 40b9 | 7f01 0a6b | 0101 0054 | 0b12 40b9 
  0x0000000118e9a354: ;   {oop(a 'java/lang/Class'{0x00000005d47185e8} = 'jdk/internal/reflect/CallerSensitive')}
  0x0000000118e9a354: cf51 b7d2 | af17 86f2 | 7f01 0f6b | 6100 0054 | f037 00f9 | 2a00 0014 | 0d1a 40b9 | a6f1 7dd3 
  0x0000000118e9a374: 8608 00b4 | 0b0a 40b9 

  0x0000000118e9a37c: ;   {metadata('java/util/HashMap$TreeNode')}
  0x0000000118e9a37c: 4f03 a0d2 | 0f18 83f2 | 7f01 0f6b | 4148 0054 | 0d2a 40b9 | bdf1 7dd3 | 9d46 01b5 | f70b 00f9 
  0x0000000118e9a39c: f613 00f9 | f52b 00b9 | f81b 00f9 | f33f 00b9 | ee23 00f9 | fb4b 00b9 | f933 05a9 | e433 00f9 
  0x0000000118e9a3bc: e103 10aa | e203 0a2a 

  0x0000000118e9a3c4: ;   {oop(a 'java/lang/Class'{0x00000005d47185e8} = 'jdk/internal/reflect/CallerSensitive')}
  0x0000000118e9a3c4: 03bd 90d2 | 238e baf2 | a300 c0f2 | e403 1faa 

  0x0000000118e9a3d4: ; ImmutableOopMap {[0]=Oop [24]=Oop [32]=Oop [48]=Oop [64]=Oop [72]=NarrowOop [80]=Oop [88]=Oop [96]=Oop [140]=NarrowOop }
                      ;*invokevirtual find {reexecute=0 rethrow=0 return_oop=1}
                      ; - java.util.HashMap$TreeNode::getTreeNode@18 (line 2048)
                      ; - java.util.HashMap::getNode@95 (line 582)
                      ; - java.util.LinkedHashMap::get@2 (line 536)
                      ; - java.lang.reflect.Executable::getAnnotation@11 (line 612)
                      ; - java.lang.reflect.Method::getAnnotation@2 (line 793)
                      ; - java.lang.reflect.AnnotatedElement::isAnnotationPresent@2 (line 292)
                      ; - java.lang.reflect.AccessibleObject::isAnnotationPresent@2 (line 558)
                      ; - jdk.internal.reflect.Reflection::isCallerSensitive@18 (line 347)
                      ; - java.lang.reflect.Method::isCallerSensitive@11 (line 618)
                      ; - java.lang.reflect.Method::invoke@1 (line 561)
                      ; - java.io.ObjectStreamClass::invokeWriteObject@24 (line 1072)
                      ; - java.io.ObjectOutputStream::writeSerialData@119 (line 1529)
                      ; - java.io.ObjectOutputStream::writeOrdinaryObject@158 (line 1451)
                      ; - java.io.ObjectOutputStream::writeObject0@506 (line 1194)
                      ;   {optimized virtual_call}
  0x0000000118e9a3d4: 6ba7 aa97 

  0x0000000118e9a3d8: ;   {other}
  0x0000000118e9a3d8: 1f20 03d5 | 1fc9 85f2 | 1f20 86f2 | 6003 00b4 | e037 00f9 | f70b 40f9 | f613 40f9 | f52b 40b9 
  0x0000000118e9a3f8: f81b 40f9 | f33f 40b9 | ee23 40f9 | fb4b 40b9 | f933 45a9 | e433 40f9 | 8ac0 4039 | caa6 0035 
  0x0000000118e9a418: ea37 40f9 | 4b15 40b9 | 7df1 7dd3 | 1d03 00b4 | aa0b 40b9 | 4405 60d2 | 8a10 40f9 

  0x0000000118e9a434: ;   {metadata('jdk/internal/reflect/CallerSensitive')}
  0x0000000118e9a434: 00cd 90d2 | 2001 a0f2 | 6000 c0f2 | 5f01 00eb | 6155 0054 | ef03 0032 | 0f00 0014 | f70b 40f9 
  0x0000000118e9a454: f613 40f9 | f52b 40b9 | f81b 40f9 | f33f 40b9 | ee23 40f9 | fb4b 40b9 | f933 45a9 | 0500 0014 
  0x0000000118e9a474: ;   {oop(a 'jdk/internal/loader/ClassLoaders$PlatformClassLoader'{0x00000004d569a988})}
  0x0000000118e9a474: aa55 b3d2 | 2aa6 86f2 | 7f01 0a6b | c0dd ff54 | 0f00 a012 | cf35 0039 | 53fb ff17 | f522 ffb4 
  0x0000000118e9a494: 8a17 40f9 | ea77 00b4 | 8b1f 40f9 | 4c21 00d1 | 6a01 0a8b | 5581 1ff8 | 8c17 00f9 | 0ff9 ff17 
  0x0000000118e9a4b4: 00f3 7dd3 | 601f ffb4 | 8a17 40f9 | 0a79 00b4 | 8b1f 40f9 | 4c21 00d1 | 6a01 0a8b | 4081 1ff8 
  0x0000000118e9a4d4: 8c17 00f9 | f3f8 ff17 | 5f81 0071 | 4102 0054 | ff02 00eb | 00a0 ff54 | e403 17aa | 8514 40f9 
  0x0000000118e9a4f4: a200 40b9 | a520 0091 | ff63 3feb | c200 00b4 | a884 40f8 | 1f00 08eb | 6000 0054 | 4204 00d1 
  0x0000000118e9a514: 82ff ffb5 | 6100 0054 | 8010 00f9 | e503 1faa | 259e ffb4 | 80df 40f9 | 8ae7 40f9 | 0ba0 0091 
  0x0000000118e9a534: 7f01 0aeb | 02a5 0054 | ea03 40b2 | 8bdf 00f9 | 0a00 00f9 

  0x0000000118e9a548: ;   {metadata('java/lang/IllegalArgumentException')}
  0x0000000118e9a548: ca00 a0d2 | 0afa 94f2 | 70c1 80f9 | 0a08 00b9 | 0a40 0091 | 1f0c 00b9 | 5f01 00f9 | 5ffd 00a9 
  0x0000000118e9a568: fd03 0caa | ed0b 00f9 | f613 00f9 | f81b 00f9 | f33f 00b9 | fb4b 00b9 | f92b 00f9 | bf3a 03d5 
  0x0000000118e9a588: ea03 00aa | ea0f 00f9 

  0x0000000118e9a590: ;   {oop("object is not an instance of declaring class"{0x00000005d4dac5e8})}
  0x0000000118e9a590: 02bd 98d2 | 429b baf2 | a200 c0f2 | e103 0aaa 

  0x0000000118e9a5a0: ; ImmutableOopMap {rfp=Oop [0]=Oop [16]=Oop [24]=Oop [32]=Oop [48]=Oop [72]=NarrowOop [80]=Oop }
                      ;*invokespecial <init> {reexecute=0 rethrow=0 return_oop=0}
                      ; - jdk.internal.reflect.DirectMethodHandleAccessor::checkReceiver@20 (line 197)
                      ; - jdk.internal.reflect.DirectMethodHandleAccessor::invoke@9 (line 99)
                      ; - java.lang.reflect.Method::invoke@102 (line 580)
                      ; - java.io.ObjectStreamClass::invokeWriteObject@24 (line 1072)
                      ; - java.io.ObjectOutputStream::writeSerialData@119 (line 1529)
                      ; - java.io.ObjectOutputStream::writeOrdinaryObject@158 (line 1451)
                      ; - java.io.ObjectOutputStream::writeObject0@506 (line 1194)
                      ;   {optimized virtual_call}
  0x0000000118e9a5a0: f8a6 aa97 

  0x0000000118e9a5a4: ;   {other}
  0x0000000118e9a5a4: 1f20 03d5 | 9f02 86f2 | 1f40 86f2 | ea0f 40f9 | f303 0aaa | f403 40f9 | 8b2a 40b9 | 75f1 7dd3 
  0x0000000118e9a5c4: 150b 01b4 | 8a03 c139 | ca61 0035 | 8a03 c139 | ea62 0035 | ec2b 40f9 | ea03 14aa | eb03 0caa 
  0x0000000118e9a5e4: 6b01 0aca | 6bfd 55d3 | bf16 00b9 | ed4b 40b9 | 8d2a 00b9 | 4b01 00b4 | 2c01 00b4 | 4afd 49d3 
  0x0000000118e9a604: 0b00 88d2 | eb77 a0f2 | 2b00 c0f2 | 6001 0a8b | 0a00 c039 | 5f09 0071 | 0162 0054 | fd03 13aa 
  0x0000000118e9a624: 8b12 40b9 | 8a1a 40b9 | 6c05 0051 | 41f1 7dd3 | 8c12 00b9 | 2105 01b4 | e20b 40b9 

  0x0000000118e9a640: ; ImmutableOopMap {rfp=Oop }
                      ;*invokevirtual setBlockDataMode {reexecute=0 rethrow=0 return_oop=0}
                      ; - java.io.ObjectOutputStream::writeObject0@612 (line 1205)
                      ;   {optimized virtual_call}
  0x0000000118e9a640: d0a6 aa97 

  0x0000000118e9a644: ;   {other}
  0x0000000118e9a644: 1f20 03d5 | 9f16 86f2 | 1f60 86f2 | e103 1daa | fd7b 4da9 | ff83 0391 

  0x0000000118e9a65c: ;   {runtime_call _rethrow_Java}
  0x0000000118e9a65c: 6942 ae17 | eec3 01a9 | fd03 0daa | e103 11aa | e203 10aa 

  0x0000000118e9a670: ; ImmutableOopMap {rfp=Oop [0]=Oop [16]=Oop [24]=Oop [32]=Oop [64]=Oop }
                      ;*invokestatic probeBackupLocations {reexecute=0 rethrow=0 return_oop=1}
                      ; - java.lang.ClassValue::getFromBackup@2 (line 208)
                      ; - java.lang.ClassValue::get@27 (line 117)
                      ; - java.io.ClassCache::get@9 (line 84)
                      ; - java.io.ObjectStreamClass::lookup@19 (line 364)
                      ; - java.io.ObjectOutputStream::writeObject0@185 (line 1150)
                      ;   {static_call}
  0x0000000118e9a670: 44a8 aa97 

  0x0000000118e9a674: ;   {other}
  0x0000000118e9a674: 1f20 03d5 | 9f1c 86f2 | 1f80 86f2 | 000d 00b4 | e103 00aa 

  0x0000000118e9a688: ; ImmutableOopMap {rfp=Oop [0]=Oop [16]=Oop [24]=Oop [64]=Oop }
                      ;*invokevirtual value {reexecute=0 rethrow=0 return_oop=1}
                      ; - java.lang.ClassValue::getFromBackup@11 (line 210)
                      ; - java.lang.ClassValue::get@27 (line 117)
                      ; - java.io.ClassCache::get@9 (line 84)
                      ; - java.io.ObjectStreamClass::lookup@19 (line 364)
                      ; - java.io.ObjectOutputStream::writeObject0@185 (line 1150)
                      ;   {optimized virtual_call}
  0x0000000118e9a688: bea6 aa97 

  0x0000000118e9a68c: ;   {other}
  0x0000000118e9a68c: 1f20 03d5 | 9f1f 86f2 | 1fa0 86f2 | 0bfc 43d3 | ed03 1daa | ee0f 40f9 | 17fe ff17 

  0x0000000118e9a6a8: ;   {oop(a 'java/lang/ClassValue$Entry'[1] {0x00000004d57faf58})}
  0x0000000118e9a6a8: 11eb 95d2 | f1af baf2 | 9100 c0f2 | 02fe ff17 | 233b ff35 | fd03 40f9 | e80b 40b9 | e80f 0029 
  0x0000000118e9a6c8: f6cf 00a9 | b206 0014 | f64f 02a9 | f71b 00f9 | fd03 40f9 | e103 13aa 

  0x0000000118e9a6e0: ; ImmutableOopMap {rfp=Oop [0]=Oop [24]=Oop [32]=Oop [40]=Oop [140]=NarrowOop }
                      ;*invokevirtual getClassDataLayout0 {reexecute=0 rethrow=0 return_oop=1}
                      ; - java.io.ObjectStreamClass::getClassDataLayout@9 (line 1239)
                      ; - java.io.ObjectOutputStream::writeSerialData@1 (line 1513)
                      ; - java.io.ObjectOutputStream::writeOrdinaryObject@158 (line 1451)
                      ; - java.io.ObjectOutputStream::writeObject0@506 (line 1194)
                      ;   {optimized virtual_call}
  0x0000000118e9a6e0: 0886 7596 

  0x0000000118e9a6e4: ;   {other}
  0x0000000118e9a6e4: 1f20 03d5 | 9f2a 86f2 | 1fc0 86f2 | 8a03 c139 | f403 00aa | 0a76 0035 | f317 40f9 | ec03 14aa 
  0x0000000118e9a704: 8bfd 43d3 | 6a02 0191 | 4bfd 9f88 | ea03 13aa | eb03 0caa | 6b01 0aca | 6bfd 55d3 | 4b01 00b4 
  0x0000000118e9a724: 2c01 00b4 | 4afd 49d3 | 0b00 88d2 | eb77 a0f2 | 2b00 c0f2 | 6001 0a8b | 0a00 c039 | 5f09 0071 
  0x0000000118e9a744: 2175 0054 | f613 40f9 | f71b 40f9 | 14fa ff17 | f64f 02a9 | f72b 03a9 | fd03 40f9 | e103 0aaa 
  0x0000000118e9a764: ; ImmutableOopMap {rfp=Oop [0]=Oop [24]=Oop [32]=Oop [40]=Oop [56]=Oop }
                      ;*invokevirtual growEntries {reexecute=0 rethrow=0 return_oop=0}
                      ; - java.io.ObjectOutputStream$HandleTable::assign@13 (line 2300)
                      ; - java.io.ObjectOutputStream::writeOrdinaryObject@110 (line 1444)
                      ; - java.io.ObjectOutputStream::writeObject0@506 (line 1194)
                      ;   {optimized virtual_call}
  0x0000000118e9a764: 9724 4896 

  0x0000000118e9a768: ;   {other}
  0x0000000118e9a768: 1f20 03d5 | 1f3b 86f2 | 1fe0 86f2 | ea1f 40f9 | 4c0d 40b9 | f64f 42a9 | f71b 40f9 | bcf9 ff17 
  0x0000000118e9a788: aa13 00f9 | f2fd ff17 | f70b 00f9 | f613 00f9 | f537 0529 | f81b 00f9 | f33f 00b9 | ec23 00f9 
  0x0000000118e9a7a8: fb4b 00b9 | f93f 05a9 | e103 0eaa 

  0x0000000118e9a7b4: ; ImmutableOopMap {[0]=Oop [24]=Oop [32]=Oop [48]=Oop [64]=Oop [72]=NarrowOop [80]=Oop [88]=Oop [140]=NarrowOop }
                      ;*invokevirtual acquireMethodAccessor {reexecute=0 rethrow=0 return_oop=1}
                      ; - java.lang.reflect.Method::invoke@75 (line 577)
                      ; - java.io.ObjectStreamClass::invokeWriteObject@24 (line 1072)
                      ; - java.io.ObjectOutputStream::writeSerialData@119 (line 1529)
                      ; - java.io.ObjectOutputStream::writeOrdinaryObject@158 (line 1451)
                      ; - java.io.ObjectOutputStream::writeObject0@506 (line 1194)
                      ;   {optimized virtual_call}
  0x0000000118e9a7b4: 73a6 aa97 

  0x0000000118e9a7b8: ;   {other}
  0x0000000118e9a7b8: 1f20 03d5 | 1f45 86f2 | 1f00 87f2 | f70b 40f9 | f613 40f9 | f537 4529 | f81b 40f9 | f33f 40b9 
  0x0000000118e9a7d8: ec23 40f9 | fb4b 40b9 | f93f 45a9 | f003 00aa | 2efc ff17 | f64f 02a9 | f72b 03a9 | fd03 40f9 
  0x0000000118e9a7f8: e103 0aaa 

  0x0000000118e9a7fc: ; ImmutableOopMap {rfp=Oop [0]=Oop [24]=Oop [32]=Oop [40]=Oop [56]=Oop }
                      ;*invokevirtual growSpine {reexecute=0 rethrow=0 return_oop=0}
                      ; - java.io.ObjectOutputStream$HandleTable::assign@28 (line 2303)
                      ; - java.io.ObjectOutputStream::writeOrdinaryObject@110 (line 1444)
                      ; - java.io.ObjectOutputStream::writeObject0@506 (line 1194)
                      ;   {optimized virtual_call}
  0x0000000118e9a7fc: b17e 4a96 

  0x0000000118e9a800: ;   {other}
  0x0000000118e9a800: 1f20 03d5 | 1f4e 86f2 | 1f20 87f2 | ea1f 40f9 | 4c0d 40b9 | f64f 42a9 | f71b 40f9 | 99f9 ff17 
  0x0000000118e9a820: e287 41a9 

  0x0000000118e9a824: ; ImmutableOopMap {rfp=Oop [0]=Oop [16]=Oop [24]=Oop [64]=Oop }
                      ;*invokevirtual getFromHashMap {reexecute=0 rethrow=0 return_oop=1}
                      ; - java.lang.ClassValue::getFromBackup@17 (line 211)
                      ; - java.lang.ClassValue::get@27 (line 117)
                      ; - java.io.ClassCache::get@9 (line 84)
                      ; - java.io.ObjectStreamClass::lookup@19 (line 364)
                      ; - java.io.ObjectOutputStream::writeObject0@185 (line 1150)
                      ;   {optimized virtual_call}
  0x0000000118e9a824: 57a6 aa97 

  0x0000000118e9a828: ;   {other}
  0x0000000118e9a828: 1f20 03d5 | 1f53 86f2 | 1f40 87f2 | 99ff ff17 | e88f 40b9 | e80f 00b9 | f60b 00f9 | f763 02a9 
  0x0000000118e9a848: f54f 0629 | fab3 03a9 | fb4b 00b9 | f92b 00f9 | fd0f 40f9 | e103 0caa 

  0x0000000118e9a860: ; ImmutableOopMap {rfp=Oop [0]=Oop [12]=NarrowOop [16]=Oop [40]=Oop [56]=Oop [64]=Oop [72]=NarrowOop [80]=Oop }
                      ;*invokevirtual writeBlockHeader {reexecute=0 rethrow=0 return_oop=0}
                      ; - java.io.ObjectOutputStream$BlockDataOutputStream::drain@20 (line 1897)
                      ; - java.io.ObjectOutputStream$BlockDataOutputStream::setBlockDataMode@14 (line 1808)
                      ; - java.io.ObjectOutputStream::writeSerialData@111 (line 1528)
                      ; - java.io.ObjectOutputStream::writeOrdinaryObject@158 (line 1451)
                      ; - java.io.ObjectOutputStream::writeObject0@506 (line 1194)
                      ;   {optimized virtual_call}
  0x0000000118e9a860: 48a6 aa97 

  0x0000000118e9a864: ;   {other}
  0x0000000118e9a864: 1f20 03d5 | 9f5a 86f2 | 1f60 87f2 | ec23 40f9 | 840d 40b9 | 21fa ff17 | 8b19 40b9 | 61f1 7dd3 
  0x0000000118e9a884: 2119 01b4 | eeb3 01a9 | fd03 00aa 

  0x0000000118e9a890: ; ImmutableOopMap {rfp=Oop [0]=Oop [16]=Oop [24]=Oop [32]=Oop [64]=Oop }
                      ;*invokevirtual lock {reexecute=0 rethrow=0 return_oop=0}
                      ; - java.lang.ref.ReferenceQueue::poll@13 (line 182)
                      ; - java.io.ClassCache::processQueue@4 (line 111)
                      ; - java.io.ClassCache::get@1 (line 82)
                      ; - java.io.ObjectStreamClass::lookup@19 (line 364)
                      ; - java.io.ObjectOutputStream::writeObject0@185 (line 1150)
                      ;   {optimized virtual_call}
  0x0000000118e9a890: 3ca6 aa97 

  0x0000000118e9a894: ;   {other}
  0x0000000118e9a894: 1f20 03d5 | 9f60 86f2 | 1f80 87f2 | e113 40f9 

  0x0000000118e9a8a4: ; ImmutableOopMap {rfp=Oop [0]=Oop [16]=Oop [24]=Oop [32]=Oop [64]=Oop }
                      ;*invokevirtual poll0 {reexecute=0 rethrow=0 return_oop=1}
                      ; - java.lang.ref.ReferenceQueue::poll@17 (line 184)
                      ; - java.io.ClassCache::processQueue@4 (line 111)
                      ; - java.io.ClassCache::get@1 (line 82)
                      ; - java.io.ObjectStreamClass::lookup@19 (line 364)
                      ; - java.io.ObjectOutputStream::writeObject0@185 (line 1150)
                      ;   {optimized virtual_call}
  0x0000000118e9a8a4: 37a6 aa97 

  0x0000000118e9a8a8: ;   {other}
  0x0000000118e9a8a8: 1f20 03d5 | 1f63 86f2 | 1fa0 87f2 | ea13 40f9 | 4a19 40b9 | 41f1 7dd3 | e017 00f9 | 0118 01b4 
  0x0000000118e9a8c8: ; ImmutableOopMap {rfp=Oop [0]=Oop [16]=Oop [24]=Oop [40]=Oop [64]=Oop }
                      ;*invokevirtual unlock {reexecute=0 rethrow=0 return_oop=0}
                      ; - java.lang.ref.ReferenceQueue::poll@25 (line 186)
                      ; - java.io.ClassCache::processQueue@4 (line 111)
                      ; - java.io.ClassCache::get@1 (line 82)
                      ; - java.io.ObjectStreamClass::lookup@19 (line 364)
                      ; - java.io.ObjectOutputStream::writeObject0@185 (line 1150)
                      ;   {optimized virtual_call}
  0x0000000118e9a8c8: 2ea6 aa97 

  0x0000000118e9a8cc: ;   {other}
  0x0000000118e9a8cc: 1f20 03d5 | 9f67 86f2 | 1fc0 87f2 | ea17 40f9 | 8a19 01b5 | ed03 1daa | ee0f 40f9 | 69fd ff17 
  0x0000000118e9a8ec: fa03 1faa | 51fa ff17 | fd03 0eaa | e203 0daa | ef17 00f9 | f30b 40f9 | 45fd ff17 | 8a03 c139 
  0x0000000118e9a90c: 4a99 0035 | bf2b 00b9 | 90fd ff17 | 6066 4039 | 40f9 ff17 | fd03 40f9 | f64f 02a9 | f71b 00f9 
  0x0000000118e9a92c: e103 1daa | e203 13aa | e303 1f2a 

  0x0000000118e9a938: ; ImmutableOopMap {rfp=Oop [0]=Oop [24]=Oop [32]=Oop [40]=Oop }
                      ;*invokevirtual writeProxyDesc {reexecute=0 rethrow=0 return_oop=0}
                      ; - java.io.ObjectOutputStream::writeClassDesc@47 (line 1245)
                      ; - java.io.ObjectOutputStream::writeOrdinaryObject@94 (line 1443)
                      ; - java.io.ObjectOutputStream::writeObject0@506 (line 1194)
                      ;   {optimized virtual_call}
  0x0000000118e9a938: 12a6 aa97 

  0x0000000118e9a93c: ;   {other}
  0x0000000118e9a93c: 1f20 03d5 | 9f75 86f2 | 1fe0 87f2 | f64f 42a9 | f71b 40f9 | 40f9 ff17 | ec0f 00b9 | f64f 02a9 
  0x0000000118e9a95c: f72b 03a9 | fd03 40f9 | e103 16aa 

  0x0000000118e9a968: ; ImmutableOopMap {rfp=Oop [0]=Oop [24]=Oop [32]=Oop [40]=Oop [56]=Oop }
                      ;*invokestatic identityHashCode {reexecute=0 rethrow=0 return_oop=0}
                      ; - java.io.ObjectOutputStream$HandleTable::hash@1 (line 2384)
                      ; - java.io.ObjectOutputStream$HandleTable::insert@2 (line 2347)
                      ; - java.io.ObjectOutputStream$HandleTable::assign@37 (line 2305)
                      ; - java.io.ObjectOutputStream::writeOrdinaryObject@110 (line 1444)
                      ; - java.io.ObjectOutputStream::writeObject0@506 (line 1194)
                      ;   {static_call}
  0x0000000118e9a968: ba94 c097 

  0x0000000118e9a96c: ;   {other}
  0x0000000118e9a96c: 1f20 03d5 | 9f7b 86f2 | 1f00 88f2 | ec0f 40b9 | f64f 42a9 | f72b 43a9 | 46f9 ff17 | 4b03 40b9 
  0x0000000118e9a98c: 60f1 7dd3 | 602b ffb4 | 8b17 40f9 | 8baf 00b4 | 8d1f 40f9 | 6e21 00d1 | ab01 0b8b | 6081 1ff8 
  0x0000000118e9a9ac: 8e17 00f9 | 53f9 ff17 | 8b27 40f9 | 8d2f 40f9 | bf3b 03d5 | 1000 c039 | 9003 0034 | 1f00 0039 
  0x0000000118e9a9cc: cb00 00b4 | 6e21 00d1 | ab01 0b8b | 6081 1ff8 | 8e27 00f9 | 1500 0014 | ef0f 00b9 | fd03 0c2a 
  0x0000000118e9a9ec: fb03 0aaa | e103 1caa | c900 0010 | 89d7 01f9 

  0x0000000118e9a9fc: ;   {runtime_call G1BarrierSetRuntime::write_ref_field_post_entry(unsigned char volatile*, JavaThread*)}
  0x0000000118e9a9fc: 8880 94d2 | e8de a0f2 | 2800 c0f2 | 0001 3fd6 

  0x0000000118e9aa0c: ;   {other}
  0x0000000118e9aa0c: 1f20 03d5 | 1f00 80f2 | 1f00 80f2 | fa03 17aa | f703 13aa | f303 17aa | f703 1aaa | ea03 1baa 
  0x0000000118e9aa2c: ec03 1d2a | ef0f 40b9 | 5419 40b9 | 3428 ff35 | ef0f 00b9 | f64f 01a9 | fd03 40f9 | 2101 8012 
  0x0000000118e9aa4c: ; ImmutableOopMap {rfp=Oop [16]=Oop [24]=Oop }
                      ;*iaload {reexecute=0 rethrow=0 return_oop=0}
                      ; - java.io.ObjectOutputStream$HandleTable::insert@29 (line 2349)
                      ; - java.io.ObjectOutputStream$HandleTable::assign@37 (line 2305)
                      ; - java.io.ObjectOutputStream::writeOrdinaryObject@110 (line 1444)
                      ; - java.io.ObjectOutputStream::writeObject0@506 (line 1194)
                      ;   {runtime_call UncommonTrapBlob}
  0x0000000118e9aa4c: 4dc1 aa97 

  0x0000000118e9aa50: ;   {other}
  0x0000000118e9aa50: 1f20 03d5 | 1f98 86f2 | 1f20 88f2 | f64f 02a9 | f747 03a9 | fd03 40f9 | e103 13aa 

  0x0000000118e9aa6c: ; ImmutableOopMap {rfp=Oop [0]=Oop [24]=Oop [32]=Oop [40]=Oop [56]=Oop }
                      ;*invokestatic identityHashCode {reexecute=0 rethrow=0 return_oop=0}
                      ; - java.io.ObjectOutputStream$HandleTable::hash@1 (line 2384)
                      ; - java.io.ObjectOutputStream$HandleTable::lookup@11 (line 2317)
                      ; - java.io.ObjectOutputStream::writeClassDesc@20 (line 1242)
                      ; - java.io.ObjectOutputStream::writeOrdinaryObject@94 (line 1443)
                      ; - java.io.ObjectOutputStream::writeObject0@506 (line 1194)
                      ;   {static_call}
  0x0000000118e9aa6c: 7994 c097 

  0x0000000118e9aa70: ;   {other}
  0x0000000118e9aa70: 1f20 03d5 | 1f9c 86f2 | 1f40 88f2 | f64f 42a9 | f747 43a9 | a4f8 ff17 | e10f 00f9 | e803 40f9 
  0x0000000118e9aa90: e80b 00f9 | e80b 40b9 | e823 00b9 | 6103 8012 | ec03 00f9 | f00b 00b9 | eec7 02a9 

  0x0000000118e9aaac: ; ImmutableOopMap {[0]=Oop [16]=Oop [24]=Oop [40]=Oop [48]=Oop }
                      ;*aaload {reexecute=0 rethrow=0 return_oop=0}
                      ; - java.io.ObjectOutputStream$HandleTable::lookup@37 (line 2319)
                      ; - java.io.ObjectOutputStream$ReplaceTable::lookup@5 (line 2423)
                      ; - java.io.ObjectOutputStream::writeObject0@24 (line 1129)
                      ;   {runtime_call UncommonTrapBlob}
  0x0000000118e9aaac: 35c1 aa97 

  0x0000000118e9aab0: ;   {other}
  0x0000000118e9aab0: 1f20 03d5 | 1fa4 86f2 | 1f60 88f2 | ef0f 00b9 | f343 01a9 | e013 00f9 | fd03 40f9 | 6103 8012 
  0x0000000118e9aad0: ; ImmutableOopMap {rfp=Oop [16]=Oop [24]=Oop [32]=Oop }
                      ;*aaload {reexecute=0 rethrow=0 return_oop=0}
                      ; - java.io.ObjectOutputStream$HandleTable::lookup@37 (line 2319)
                      ; - java.io.ObjectOutputStream::writeObject0@65 (line 1132)
                      ;   {runtime_call UncommonTrapBlob}
  0x0000000118e9aad0: 2cc1 aa97 

  0x0000000118e9aad4: ;   {other}
  0x0000000118e9aad4: 1f20 03d5 | 9fa8 86f2 | 1f80 88f2 | e10f 00f9 | e803 40f9 | e80b 00f9 | 6103 8012 | f003 00b9 
  0x0000000118e9aaf4: ee47 02a9 

  0x0000000118e9aaf8: ; ImmutableOopMap {rfp=Oop [16]=Oop [24]=Oop [32]=Oop [40]=Oop }
                      ;*iaload {reexecute=0 rethrow=0 return_oop=0}
                      ; - java.io.ObjectOutputStream$HandleTable::lookup@49 (line 2318)
                      ; - java.io.ObjectOutputStream$ReplaceTable::lookup@5 (line 2423)
                      ; - java.io.ObjectOutputStream::writeObject0@24 (line 1129)
                      ;   {runtime_call UncommonTrapBlob}
  0x0000000118e9aaf8: 22c1 aa97 

  0x0000000118e9aafc: ;   {other}
  0x0000000118e9aafc: 1f20 03d5 | 9fad 86f2 | 1fa0 88f2 | ef0f 00b9 | f343 01a9 | e213 00f9 | fd03 40f9 | 6103 8012 
  0x0000000118e9ab1c: ; ImmutableOopMap {rfp=Oop [16]=Oop [24]=Oop [32]=Oop }
                      ;*iaload {reexecute=0 rethrow=0 return_oop=0}
                      ; - java.io.ObjectOutputStream$HandleTable::lookup@49 (line 2318)
                      ; - java.io.ObjectOutputStream::writeObject0@65 (line 1132)
                      ;   {runtime_call UncommonTrapBlob}
  0x0000000118e9ab1c: 19c1 aa97 

  0x0000000118e9ab20: ;   {other}
  0x0000000118e9ab20: 1f20 03d5 | 1fb2 86f2 | 1fc0 88f2 | 210f 8012 

  0x0000000118e9ab30: ; ImmutableOopMap {[0]=Oop }
                      ;*irem {reexecute=0 rethrow=0 return_oop=0}
                      ; - java.io.ObjectOutputStream$HandleTable::lookup@19 (line 2317)
                      ; - java.io.ObjectOutputStream$ReplaceTable::lookup@5 (line 2423)
                      ; - java.io.ObjectOutputStream::writeObject0@24 (line 1129)
                      ;   {runtime_call UncommonTrapBlob}
  0x0000000118e9ab30: 14c1 aa97 

  0x0000000118e9ab34: ;   {other}
  0x0000000118e9ab34: 1f20 03d5 | 9fb4 86f2 | 1fe0 88f2 | f30b 00f9 | 210f 8012 

  0x0000000118e9ab48: ; ImmutableOopMap {[0]=Oop [16]=Oop }
                      ;*irem {reexecute=0 rethrow=0 return_oop=0}
                      ; - java.io.ObjectOutputStream$HandleTable::lookup@19 (line 2317)
                      ; - java.io.ObjectOutputStream::writeObject0@65 (line 1132)
                      ;   {runtime_call UncommonTrapBlob}
  0x0000000118e9ab48: 0ec1 aa97 

  0x0000000118e9ab4c: ;   {other}
  0x0000000118e9ab4c: 1f20 03d5 | 9fb7 86f2 | 1f00 89f2 | ef9e ffb4 | 8a17 40f9 | 4aba 00b4 | 8b1f 40f9 | 4c21 00d1 
  0x0000000118e9ab6c: 6a01 0a8b | 4f81 1ff8 | 8c17 00f9 | effc ff17 | ab2b 40b9 | 60f1 7dd3 | a0a0 ffb4 | 8a17 40f9 
  0x0000000118e9ab8c: 2abb 00b4 | 8b1f 40f9 | 4c21 00d1 | 6a01 0a8b | 4081 1ff8 | 8c17 00f9 | fdfc ff17 | 60f2 7dd3 
  0x0000000118e9abac: 009a ffb4 | 8a17 40f9 | aabd 00b4 | 8b1f 40f9 | 4c21 00d1 | 6a01 0a8b | 4081 1ff8 | 8c17 00f9 
  0x0000000118e9abcc: c8fc ff17 | ea03 40f9 | 4a29 40b9 | 40f1 7dd3 | 8024 ffb4 | 8a17 40f9 | eabf 00b4 | 8b1f 40f9 
  0x0000000118e9abec: 4c21 00d1 | 6a01 0a8b | 4081 1ff8 | 8c17 00f9 | 1cf9 ff17 | ea03 40f9 | 4b2d 40b9 | 60f1 7dd3 
  0x0000000118e9ac0c: c01f ffb4 | 8a17 40f9 | 0abd 00b4 | 8b1f 40f9 | 4c21 00d1 | 6a01 0a8b | 4081 1ff8 | 8c17 00f9 
  0x0000000118e9ac2c: f6f8 ff17 | 8a2f 40f9 | 8b27 40f9 | bf3b 03d5 | 0c00 c039 | 6c23 ff34 | 1f00 0039 | 8b01 00b5 
  0x0000000118e9ac4c: e103 1caa | c900 0010 | 89d7 01f9 

  0x0000000118e9ac58: ;   {runtime_call G1BarrierSetRuntime::write_ref_field_post_entry(unsigned char volatile*, JavaThread*)}
  0x0000000118e9ac58: 8880 94d2 | e8de a0f2 | 2800 c0f2 | 0001 3fd6 

  0x0000000118e9ac68: ;   {other}
  0x0000000118e9ac68: 1f20 03d5 | 1f00 80f2 | 1f00 80f2 | 0ef9 ff17 | 6c21 00d1 | 4a01 0b8b | 4081 1ff8 | 8c27 00f9 
  0x0000000118e9ac88: 09f9 ff17 | 1f20 03d5 | cd0c 40b9 | bf01 0a6b | 0101 0054 | cd10 40b9 

  0x0000000118e9aca0: ;   {oop(a 'java/lang/Class'{0x00000005d47185e8} = 'jdk/internal/reflect/CallerSensitive')}
  0x0000000118e9aca0: cb51 b7d2 | ab17 86f2 | bf01 0b6b | 6100 0054 | e637 00f9 | d7fd ff17 | cb18 40b9 | 872f 42f9 
  0x0000000118e9acc0: ; ImmutableOopMap {r12=Oop r14=Oop c_rarg4=Oop c_rarg6=Oop rbcp=Oop rlocals=Oop r25=Oop rheapbase=NarrowOop [0]=Oop [24]=Oop [140]=NarrowOop }
                      ;*ifnonnull {reexecute=1 rethrow=0 return_oop=0}
                      ; - (reexecute) java.util.HashMap::getNode@145 (line 587)
                      ; - java.util.LinkedHashMap::get@2 (line 536)
                      ; - java.lang.reflect.Executable::getAnnotation@11 (line 612)
                      ; - java.lang.reflect.Method::getAnnotation@2 (line 793)
                      ; - java.lang.reflect.AnnotatedElement::isAnnotationPresent@2 (line 292)
                      ; - java.lang.reflect.AccessibleObject::isAnnotationPresent@2 (line 558)
                      ; - jdk.internal.reflect.Reflection::isCallerSensitive@18 (line 347)
                      ; - java.lang.reflect.Method::isCallerSensitive@11 (line 618)
                      ; - java.lang.reflect.Method::invoke@1 (line 561)
                      ; - java.io.ObjectStreamClass::invokeWriteObject@24 (line 1072)
                      ; - java.io.ObjectOutputStream::writeSerialData@119 (line 1529)
                      ; - java.io.ObjectOutputStream::writeOrdinaryObject@158 (line 1451)
                      ; - java.io.ObjectOutputStream::writeObject0@506 (line 1194)
  0x0000000118e9acc0: 66f1 7dd3 

  0x0000000118e9acc4: ;   {poll}
  0x0000000118e9acc4: ff00 40b9 | 46fe ffb5 | eefd ff17 

  0x0000000118e9acd0: ;   {oop(a 'java/lang/Class'{0x00000005d4384bc0} = 'java/io/ObjectStreamClass')}
  0x0000000118e9acd0: 0f78 89d2 | 0f87 baf2 | af00 c0f2 | 1f20 03d5 | b00f 40b9 | 1f02 0c6b | 4103 0054 | b013 40b9 
  0x0000000118e9acf0: 02f2 7dd3 | 5f00 0deb | 8002 0054 | ef0f 00f9 | ea33 1029 | eeaf 08a9 | ed4f 00f9 | e103 0daa 
  0x0000000118e9ad10: ; ImmutableOopMap {rfp=Oop [0]=Oop [12]=NarrowOop [16]=Oop [24]=Oop [32]=Oop [48]=Oop [64]=Oop [72]=NarrowOop [80]=Oop [88]=Oop [104]=Oop [112]=Oop [120]=Oop [128]=NarrowOop [136]=Oop [144]=Oop [152]=Oop }
                      ;*invokevirtual equals {reexecute=0 rethrow=0 return_oop=0}
                      ; - java.util.HashMap::getNode@128 (line 585)
                      ; - java.util.HashMap::get@2 (line 564)
                      ; - java.lang.Module::isStaticallyExportedOrOpen@51 (line 736)
                      ; - java.lang.Module::implIsExportedOrOpen@70 (line 711)
                      ; - java.lang.Module::isExported@14 (line 593)
                      ; - jdk.internal.reflect.Reflection::verifyModuleAccess@20 (line 249)
                      ; - jdk.internal.reflect.Reflection::verifyMemberAccess@22 (line 146)
                      ; - java.lang.reflect.AccessibleObject::slowVerifyAccess@16 (line 755)
                      ; - java.lang.reflect.AccessibleObject::verifyAccess@51 (line 741)
                      ; - java.lang.reflect.AccessibleObject::checkAccess@6 (line 713)
                      ; - java.lang.reflect.Method::invoke@60 (line 571)
                      ; - java.io.ObjectStreamClass::invokeWriteObject@24 (line 1072)
                      ; - java.io.ObjectOutputStream::writeSerialData@119 (line 1529)
                      ; - java.io.ObjectOutputStream::writeOrdinaryObject@158 (line 1451)
                      ; - java.io.ObjectOutputStream::writeObject0@506 (line 1194)
                      ;   {optimized virtual_call}
  0x0000000118e9ad10: 1ca5 aa97 

  0x0000000118e9ad14: ;   {other}
  0x0000000118e9ad14: 1f20 03d5 | 9ff0 86f2 | 1f40 89f2 | c000 0035 | ef0f 40f9 | ea33 5029 | eeaf 48a9 | ed4f 40f9 
  0x0000000118e9ad34: 0700 0014 | ef0f 40f9 | ea83 40b9 | eeaf 48a9 | ed4f 40f9 | e003 1daa | 18fa ff17 | b11b 40b9 
  0x0000000118e9ad54: 822f 42f9 

  0x0000000118e9ad58: ; ImmutableOopMap {r10=NarrowOop r11=Oop r13=Oop r14=Oop r15=Oop rfp=Oop [0]=Oop [12]=NarrowOop [16]=Oop [32]=Oop [48]=Oop [64]=Oop [72]=NarrowOop [80]=Oop [88]=Oop [104]=Oop [112]=Oop [120]=Oop }
                      ;*ifnonnull {reexecute=1 rethrow=0 return_oop=0}
                      ; - (reexecute) java.util.HashMap::getNode@145 (line 587)
                      ; - java.util.HashMap::get@2 (line 564)
                      ; - java.lang.Module::isStaticallyExportedOrOpen@51 (line 736)
                      ; - java.lang.Module::implIsExportedOrOpen@70 (line 711)
                      ; - java.lang.Module::isExported@14 (line 593)
                      ; - jdk.internal.reflect.Reflection::verifyModuleAccess@20 (line 249)
                      ; - jdk.internal.reflect.Reflection::verifyMemberAccess@22 (line 146)
                      ; - java.lang.reflect.AccessibleObject::slowVerifyAccess@16 (line 755)
                      ; - java.lang.reflect.AccessibleObject::verifyAccess@51 (line 741)
                      ; - java.lang.reflect.AccessibleObject::checkAccess@6 (line 713)
                      ; - java.lang.reflect.Method::invoke@60 (line 571)
                      ; - java.io.ObjectStreamClass::invokeWriteObject@24 (line 1072)
                      ; - java.io.ObjectOutputStream::writeSerialData@119 (line 1529)
                      ; - java.io.ObjectOutputStream::writeOrdinaryObject@158 (line 1451)
                      ; - java.io.ObjectOutputStream::writeObject0@506 (line 1194)
  0x0000000118e9ad58: 3df2 7dd3 

  0x0000000118e9ad5c: ;   {poll}
  0x0000000118e9ad5c: 5f00 40b9 | 1dfc ffb5 | 6efa ff17 | 2101 8012 

  0x0000000118e9ad6c: ; ImmutableOopMap {}
                      ;*invokevirtual setBlockDataMode {reexecute=0 rethrow=0 return_oop=0}
                      ; - java.io.ObjectOutputStream::writeObject0@132 (line 1205)
                      ;   {runtime_call UncommonTrapBlob}
  0x0000000118e9ad6c: 85c0 aa97 

  0x0000000118e9ad70: ;   {other}
  0x0000000118e9ad70: 1f20 03d5 | 1ffc 86f2 | 1f80 89f2 | ea03 40f9 | 4b2d 40b9 | 60f1 7dd3 | a072 ffb4 | 8a17 40f9 
  0x0000000118e9ad90: cab7 00b4 | 8b1f 40f9 | 4c21 00d1 | 6a01 0a8b | 4081 1ff8 | 8c17 00f9 | 8dfb ff17 | 6a16 40b9 
  0x0000000118e9adb0: 40f1 7dd3 | 606e ffb4 | 8a17 40f9 | cab7 00b4 | 8b1f 40f9 | 4c21 00d1 | 6a01 0a8b | 4081 1ff8 
  0x0000000118e9add0: 8c17 00f9 | 6bfb ff17 | ea03 40f9 | 4a29 40b9 | 40f1 7dd3 | 206d ffb4 | 8a17 40f9 | 8ab3 00b4 
  0x0000000118e9adf0: 8b1f 40f9 | 4c21 00d1 | 6a01 0a8b | 4081 1ff8 | 8c17 00f9 | 61fb ff17 | 8a27 40f9 | 8b2f 40f9 
  0x0000000118e9ae10: bf3b 03d5 | 0d00 c039 | ed6d ff34 | 1f00 0039 | 8a01 00b5 | e103 1caa | c900 0010 | 89d7 01f9 
  0x0000000118e9ae30: ;   {runtime_call G1BarrierSetRuntime::write_ref_field_post_entry(unsigned char volatile*, JavaThread*)}
  0x0000000118e9ae30: 8880 94d2 | e8de a0f2 | 2800 c0f2 | 0001 3fd6 

  0x0000000118e9ae40: ;   {other}
  0x0000000118e9ae40: 1f20 03d5 | 1f00 80f2 | 1f00 80f2 | 62fb ff17 | 4c21 00d1 | 6a01 0a8b | 4081 1ff8 | 8c27 00f9 
  0x0000000118e9ae60: 5dfb ff17 | e80b 40b9 | eb23 0129 | f30b 00f9 | fd03 40f9 | 4117 8012 

  0x0000000118e9ae78: ; ImmutableOopMap {rfp=Oop [16]=Oop }
                      ;*ifne {reexecute=1 rethrow=0 return_oop=0}
                      ; - (reexecute) java.io.ObjectOutputStream::writeObject0@57 (line 1132)
                      ;   {runtime_call UncommonTrapBlob}
  0x0000000118e9ae78: 42c0 aa97 

  0x0000000118e9ae7c: ;   {other}
  0x0000000118e9ae7c: 1f20 03d5 | 9f1d 87f2 | 1fa0 89f2 

  0x0000000118e9ae88: ;   {oop(a 'java/lang/Class'{0x00000005d4384bc0} = 'java/io/ObjectStreamClass')}
  0x0000000118e9ae88: 0f78 89d2 | 0f87 baf2 | af00 c0f2 | 22fa ff17 | e503 40b2 | 8950 40f9 | 8050 40fd | 8901 9036 
  0x0000000118e9aea8: 0054 6d5f | 0058 200e | 00b8 310e | 0300 669e | 8114 40f9 | 2578 63f8 | a500 00ca | 8500 00b4 
  0x0000000118e9aec8: 6900 9836 | 2949 c993 

  0x0000000118e9aed0: ;   {runtime_call StubRoutines (final stubs)}
  0x0000000118e9aed0: 5acb aa97 | 2538 ffb4 | fd03 06aa | 2104 8012 

  0x0000000118e9aee0: ; ImmutableOopMap {rfp=Oop [0]=Oop [32]=Oop [48]=Oop [80]=Oop }
                      ;*checkcast {reexecute=0 rethrow=0 return_oop=0}
                      ; - java.lang.Module::isStaticallyExportedOrOpen@56 (line 736)
                      ; - java.lang.Module::implIsExportedOrOpen@70 (line 711)
                      ; - java.lang.Module::isExported@14 (line 593)
                      ; - jdk.internal.reflect.Reflection::verifyModuleAccess@20 (line 249)
                      ; - jdk.internal.reflect.Reflection::verifyMemberAccess@22 (line 146)
                      ; - java.lang.reflect.AccessibleObject::slowVerifyAccess@16 (line 755)
                      ; - java.lang.reflect.AccessibleObject::verifyAccess@51 (line 741)
                      ; - java.lang.reflect.AccessibleObject::checkAccess@6 (line 713)
                      ; - java.lang.reflect.Method::invoke@60 (line 571)
                      ; - java.io.ObjectStreamClass::invokeWriteObject@24 (line 1072)
                      ; - java.io.ObjectOutputStream::writeSerialData@119 (line 1529)
                      ; - java.io.ObjectOutputStream::writeOrdinaryObject@158 (line 1451)
                      ; - java.io.ObjectOutputStream::writeObject0@506 (line 1194)
                      ;   {runtime_call UncommonTrapBlob}
  0x0000000118e9aee0: 28c0 aa97 

  0x0000000118e9aee4: ;   {other}
  0x0000000118e9aee4: 1f20 03d5 | 9f2a 87f2 | 1fc0 89f2 | e503 40b2 | 8950 40f9 | 8050 40fd | 8901 d036 | 0054 655f 
  0x0000000118e9af04: 0058 200e | 00b8 310e | 0300 669e | 8114 40f9 | 2578 63f8 | a500 00ca | 8500 00b4 | 6900 d836 
  0x0000000118e9af24: 2969 c993 

  0x0000000118e9af28: ;   {runtime_call StubRoutines (final stubs)}
  0x0000000118e9af28: 44cb aa97 | e5a8 ffb4 | f30f 00b9 | f663 01a9 | f93b 02a9 | ec1b 00f9 | 2106 8012 

  0x0000000118e9af44: ; ImmutableOopMap {rfp=Oop [0]=Oop [16]=Oop [24]=Oop [32]=Oop [40]=Oop [48]=Oop }
                      ;*invokevirtual cast {reexecute=0 rethrow=0 return_oop=0}
                      ; - java.lang.reflect.Executable::getAnnotation@16 (line 612)
                      ; - java.lang.reflect.Method::getAnnotation@2 (line 793)
                      ; - java.lang.reflect.AnnotatedElement::isAnnotationPresent@2 (line 292)
                      ; - java.lang.reflect.AccessibleObject::isAnnotationPresent@2 (line 558)
                      ; - jdk.internal.reflect.Reflection::isCallerSensitive@18 (line 347)
                      ; - java.lang.reflect.Method::isCallerSensitive@11 (line 618)
                      ; - java.lang.reflect.Method::invoke@1 (line 561)
                      ; - java.io.ObjectStreamClass::invokeWriteObject@24 (line 1072)
                      ; - java.io.ObjectOutputStream::writeSerialData@119 (line 1529)
                      ; - java.io.ObjectOutputStream::writeOrdinaryObject@158 (line 1451)
                      ; - java.io.ObjectOutputStream::writeObject0@506 (line 1194)
                      ;   {runtime_call UncommonTrapBlob}
  0x0000000118e9af44: 0fc0 aa97 

  0x0000000118e9af48: ;   {other}
  0x0000000118e9af48: 1f20 03d5 | 1f37 87f2 | 1fe0 89f2 

  0x0000000118e9af54: ;   {oop(a 'java/lang/Class'{0x00000005d4384bc0} = 'java/io/ObjectStreamClass')}
  0x0000000118e9af54: 0f78 89d2 | 0f87 baf2 | af00 c0f2 | 0dfa ff17 

  0x0000000118e9af64: ;   {oop(a 'java/lang/Class'{0x00000005d4384bc0} = 'java/io/ObjectStreamClass')}
  0x0000000118e9af64: 0f78 89d2 | 0f87 baf2 | af00 c0f2 | 49fa ff17 

  0x0000000118e9af74: ; ImmutableOopMap {[0]=Oop [12]=NarrowOop [16]=Oop [24]=NarrowOop [32]=Oop [48]=Oop [64]=Oop [72]=NarrowOop [80]=Oop [88]=Oop [104]=Oop [112]=Oop [120]=Oop [128]=Oop [136]=Oop [144]=Oop [152]=Oop }
                      ;*invokestatic hashCode {reexecute=0 rethrow=0 return_oop=0}
                      ; - java.lang.String::hashCode@37 (line 2359)
                      ; - java.util.HashMap::hash@9 (line 338)
                      ; - java.util.HashMap::getNode@23 (line 576)
                      ; - java.util.HashMap::get@2 (line 564)
                      ; - java.lang.Module::isStaticallyExportedOrOpen@51 (line 736)
                      ; - java.lang.Module::implIsExportedOrOpen@70 (line 711)
                      ; - java.lang.Module::isExported@14 (line 593)
                      ; - jdk.internal.reflect.Reflection::verifyModuleAccess@20 (line 249)
                      ; - jdk.internal.reflect.Reflection::verifyMemberAccess@22 (line 146)
                      ; - java.lang.reflect.AccessibleObject::slowVerifyAccess@16 (line 755)
                      ; - java.lang.reflect.AccessibleObject::verifyAccess@51 (line 741)
                      ; - java.lang.reflect.AccessibleObject::checkAccess@6 (line 713)
                      ; - java.lang.reflect.Method::invoke@60 (line 571)
                      ; - java.io.ObjectStreamClass::invokeWriteObject@24 (line 1072)
                      ; - java.io.ObjectOutputStream::writeSerialData@119 (line 1529)
                      ; - java.io.ObjectOutputStream::writeOrdinaryObject@158 (line 1451)
                      ; - java.io.ObjectOutputStream::writeObject0@506 (line 1194)
                      ;   {static_call}
  0x0000000118e9af74: 03a6 aa97 

  0x0000000118e9af78: ;   {other}
  0x0000000118e9af78: 1f20 03d5 | 1f3d 87f2 | 1f00 8af2 | 1ef9 ff17 | f30b 00f9 | fd03 40f9 | 4117 8012 

  0x0000000118e9af94: ; ImmutableOopMap {rfp=Oop [16]=Oop }
                      ;*ifeq {reexecute=1 rethrow=0 return_oop=0}
                      ; - (reexecute) java.io.ObjectOutputStream::writeObject0@141 (line 1138)
                      ;   {runtime_call UncommonTrapBlob}
  0x0000000118e9af94: fbbf aa97 

  0x0000000118e9af98: ;   {other}
  0x0000000118e9af98: 1f20 03d5 | 1f41 87f2 | 1f20 8af2 | f353 01a9 | fd03 40f9 | 4117 8012 

  0x0000000118e9afb0: ; ImmutableOopMap {rfp=Oop [16]=Oop [24]=Oop }
                      ;*ifnull {reexecute=1 rethrow=0 return_oop=0}
                      ; - (reexecute) java.io.ClassCache::get@39 (line 99)
                      ; - java.io.ObjectStreamClass::lookup@19 (line 364)
                      ; - java.io.ObjectOutputStream::writeObject0@185 (line 1150)
                      ;   {runtime_call UncommonTrapBlob}
  0x0000000118e9afb0: f4bf aa97 

  0x0000000118e9afb4: ;   {other}
  0x0000000118e9afb4: 1f20 03d5 | 9f44 87f2 | 1f40 8af2 | f30b 00f9 | 2104 8012 

  0x0000000118e9afc8: ; ImmutableOopMap {rfp=Oop [0]=Oop [16]=Oop [40]=Oop }
                      ;*invokevirtual poll {reexecute=0 rethrow=0 return_oop=0}
                      ; - java.io.ClassCache::processQueue@4 (line 111)
                      ; - java.io.ClassCache::get@1 (line 82)
                      ; - java.io.ObjectStreamClass::lookup@19 (line 364)
                      ; - java.io.ObjectOutputStream::writeObject0@185 (line 1150)
                      ;   {runtime_call UncommonTrapBlob}
  0x0000000118e9afc8: eebf aa97 

  0x0000000118e9afcc: ;   {other}
  0x0000000118e9afcc: 1f20 03d5 | 9f47 87f2 | 1f60 8af2 | f353 01a9 | f55b 02a9 | 6103 8012 

  0x0000000118e9afe4: ; ImmutableOopMap {[0]=Oop [16]=Oop [24]=Oop [32]=Oop [40]=Oop }
                      ;*aaload {reexecute=0 rethrow=0 return_oop=0}
                      ; - java.lang.ClassValue$ClassValueMap::loadFromCache@7 (line 548)
                      ; - java.lang.ClassValue$ClassValueMap::probeHomeLocation@6 (line 554)
                      ; - java.lang.ClassValue::get@7 (line 104)
                      ; - java.io.ClassCache::get@9 (line 84)
                      ; - java.io.ObjectStreamClass::lookup@19 (line 364)
                      ; - java.io.ObjectOutputStream::writeObject0@185 (line 1150)
                      ;   {runtime_call UncommonTrapBlob}
  0x0000000118e9afe4: e7bf aa97 

  0x0000000118e9afe8: ;   {other}
  0x0000000118e9afe8: 1f20 03d5 | 1f4b 87f2 | 1f80 8af2 | f30b 00f9 | fd03 40f9 | 2101 8012 

  0x0000000118e9b000: ; ImmutableOopMap {rfp=Oop [16]=Oop [40]=Oop }
                      ;*arraylength {reexecute=0 rethrow=0 return_oop=0}
                      ; - java.lang.ClassValue$ClassValueMap::loadFromCache@3 (line 548)
                      ; - java.lang.ClassValue$ClassValueMap::probeHomeLocation@6 (line 554)
                      ; - java.lang.ClassValue::get@7 (line 104)
                      ; - java.io.ClassCache::get@9 (line 84)
                      ; - java.io.ObjectStreamClass::lookup@19 (line 364)
                      ; - java.io.ObjectOutputStream::writeObject0@185 (line 1150)
                      ;   {runtime_call UncommonTrapBlob}
  0x0000000118e9b000: e0bf aa97 

  0x0000000118e9b004: ;   {other}
  0x0000000118e9b004: 1f20 03d5 | 9f4e 87f2 | 1fa0 8af2 | ef87 0129 | e00f 00f9 | fd03 40f9 | 6103 8012 

  0x0000000118e9b020: ; ImmutableOopMap {rfp=Oop [24]=Oop }
                      ;*bastore {reexecute=0 rethrow=0 return_oop=0}
                      ; - java.io.ObjectOutputStream$BlockDataOutputStream::writeByte@31 (line 1939)
                      ; - java.io.ObjectOutputStream::writeHandle@6 (line 1220)
                      ; - java.io.ObjectOutputStream::writeObject0@78 (line 1133)
                      ;   {runtime_call UncommonTrapBlob}
  0x0000000118e9b020: d8bf aa97 

  0x0000000118e9b024: ;   {other}
  0x0000000118e9b024: 1f20 03d5 | 9f52 87f2 | 1fc0 8af2 | e20f 00b9 | f103 01a9 | e423 00b9 | 6103 8012 

  0x0000000118e9b040: ; ImmutableOopMap {[0]=Oop [16]=Oop [24]=Oop }
                      ;*invokestatic checkIndex {reexecute=0 rethrow=0 return_oop=0}
                      ; - java.lang.invoke.VarHandleByteArrayAsInts$ArrayHandle::index@8 (line 101)
                      ; - java.lang.invoke.VarHandleByteArrayAsInts$ArrayHandle::set@20 (line 128)
                      ; - java.lang.invoke.VarHandleGuards::guard_LII_V@50 (line 757)
                      ; - jdk.internal.util.ByteArray::setInt@6 (line 316)
                      ; - java.io.ObjectOutputStream$BlockDataOutputStream::writeInt@21 (line 1962)
                      ; - java.io.ObjectOutputStream::writeHandle@18 (line 1221)
                      ; - java.io.ObjectOutputStream::writeObject0@78 (line 1133)
                      ;   {runtime_call UncommonTrapBlob}
  0x0000000118e9b040: d0bf aa97 

  0x0000000118e9b044: ;   {other}
  0x0000000118e9b044: 1f20 03d5 | 9f56 87f2 | 1fe0 8af2 | e20f 00b9 | f103 01a9 | e423 00b9 | 6106 8012 

  0x0000000118e9b060: ; ImmutableOopMap {[0]=Oop [16]=Oop [24]=Oop }
                      ;*invokestatic checkIndex {reexecute=0 rethrow=0 return_oop=0}
                      ; - java.lang.invoke.VarHandleByteArrayAsInts$ArrayHandle::index@8 (line 101)
                      ; - java.lang.invoke.VarHandleByteArrayAsInts$ArrayHandle::set@20 (line 128)
                      ; - java.lang.invoke.VarHandleGuards::guard_LII_V@50 (line 757)
                      ; - jdk.internal.util.ByteArray::setInt@6 (line 316)
                      ; - java.io.ObjectOutputStream$BlockDataOutputStream::writeInt@21 (line 1962)
                      ; - java.io.ObjectOutputStream::writeHandle@18 (line 1221)
                      ; - java.io.ObjectOutputStream::writeObject0@78 (line 1133)
                      ;   {runtime_call UncommonTrapBlob}
  0x0000000118e9b060: c8bf aa97 

  0x0000000118e9b064: ;   {other}
  0x0000000118e9b064: 1f20 03d5 | 9f5a 87f2 | 1f00 8bf2 | 2a10 40b9 | 40f1 7dd3 | a03b ffb4 | 8a17 40f9 | cabc 00b4 
  0x0000000118e9b084: 8b1f 40f9 | 5021 00d1 | 6a01 0a8b | 4081 1ff8 | 9017 00f9 | d5f9 ff17 | ca11 40b9 | 40f1 7dd3 
  0x0000000118e9b0a4: 203d ffb4 | 8a17 40f9 | 8ab7 00b4 | 8b1f 40f9 | 5021 00d1 | 6a01 0a8b | 4081 1ff8 | 9017 00f9 
  0x0000000118e9b0c4: e1f9 ff17 | 8a27 40f9 | 8b2f 40f9 | bf3b 03d5 | 1100 c039 | 513d ff34 | 1f00 0039 | 2a03 00b5 
  0x0000000118e9b0e4: ef1b 00f9 | ee13 00f9 | ed0f 00b9 | ec17 00f9 | e103 1caa | c900 0010 | 89d7 01f9 

  0x0000000118e9b100: ;   {runtime_call G1BarrierSetRuntime::write_ref_field_post_entry(unsigned char volatile*, JavaThread*)}
  0x0000000118e9b100: 8880 94d2 | e8de a0f2 | 2800 c0f2 | 0001 3fd6 

  0x0000000118e9b110: ;   {other}
  0x0000000118e9b110: 1f20 03d5 | 1f00 80f2 | 1f00 80f2 | fa03 152a | fd03 132a | f90b 00f9 | f503 1a2a | f303 1d2a 
  0x0000000118e9b130: ed0f 40b9 | f90b 40f9 | ee33 42a9 | ef1b 40f9 | d0f9 ff17 | 5021 00d1 | 6a01 0a8b | 4081 1ff8 
  0x0000000118e9b150: 9027 00f9 | cbf9 ff17 | 8a2f 40f9 | 9027 40f9 | bf3b 03d5 | 0b00 c039 | cb36 ff34 | 1f00 0039 
  0x0000000118e9b170: 1004 00b5 | ef1f 00f9 | ee17 00f9 | ed17 00b9 | ec1b 00f9 | e123 00f9 | e103 1caa | c900 0010 
  0x0000000118e9b190: 89d7 01f9 

  0x0000000118e9b194: ;   {runtime_call G1BarrierSetRuntime::write_ref_field_post_entry(unsigned char volatile*, JavaThread*)}
  0x0000000118e9b194: 8880 94d2 | e8de a0f2 | 2800 c0f2 | 0001 3fd6 

  0x0000000118e9b1a4: ;   {other}
  0x0000000118e9b1a4: 1f20 03d5 | 1f00 80f2 | 1f00 80f2 | f913 00f9 | f903 18aa | f803 17aa | f703 16aa | f603 17aa 
  0x0000000118e9b1c4: f703 18aa | fd03 152a | f3ef 0129 | f803 19aa | f503 1d2a | f3ef 4129 | ed17 40b9 | f93b 42a9 
  0x0000000118e9b1e4: ec3f 43a9 | e123 40f9 | 95f9 ff17 | 0b22 00d1 | 4a01 108b | 4081 1ff8 | 8b27 00f9 | 90f9 ff17 
  0x0000000118e9b204: ab16 40b9 | 60f1 7dd3 | 209e ffb4 | 8a17 40f9 | 0ab5 00b4 | 8b1f 40f9 | 4c21 00d1 | 6a01 0a8b 
  0x0000000118e9b224: 4081 1ff8 | 8c17 00f9 | e9fc ff17 | 8b2a 40b9 | 60f1 7dd3 | 009d ffb4 | 8a17 40f9 | 0ab5 00b4 
  0x0000000118e9b244: 8b1f 40f9 | 4c21 00d1 | 6a01 0a8b | 4081 1ff8 | 8c17 00f9 | e0fc ff17 | 8a27 40f9 | 8b2f 40f9 
  0x0000000118e9b264: bf3b 03d5 | 0c00 c039 | ac9d ff34 | 1f00 0039 | 8a01 00b5 | e103 1caa | c900 0010 | 89d7 01f9 
  0x0000000118e9b284: ;   {runtime_call G1BarrierSetRuntime::write_ref_field_post_entry(unsigned char volatile*, JavaThread*)}
  0x0000000118e9b284: 8880 94d2 | e8de a0f2 | 2800 c0f2 | 0001 3fd6 

  0x0000000118e9b294: ;   {other}
  0x0000000118e9b294: 1f20 03d5 | 1f00 80f2 | 1f00 80f2 | e0fc ff17 | 4c21 00d1 | 6a01 0a8b | 4081 1ff8 | 8c27 00f9 
  0x0000000118e9b2b4: dbfc ff17 | ed03 0032 | caf7 ff17 | f60b 00f9 | f763 02a9 | f54f 0629 | f43b 00b9 | fa23 00f9 
  0x0000000118e9b2d4: fb4b 00b9 | f92b 00f9 

  0x0000000118e9b2dc: ;   {metadata('java/io/SerialCallbackContext')}
  0x0000000118e9b2dc: 010c 85d2 | 6122 a0f2 | 6100 c0f2 

  0x0000000118e9b2e8: ; ImmutableOopMap {[0]=Oop [16]=Oop [24]=Oop [40]=Oop [56]=NarrowOop [64]=Oop [72]=NarrowOop [80]=Oop [140]=NarrowOop }
                      ;*new {reexecute=0 rethrow=0 return_oop=1}
                      ; - java.io.ObjectOutputStream::writeSerialData@93 (line 1527)
                      ; - java.io.ObjectOutputStream::writeOrdinaryObject@158 (line 1451)
                      ; - java.io.ObjectOutputStream::writeObject0@506 (line 1194)
                      ;   {runtime_call _new_instance_Java}
  0x0000000118e9b2e8: 8617 ae97 

  0x0000000118e9b2ec: ;   {other}
  0x0000000118e9b2ec: 1f20 03d5 | 9fab 87f2 | 1f20 8bf2 | f60b 40f9 | f763 42a9 | f54f 4629 | f43b 40b9 | fa23 40f9 
  0x0000000118e9b30c: ed03 00aa | fb4b 40b9 | f92b 40f9 | 4df7 ff17 | f70b 00f9 | f613 00f9 | f53f 0529 | f81b 00f9 
  0x0000000118e9b32c: f33f 00b9 | ee23 00f9 | fb4b 00b9 | f92b 00f9 

  0x0000000118e9b33c: ;   {metadata('java/lang/Object'[])}
  0x0000000118e9b33c: 014e 82d2 | 0100 a0f2 | 6100 c0f2 | e203 0032 

  0x0000000118e9b34c: ; ImmutableOopMap {[0]=Oop [24]=Oop [32]=Oop [48]=Oop [64]=Oop [72]=NarrowOop [80]=Oop [140]=NarrowOop }
                      ;*anewarray {reexecute=0 rethrow=0 return_oop=1}
                      ; - java.io.ObjectStreamClass::invokeWriteObject@17 (line 1072)
                      ; - java.io.ObjectOutputStream::writeSerialData@119 (line 1529)
                      ; - java.io.ObjectOutputStream::writeOrdinaryObject@158 (line 1451)
                      ; - java.io.ObjectOutputStream::writeObject0@506 (line 1194)
                      ;   {runtime_call _new_array_Java}
  0x0000000118e9b34c: ad34 ae97 

  0x0000000118e9b350: ;   {other}
  0x0000000118e9b350: 1f20 03d5 | 1fb8 87f2 | 1f40 8bf2 | f70b 40f9 | f613 40f9 | f53f 4529 | f81b 40f9 | f33f 40b9 
  0x0000000118e9b370: ee23 40f9 | fb4b 40b9 | f92b 40f9 | 91f7 ff17 

  0x0000000118e9b380: ;   {oop(a 'java/lang/Class'{0x00000005d4384bc0} = 'java/io/ObjectStreamClass')}
  0x0000000118e9b380: 0a78 89d2 | 0a87 baf2 | aa00 c0f2 | fd03 0aaa | e4f8 ff17 | e103 1caa | e003 15aa | c900 0010 
  0x0000000118e9b3a0: 89d7 01f9 

  0x0000000118e9b3a4: ;   {runtime_call G1BarrierSetRuntime::write_ref_field_pre_entry(oopDesc*, JavaThread*)}
  0x0000000118e9b3a4: 887b 94d2 | e8de a0f2 | 2800 c0f2 | 0001 3fd6 

  0x0000000118e9b3b4: ;   {other}
  0x0000000118e9b3b4: 1f20 03d5 | 1f00 80f2 | 1f00 80f2 | 4bf5 ff17 | f353 01a9 | f513 00f9 | 4117 8012 

  0x0000000118e9b3d0: ; ImmutableOopMap {[0]=Oop [16]=Oop [24]=Oop [32]=Oop }
                      ;*ifne {reexecute=1 rethrow=0 return_oop=0}
                      ; - (reexecute) java.io.ObjectStreamClass::requireInitialized@4 (line 769)
                      ; - java.io.ObjectStreamClass::hasWriteReplaceMethod@1 (line 988)
                      ; - java.io.ObjectOutputStream::writeObject0@192 (line 1151)
                      ;   {runtime_call UncommonTrapBlob}
  0x0000000118e9b3d0: ecbe aa97 

  0x0000000118e9b3d4: ;   {other}
  0x0000000118e9b3d4: 1f20 03d5 | 9fc8 87f2 | 1f60 8bf2 | e103 1caa | c900 0010 | 89d7 01f9 

  0x0000000118e9b3ec: ;   {runtime_call G1BarrierSetRuntime::write_ref_field_pre_entry(oopDesc*, JavaThread*)}
  0x0000000118e9b3ec: 887b 94d2 | e8de a0f2 | 2800 c0f2 | 0001 3fd6 

  0x0000000118e9b3fc: ;   {other}
  0x0000000118e9b3fc: 1f20 03d5 | 1f00 80f2 | 1f00 80f2 | 27f5 ff17 | f65f 02a9 | f81b 00f9 | f54f 0729 | ee23 00f9 
  0x0000000118e9b41c: fb37 0929 | f933 05a9 | ef33 00f9 | eb47 0d29 | f003 07a9 | fa43 00f9 | e103 0faa | e203 10aa 
  0x0000000118e9b43c: ; ImmutableOopMap {[0]=Oop [24]=Oop [32]=Oop [48]=Oop [64]=Oop [72]=NarrowOop [80]=Oop [88]=Oop [96]=Oop [112]=Oop [120]=Oop [128]=Oop [140]=NarrowOop }
                      ;*invokestatic isSameClassPackage {reexecute=0 rethrow=0 return_oop=0}
                      ; - jdk.internal.reflect.Reflection::verifyMemberAccess@48 (line 154)
                      ; - java.lang.reflect.AccessibleObject::slowVerifyAccess@16 (line 755)
                      ; - java.lang.reflect.AccessibleObject::verifyAccess@51 (line 741)
                      ; - java.lang.reflect.AccessibleObject::checkAccess@6 (line 713)
                      ; - java.lang.reflect.Method::invoke@60 (line 571)
                      ; - java.io.ObjectStreamClass::invokeWriteObject@24 (line 1072)
                      ; - java.io.ObjectOutputStream::writeSerialData@119 (line 1529)
                      ; - java.io.ObjectOutputStream::writeOrdinaryObject@158 (line 1451)
                      ; - java.io.ObjectOutputStream::writeObject0@506 (line 1194)
                      ;   {static_call}
  0x0000000118e9b43c: d1a4 aa97 

  0x0000000118e9b440: ;   {other}
  0x0000000118e9b440: 1f20 03d5 | 1fd6 87f2 | 1f80 8bf2 | ea03 002a | e02e 0034 | fd03 0032 | f65f 42a9 | f81b 40f9 
  0x0000000118e9b460: f54f 4729 | ee23 40f9 | fb37 4929 | f933 45a9 | ef33 40f9 | eb47 4d29 | f003 47a9 | fa43 40f9 
  0x0000000118e9b480: c4f8 ff17 | f303 00f9 | f637 01a9 | 2101 8012 

  0x0000000118e9b490: ; ImmutableOopMap {[0]=Oop [16]=Oop [24]=Oop [48]=Oop [56]=Oop }
                      ;*invokevirtual lambda$new$0 {reexecute=0 rethrow=0 return_oop=0}
                      ; - org.gradle.internal.serialize.ExceptionReplacingObjectOutputStream$$Lambda/0x0000000301ad25a0::apply@5
                      ; - org.gradle.internal.serialize.ExceptionReplacingObjectOutputStream::replaceObject@5 (line 56)
                      ; - java.io.ObjectOutputStream::writeObject0@240 (line 1160)
                      ;   {runtime_call UncommonTrapBlob}
  0x0000000118e9b490: bcbe aa97 

  0x0000000118e9b494: ;   {other}
  0x0000000118e9b494: 1f20 03d5 | 9fe0 87f2 | 1fa0 8bf2 | ec09 40b9 

  0x0000000118e9b4a4: ;   {metadata('java/util/HashMap')}
  0x0000000118e9b4a4: 1001 a0d2 | 10cf 96f2 | 9f01 106b | 61c1 0054 | ee0f 00f9 | eb03 08a9 | fd03 0a2a | e103 0faa 
  0x0000000118e9b4c4: e203 00aa 

  0x0000000118e9b4c8: ; ImmutableOopMap {rfp=NarrowOop [0]=Oop [12]=NarrowOop [16]=Oop [24]=Oop [32]=Oop [48]=Oop [64]=Oop [72]=NarrowOop [80]=Oop [88]=Oop [104]=Oop [112]=Oop [120]=Oop [128]=Oop [136]=Oop }
                      ;*invokeinterface get {reexecute=0 rethrow=0 return_oop=1}
                      ; - java.lang.Module::isStaticallyExportedOrOpen@15 (line 729)
                      ; - java.lang.Module::implIsExportedOrOpen@70 (line 711)
                      ; - java.lang.Module::isExported@14 (line 593)
                      ; - jdk.internal.reflect.Reflection::verifyModuleAccess@20 (line 249)
                      ; - jdk.internal.reflect.Reflection::verifyMemberAccess@22 (line 146)
                      ; - java.lang.reflect.AccessibleObject::slowVerifyAccess@16 (line 755)
                      ; - java.lang.reflect.AccessibleObject::verifyAccess@51 (line 741)
                      ; - java.lang.reflect.AccessibleObject::checkAccess@6 (line 713)
                      ; - java.lang.reflect.Method::invoke@60 (line 571)
                      ; - java.io.ObjectStreamClass::invokeWriteObject@24 (line 1072)
                      ; - java.io.ObjectOutputStream::writeSerialData@119 (line 1529)
                      ; - java.io.ObjectOutputStream::writeOrdinaryObject@158 (line 1451)
                      ; - java.io.ObjectOutputStream::writeObject0@506 (line 1194)
                      ;   {optimized virtual_call}
  0x0000000118e9b4c8: 2ea3 aa97 

  0x0000000118e9b4cc: ;   {other}
  0x0000000118e9b4cc: 1f20 03d5 | 9fe7 87f2 | 1fc0 8bf2 | 8094 00b4 | 0b08 40b9 

  0x0000000118e9b4e0: ;   {metadata('java/util/ImmutableCollections$Set12')}
  0x0000000118e9b4e0: 0a03 a0d2 | 0aa7 9af2 | 7f01 0a6b | 41cf 0054 | e203 00aa | e30f 40f9 | e143 40f9 

  0x0000000118e9b4fc: ; ImmutableOopMap {rfp=NarrowOop [0]=Oop [12]=NarrowOop [16]=Oop [24]=Oop [32]=Oop [48]=Oop [64]=Oop [72]=NarrowOop [80]=Oop [88]=Oop [104]=Oop [112]=Oop [120]=Oop [128]=Oop [136]=Oop }
                      ;*invokevirtual allows {reexecute=0 rethrow=0 return_oop=0}
                      ; - java.lang.Module::isStaticallyExportedOrOpen@24 (line 729)
                      ; - java.lang.Module::implIsExportedOrOpen@70 (line 711)
                      ; - java.lang.Module::isExported@14 (line 593)
                      ; - jdk.internal.reflect.Reflection::verifyModuleAccess@20 (line 249)
                      ; - jdk.internal.reflect.Reflection::verifyMemberAccess@22 (line 146)
                      ; - java.lang.reflect.AccessibleObject::slowVerifyAccess@16 (line 755)
                      ; - java.lang.reflect.AccessibleObject::verifyAccess@51 (line 741)
                      ; - java.lang.reflect.AccessibleObject::checkAccess@6 (line 713)
                      ; - java.lang.reflect.Method::invoke@60 (line 571)
                      ; - java.io.ObjectStreamClass::invokeWriteObject@24 (line 1072)
                      ; - java.io.ObjectOutputStream::writeSerialData@119 (line 1529)
                      ; - java.io.ObjectOutputStream::writeOrdinaryObject@158 (line 1451)
                      ; - java.io.ObjectOutputStream::writeObject0@506 (line 1194)
                      ;   {optimized virtual_call}
  0x0000000118e9b4fc: 21a3 aa97 

  0x0000000118e9b500: ;   {other}
  0x0000000118e9b500: 1f20 03d5 | 1fee 87f2 | 1fe0 8bf2 | 202d 0034 

  0x0000000118e9b510: ;   {oop(a 'java/lang/Class'{0x00000005d4384bc0} = 'java/io/ObjectStreamClass')}
  0x0000000118e9b510: 0f78 89d2 | 0f87 baf2 | af00 c0f2 | 8bf8 ff17 | f35b 01a9 | fd03 40f9 | 2104 8012 

  0x0000000118e9b52c: ; ImmutableOopMap {rfp=Oop [16]=Oop [24]=Oop [48]=Oop [56]=Oop }
                      ;*invokevirtual replaceObject {reexecute=0 rethrow=0 return_oop=0}
                      ; - java.io.ObjectOutputStream::writeObject0@240 (line 1160)
                      ;   {runtime_call UncommonTrapBlob}
  0x0000000118e9b52c: 95be aa97 

  0x0000000118e9b530: ;   {other}
  0x0000000118e9b530: 1f20 03d5 | 1ff4 87f2 | 1f00 8cf2 | f35b 01a9 | ed13 00f9 | 2104 8012 

  0x0000000118e9b548: ; ImmutableOopMap {rfp=Oop [16]=Oop [24]=Oop [32]=Oop [48]=Oop [56]=Oop }
                      ;*invokeinterface apply {reexecute=0 rethrow=0 return_oop=0}
                      ; - org.gradle.internal.serialize.ExceptionReplacingObjectOutputStream::replaceObject@5 (line 56)
                      ; - java.io.ObjectOutputStream::writeObject0@240 (line 1160)
                      ;   {runtime_call UncommonTrapBlob}
  0x0000000118e9b548: 8ebe aa97 

  0x0000000118e9b54c: ;   {other}
  0x0000000118e9b54c: 1f20 03d5 | 9ff7 87f2 | 1f20 8cf2 | f00f 00b9 | 6103 8012 

  0x0000000118e9b560: ; ImmutableOopMap {rfp=Oop [0]=Oop }
                      ;*bastore {reexecute=0 rethrow=0 return_oop=0}
                      ; - java.io.ObjectOutputStream$BlockDataOutputStream::writeByte@31 (line 1939)
                      ; - java.io.ObjectOutputStream::writeNull@6 (line 1213)
                      ; - java.io.ObjectOutputStream::writeObject0@33 (line 1130)
                      ;   {runtime_call UncommonTrapBlob}
  0x0000000118e9b560: 88be aa97 

  0x0000000118e9b564: ;   {other}
  0x0000000118e9b564: 1f20 03d5 | 9ffa 87f2 | 1f40 8cf2 | ef0f 00b9 | f10b 00f9 | e11b 00b9 | fd03 40f9 | 4117 8012 
  0x0000000118e9b584: ; ImmutableOopMap {rfp=Oop [16]=Oop }
                      ;*if_icmplt {reexecute=1 rethrow=0 return_oop=0}
                      ; - (reexecute) java.io.ObjectOutputStream$BlockDataOutputStream::writeByte@7 (line 1936)
                      ; - java.io.ObjectOutputStream::writeHandle@6 (line 1220)
                      ; - java.io.ObjectOutputStream::writeObject0@78 (line 1133)
                      ;   {runtime_call UncommonTrapBlob}
  0x0000000118e9b584: 7fbe aa97 

  0x0000000118e9b588: ;   {other}
  0x0000000118e9b588: 1f20 03d5 | 1fff 87f2 | 1f60 8cf2 | e40f 00b9 | f10b 00f9 | e31b 00b9 | fd03 40f9 | 4117 8012 
  0x0000000118e9b5a8: ; ImmutableOopMap {rfp=Oop [16]=Oop }
                      ;*if_icmpgt {reexecute=1 rethrow=0 return_oop=0}
                      ; - (reexecute) java.io.ObjectOutputStream$BlockDataOutputStream::writeInt@9 (line 1961)
                      ; - java.io.ObjectOutputStream::writeHandle@18 (line 1221)
                      ; - java.io.ObjectOutputStream::writeObject0@78 (line 1133)
                      ;   {runtime_call UncommonTrapBlob}
  0x0000000118e9b5a8: 76be aa97 

  0x0000000118e9b5ac: ;   {other}
  0x0000000118e9b5ac: 1f20 03d5 | 9f03 88f2 | 1f80 8cf2 | f317 40f9 | 6b42 40b9 | 60f1 7dd3 | e089 ffb4 | 8a17 40f9 
  0x0000000118e9b5cc: 4aa0 00b4 | 8b1f 40f9 | 4c21 00d1 | 6a01 0a8b | 4081 1ff8 | 8c17 00f9 | 47fc ff17 | 8a2f 40f9 
  0x0000000118e9b5ec: 8b27 40f9 | bf3b 03d5 | 0c00 c039 | 8c8a ff34 | 1f00 0039 | 8b01 00b5 | e103 1caa | c900 0010 
  0x0000000118e9b60c: 89d7 01f9 

  0x0000000118e9b610: ;   {runtime_call G1BarrierSetRuntime::write_ref_field_post_entry(unsigned char volatile*, JavaThread*)}
  0x0000000118e9b610: 8880 94d2 | e8de a0f2 | 2800 c0f2 | 0001 3fd6 

  0x0000000118e9b620: ;   {other}
  0x0000000118e9b620: 1f20 03d5 | 1f00 80f2 | 1f00 80f2 | 47fc ff17 | 6c21 00d1 | 4a01 0b8b | 4081 1ff8 | 8c27 00f9 
  0x0000000118e9b640: 42fc ff17 

  0x0000000118e9b644: ; implicit exception: dispatches to 0x0000000118e9d820
  0x0000000118e9b644: 0a0a 40b9 

  0x0000000118e9b648: ;   {metadata('jdk/internal/reflect/DirectMethodHandleAccessor')}
  0x0000000118e9b648: 2d03 a0d2 | 0d3e 97f2 | 5f01 0d6b | 21b5 0054 | ea03 10aa | e80f 40f9 | e80b 00f9 | e88f 40b9 
  0x0000000118e9b668: e80f 00b9 | eadb 01a9 | f7e3 02a9 | f54f 0729 | ec23 00f9 | fb4b 00b9 | f93f 05a9 | e103 0aaa 
  0x0000000118e9b688: ; ImmutableOopMap {[0]=Oop [12]=NarrowOop [16]=Oop [24]=Oop [32]=Oop [48]=Oop [64]=Oop [72]=NarrowOop [80]=Oop [88]=Oop }
                      ;*invokevirtual isStatic {reexecute=0 rethrow=0 return_oop=0}
                      ; - jdk.internal.reflect.DirectMethodHandleAccessor::invoke@1 (line 125)
                      ; - java.lang.reflect.Method::invoke@90 (line 580)
                      ; - java.io.ObjectStreamClass::invokeWriteObject@24 (line 1072)
                      ; - java.io.ObjectOutputStream::writeSerialData@119 (line 1529)
                      ; - java.io.ObjectOutputStream::writeOrdinaryObject@158 (line 1451)
                      ; - java.io.ObjectOutputStream::writeObject0@506 (line 1194)
                      ;   {optimized virtual_call}
  0x0000000118e9b688: bea2 aa97 

  0x0000000118e9b68c: ;   {other}
  0x0000000118e9b68c: 1f20 03d5 | 9f1f 88f2 | 1fa0 8cf2 | 402e 0034 | ea0f 40f9 | 410d 40b9 | e223 40f9 

  0x0000000118e9b6a8: ; ImmutableOopMap {[0]=Oop [12]=NarrowOop [16]=Oop [24]=Oop [32]=Oop [48]=Oop [64]=Oop [72]=NarrowOop [80]=Oop [88]=Oop }
                      ;*invokestatic checkArgumentCount {reexecute=0 rethrow=0 return_oop=0}
                      ; - jdk.internal.reflect.DirectMethodHandleAccessor::invoke@17 (line 128)
                      ; - java.lang.reflect.Method::invoke@90 (line 580)
                      ; - java.io.ObjectStreamClass::invokeWriteObject@24 (line 1072)
                      ; - java.io.ObjectOutputStream::writeSerialData@119 (line 1529)
                      ; - java.io.ObjectOutputStream::writeOrdinaryObject@158 (line 1451)
                      ; - java.io.ObjectOutputStream::writeObject0@506 (line 1194)
                      ;   {static_call}
  0x0000000118e9b6a8: 36a4 aa97 

  0x0000000118e9b6ac: ;   {other}
  0x0000000118e9b6ac: 1f20 03d5 | 9f23 88f2 | 1fc0 8cf2 | e10f 40f9 

  0x0000000118e9b6bc: ; ImmutableOopMap {[0]=Oop [12]=NarrowOop [16]=Oop [24]=Oop [32]=Oop [48]=Oop [64]=Oop [72]=NarrowOop [80]=Oop [88]=Oop }
                      ;*invokevirtual hasCallerParameter {reexecute=0 rethrow=0 return_oop=0}
                      ; - jdk.internal.reflect.DirectMethodHandleAccessor::invokeImpl@1 (line 164)
                      ; - jdk.internal.reflect.DirectMethodHandleAccessor::invoke@24 (line 130)
                      ; - java.lang.reflect.Method::invoke@90 (line 580)
                      ; - java.io.ObjectStreamClass::invokeWriteObject@24 (line 1072)
                      ; - java.io.ObjectOutputStream::writeSerialData@119 (line 1529)
                      ; - java.io.ObjectOutputStream::writeOrdinaryObject@158 (line 1451)
                      ; - java.io.ObjectOutputStream::writeObject0@506 (line 1194)
                      ;   {optimized virtual_call}
  0x0000000118e9b6bc: b1a2 aa97 

  0x0000000118e9b6c0: ;   {other}
  0x0000000118e9b6c0: 1f20 03d5 | 1f26 88f2 | 1fe0 8cf2 | 602d 0034 | eb0f 40f9 | 6c19 40b9 | 6a0d 40b9 | 8cf1 7dd3 
  0x0000000118e9b6e0: 5f05 0071 | c0b1 0054 | 5f05 0071 | 4a01 0054 | 5f05 0031 | 8d01 0054 | ec0b 00f9 | fd03 0baa 
  0x0000000118e9b700: e10f 1d32 

  0x0000000118e9b704: ; ImmutableOopMap {rfp=Oop [0]=Oop [16]=Oop [32]=Oop [48]=Oop [80]=Oop [88]=Oop }
                      ;*invokevirtual invokeExact {reexecute=0 rethrow=0 return_oop=0}
                      ; - jdk.internal.reflect.DirectMethodHandleAccessor::invokeImpl@46 (line 167)
                      ; - jdk.internal.reflect.DirectMethodHandleAccessor::invoke@24 (line 130)
                      ; - java.lang.reflect.Method::invoke@90 (line 580)
                      ; - java.io.ObjectStreamClass::invokeWriteObject@24 (line 1072)
                      ; - java.io.ObjectOutputStream::writeSerialData@119 (line 1529)
                      ; - java.io.ObjectOutputStream::writeOrdinaryObject@158 (line 1451)
                      ; - java.io.ObjectOutputStream::writeObject0@506 (line 1194)
                      ;   {runtime_call UncommonTrapBlob}
  0x0000000118e9b704: 1fbe aa97 

  0x0000000118e9b708: ;   {other}
  0x0000000118e9b708: 1f20 03d5 | 1f2f 88f2 | 1f00 8df2 | 5f0d 0071 | 60b1 0054 | 5f0d 0071 | 4bb2 0054 | ec0b 00f9 
  0x0000000118e9b728: fd03 0baa | e10f 1d32 

  0x0000000118e9b730: ; ImmutableOopMap {rfp=Oop [0]=Oop [16]=Oop [32]=Oop [48]=Oop [64]=Oop [80]=Oop [88]=Oop }
                      ;*invokevirtual invokeExact {reexecute=0 rethrow=0 return_oop=0}
                      ; - jdk.internal.reflect.DirectMethodHandleAccessor::invokeImpl@113 (line 171)
                      ; - jdk.internal.reflect.DirectMethodHandleAccessor::invoke@24 (line 130)
                      ; - java.lang.reflect.Method::invoke@90 (line 580)
                      ; - java.io.ObjectStreamClass::invokeWriteObject@24 (line 1072)
                      ; - java.io.ObjectOutputStream::writeSerialData@119 (line 1529)
                      ; - java.io.ObjectOutputStream::writeOrdinaryObject@158 (line 1451)
                      ; - java.io.ObjectOutputStream::writeObject0@506 (line 1194)
                      ;   {runtime_call UncommonTrapBlob}
  0x0000000118e9b730: 14be aa97 

  0x0000000118e9b734: ;   {other}
  0x0000000118e9b734: 1f20 03d5 | 9f34 88f2 | 1f20 8df2 | f00f 00b9 | ef0b 00f9 | fd03 40f9 | 4117 8012 

  0x0000000118e9b750: ; ImmutableOopMap {rfp=Oop [16]=Oop }
                      ;*if_icmplt {reexecute=1 rethrow=0 return_oop=0}
                      ; - (reexecute) java.io.ObjectOutputStream$BlockDataOutputStream::writeByte@7 (line 1936)
                      ; - java.io.ObjectOutputStream::writeNull@6 (line 1213)
                      ; - java.io.ObjectOutputStream::writeObject0@33 (line 1130)
                      ;   {runtime_call UncommonTrapBlob}
  0x0000000118e9b750: 0cbe aa97 

  0x0000000118e9b754: ;   {other}
  0x0000000118e9b754: 1f20 03d5 | 9f38 88f2 | 1f40 8df2 | ee23 40f9 | ca19 40b9 | 40f1 7dd3 | 8053 ffb4 | 8a17 40f9 
  0x0000000118e9b774: 8a97 00b4 | 8b1f 40f9 | 4c21 00d1 | 6a01 0a8b | 4081 1ff8 | 8c17 00f9 | 94fa ff17 | 8a27 40f9 
  0x0000000118e9b794: 8b2f 40f9 | bf3b 03d5 | 0f00 c039 | 2f54 ff34 | 1f00 0039 | 0a02 00b5 | f403 13aa | f303 0eaa 
  0x0000000118e9b7b4: e103 1caa | c900 0010 | 89d7 01f9 

  0x0000000118e9b7c0: ;   {runtime_call G1BarrierSetRuntime::write_ref_field_post_entry(unsigned char volatile*, JavaThread*)}
  0x0000000118e9b7c0: 8880 94d2 | e8de a0f2 | 2800 c0f2 | 0001 3fd6 

  0x0000000118e9b7d0: ;   {other}
  0x0000000118e9b7d0: 1f20 03d5 | 1f00 80f2 | 1f00 80f2 | ee03 13aa | ed03 14aa | 90fa ff17 | 4c21 00d1 | 6a01 0a8b 
  0x0000000118e9b7f0: 4081 1ff8 | 8c27 00f9 | 8bfa ff17 | f65f 02a9 | f81b 00f9 | f54f 0729 | ee23 00f9 | fb4b 00b9 
  0x0000000118e9b810: f933 05a9 | e437 06a9 

  0x0000000118e9b818: ;   {oop(a 'java/lang/Class'{0x00000005d47185e8} = 'jdk/internal/reflect/CallerSensitive')}
  0x0000000118e9b818: 01bd 90d2 | 218e baf2 | a100 c0f2 

  0x0000000118e9b824: ; ImmutableOopMap {[0]=Oop [24]=Oop [32]=Oop [48]=Oop [64]=Oop [72]=NarrowOop [80]=Oop [88]=Oop [96]=Oop [104]=Oop [140]=NarrowOop }
                      ;*invokevirtual hashCode {reexecute=0 rethrow=0 return_oop=0}
                      ; - java.util.HashMap::hash@9 (line 338)
                      ; - java.util.HashMap::getNode@23 (line 576)
                      ; - java.util.LinkedHashMap::get@2 (line 536)
                      ; - java.lang.reflect.Executable::getAnnotation@11 (line 612)
                      ; - java.lang.reflect.Method::getAnnotation@2 (line 793)
                      ; - java.lang.reflect.AnnotatedElement::isAnnotationPresent@2 (line 292)
                      ; - java.lang.reflect.AccessibleObject::isAnnotationPresent@2 (line 558)
                      ; - jdk.internal.reflect.Reflection::isCallerSensitive@18 (line 347)
                      ; - java.lang.reflect.Method::isCallerSensitive@11 (line 618)
                      ; - java.lang.reflect.Method::invoke@1 (line 561)
                      ; - java.io.ObjectStreamClass::invokeWriteObject@24 (line 1072)
                      ; - java.io.ObjectOutputStream::writeSerialData@119 (line 1529)
                      ; - java.io.ObjectOutputStream::writeOrdinaryObject@158 (line 1451)
                      ; - java.io.ObjectOutputStream::writeObject0@506 (line 1194)
                      ;   {optimized virtual_call}
  0x0000000118e9b824: 57a2 aa97 

  0x0000000118e9b828: ;   {other}
  0x0000000118e9b828: 1f20 03d5 | 1f53 88f2 | 1f60 8df2 | f65f 42a9 | f81b 40f9 | f54f 4729 | ee23 40f9 | fb4b 40b9 
  0x0000000118e9b848: f933 45a9 | e437 46a9 | b7fa ff17 | fd8b 00b9 | fd03 0a2a | f65f 02a9 | f81b 00f9 | f54f 0729 
  0x0000000118e9b868: ee23 00f9 | fb37 0929 | f933 05a9 | ef33 00f9 | eb47 0d29 | f003 07a9 | fa43 00f9 | e80f 40f9 
  0x0000000118e9b888: e80b 00f9 | e103 0b2a 

  0x0000000118e9b890: ; ImmutableOopMap {[0]=Oop [16]=Oop [24]=Oop [32]=Oop [48]=Oop [64]=Oop [72]=NarrowOop [80]=Oop [88]=Oop [96]=Oop [112]=Oop [120]=Oop [128]=Oop [140]=NarrowOop }
                      ;*invokestatic isPrivate {reexecute=0 rethrow=0 return_oop=0}
                      ; - jdk.internal.reflect.Reflection::verifyMemberAccess@73 (line 168)
                      ; - java.lang.reflect.AccessibleObject::slowVerifyAccess@16 (line 755)
                      ; - java.lang.reflect.AccessibleObject::verifyAccess@51 (line 741)
                      ; - java.lang.reflect.AccessibleObject::checkAccess@6 (line 713)
                      ; - java.lang.reflect.Method::invoke@60 (line 571)
                      ; - java.io.ObjectStreamClass::invokeWriteObject@24 (line 1072)
                      ; - java.io.ObjectOutputStream::writeSerialData@119 (line 1529)
                      ; - java.io.ObjectOutputStream::writeOrdinaryObject@158 (line 1451)
                      ; - java.io.ObjectOutputStream::writeObject0@506 (line 1194)
                      ;   {static_call}
  0x0000000118e9b890: bca3 aa97 

  0x0000000118e9b894: ;   {other}
  0x0000000118e9b894: 1f20 03d5 | 9f60 88f2 | 1f80 8df2 | 802e 0034 | e133 40f9 | e23b 40f9 

  0x0000000118e9b8ac: ; ImmutableOopMap {[0]=Oop [16]=Oop [24]=Oop [32]=Oop [48]=Oop [64]=Oop [72]=NarrowOop [80]=Oop [88]=Oop [96]=Oop [112]=Oop [120]=Oop [128]=Oop [140]=NarrowOop }
                      ;*invokestatic areNestMates {reexecute=0 rethrow=0 return_oop=0}
                      ; - jdk.internal.reflect.Reflection::verifyMemberAccess@81 (line 171)
                      ; - java.lang.reflect.AccessibleObject::slowVerifyAccess@16 (line 755)
                      ; - java.lang.reflect.AccessibleObject::verifyAccess@51 (line 741)
                      ; - java.lang.reflect.AccessibleObject::checkAccess@6 (line 713)
                      ; - java.lang.reflect.Method::invoke@60 (line 571)
                      ; - java.io.ObjectStreamClass::invokeWriteObject@24 (line 1072)
                      ; - java.io.ObjectOutputStream::writeSerialData@119 (line 1529)
                      ; - java.io.ObjectOutputStream::writeOrdinaryObject@158 (line 1451)
                      ; - java.io.ObjectOutputStream::writeObject0@506 (line 1194)
                      ;   {static_call}
  0x0000000118e9b8ac: b5a3 aa97 

  0x0000000118e9b8b0: ;   {other}
  0x0000000118e9b8b0: 1f20 03d5 | 1f64 88f2 | 1fa0 8df2 | a02d 0034 | f65f 42a9 | f81b 40f9 | f54f 4729 | ee23 40f9 
  0x0000000118e9b8d0: fb37 4929 | f933 45a9 | ef33 40f9 | eb47 4d29 | f003 47a9 | fa43 40f9 | abf7 ff17 | f70b 00f9 
  0x0000000118e9b8f0: f613 00f9 | f52b 00b9 | f81b 00f9 | f33f 00b9 | ee23 00f9 | fb4b 00b9 | f933 05a9 | e103 04aa 
  0x0000000118e9b910: e237 40f9 

  0x0000000118e9b914: ; ImmutableOopMap {[0]=Oop [24]=Oop [32]=Oop [48]=Oop [64]=Oop [72]=NarrowOop [80]=Oop [88]=Oop [104]=Oop [140]=NarrowOop }
                      ;*invokevirtual afterNodeAccess {reexecute=0 rethrow=0 return_oop=0}
                      ; - java.util.LinkedHashMap::get@21 (line 539)
                      ; - java.lang.reflect.Executable::getAnnotation@11 (line 612)
                      ; - java.lang.reflect.Method::getAnnotation@2 (line 793)
                      ; - java.lang.reflect.AnnotatedElement::isAnnotationPresent@2 (line 292)
                      ; - java.lang.reflect.AccessibleObject::isAnnotationPresent@2 (line 558)
                      ; - jdk.internal.reflect.Reflection::isCallerSensitive@18 (line 347)
                      ; - java.lang.reflect.Method::isCallerSensitive@11 (line 618)
                      ; - java.lang.reflect.Method::invoke@1 (line 561)
                      ; - java.io.ObjectStreamClass::invokeWriteObject@24 (line 1072)
                      ; - java.io.ObjectOutputStream::writeSerialData@119 (line 1529)
                      ; - java.io.ObjectOutputStream::writeOrdinaryObject@158 (line 1451)
                      ; - java.io.ObjectOutputStream::writeObject0@506 (line 1194)
                      ;   {optimized virtual_call}
  0x0000000118e9b914: 1ba2 aa97 

  0x0000000118e9b918: ;   {other}
  0x0000000118e9b918: 1f20 03d5 | 1f71 88f2 | 1fc0 8df2 | f70b 40f9 | f613 40f9 | f52b 40b9 | f81b 40f9 | f33f 40b9 
  0x0000000118e9b938: ee23 40f9 | fb4b 40b9 | f933 45a9 | b5fa ff17 | f70b 00f9 | f613 00f9 | f537 0529 | f81b 00f9 
  0x0000000118e9b958: eb4f 0729 | ee23 00f9 | fb4b 00b9 | f933 05a9 | ef43 06a9 | e03b 00f9 

  0x0000000118e9b970: ;   {metadata('java/lang/ref/WeakReference')}
  0x0000000118e9b970: 0166 9ed2 | 6100 a0f2 | 6100 c0f2 

  0x0000000118e9b97c: ; ImmutableOopMap {[0]=Oop [24]=Oop [32]=Oop [48]=Oop [64]=Oop [72]=NarrowOop [80]=Oop [88]=Oop [96]=Oop [104]=Oop [112]=Oop [140]=NarrowOop }
                      ;*new {reexecute=0 rethrow=0 return_oop=1}
                      ; - java.lang.reflect.AccessibleObject::slowVerifyAccess@49 (line 765)
                      ; - java.lang.reflect.AccessibleObject::verifyAccess@51 (line 741)
                      ; - java.lang.reflect.AccessibleObject::checkAccess@6 (line 713)
                      ; - java.lang.reflect.Method::invoke@60 (line 571)
                      ; - java.io.ObjectStreamClass::invokeWriteObject@24 (line 1072)
                      ; - java.io.ObjectOutputStream::writeSerialData@119 (line 1529)
                      ; - java.io.ObjectOutputStream::writeOrdinaryObject@158 (line 1451)
                      ; - java.io.ObjectOutputStream::writeObject0@506 (line 1194)
                      ;   {runtime_call _new_instance_Java}
  0x0000000118e9b97c: e115 ae97 

  0x0000000118e9b980: ;   {other}
  0x0000000118e9b980: 1f20 03d5 | 1f7e 88f2 | 1fe0 8df2 | f70b 40f9 | f613 40f9 | f537 4529 | f81b 40f9 | f33f 40b9 
  0x0000000118e9b9a0: ee23 40f9 | fb4b 40b9 | f933 45a9 | ef33 40f9 | e103 00aa | 88f7 ff17 | e803 40f9 | e80b 00f9 
  0x0000000118e9b9c0: 6103 8012 | f003 00b9 

  0x0000000118e9b9c8: ; ImmutableOopMap {rfp=Oop [16]=Oop }
                      ;*aaload {reexecute=0 rethrow=0 return_oop=0}
                      ; - java.io.ObjectOutputStream$ReplaceTable::lookup@18 (line 2424)
                      ; - java.io.ObjectOutputStream::writeObject0@24 (line 1129)
                      ;   {runtime_call UncommonTrapBlob}
  0x0000000118e9b9c8: 6ebd aa97 

  0x0000000118e9b9cc: ;   {other}
  0x0000000118e9b9cc: 1f20 03d5 | 9f87 88f2 | 1f00 8ef2 | ed0b 00f9 | fd03 0caa | f613 00f9 | f81b 00f9 | f33f 00b9 
  0x0000000118e9b9ec: fb4b 00b9 | f92b 00f9 

  0x0000000118e9b9f4: ;   {metadata('java/lang/IllegalArgumentException')}
  0x0000000118e9b9f4: 01fa 94d2 | c100 a0f2 | 6100 c0f2 

  0x0000000118e9ba00: ; ImmutableOopMap {rfp=Oop [0]=Oop [16]=Oop [32]=Oop [48]=Oop [72]=NarrowOop [80]=Oop }
                      ;*new {reexecute=0 rethrow=0 return_oop=1}
                      ; - jdk.internal.reflect.DirectMethodHandleAccessor::checkReceiver@14 (line 197)
                      ; - jdk.internal.reflect.DirectMethodHandleAccessor::invoke@9 (line 99)
                      ; - java.lang.reflect.Method::invoke@102 (line 580)
                      ; - java.io.ObjectStreamClass::invokeWriteObject@24 (line 1072)
                      ; - java.io.ObjectOutputStream::writeSerialData@119 (line 1529)
                      ; - java.io.ObjectOutputStream::writeOrdinaryObject@158 (line 1451)
                      ; - java.io.ObjectOutputStream::writeObject0@506 (line 1194)
                      ;   {runtime_call _new_instance_Java}
  0x0000000118e9ba00: c015 ae97 

  0x0000000118e9ba04: ;   {other}
  0x0000000118e9ba04: 1f20 03d5 | 9f8e 88f2 | 1f20 8ef2 | ddfa ff17 | e16b 40b9 

  0x0000000118e9ba18: ; ImmutableOopMap {[0]=Oop [16]=Oop [32]=Oop [48]=Oop [64]=Oop [72]=NarrowOop [80]=Oop [88]=Oop [96]=Oop [112]=Oop [120]=Oop [128]=Oop [140]=NarrowOop }
                      ;*invokestatic isPrivate {reexecute=0 rethrow=0 return_oop=0}
                      ; - jdk.internal.reflect.Reflection::verifyMemberAccess@116 (line 185)
                      ; - java.lang.reflect.AccessibleObject::slowVerifyAccess@16 (line 755)
                      ; - java.lang.reflect.AccessibleObject::verifyAccess@51 (line 741)
                      ; - java.lang.reflect.AccessibleObject::checkAccess@6 (line 713)
                      ; - java.lang.reflect.Method::invoke@60 (line 571)
                      ; - java.io.ObjectStreamClass::invokeWriteObject@24 (line 1072)
                      ; - java.io.ObjectOutputStream::writeSerialData@119 (line 1529)
                      ; - java.io.ObjectOutputStream::writeOrdinaryObject@158 (line 1451)
                      ; - java.io.ObjectOutputStream::writeObject0@506 (line 1194)
                      ;   {static_call}
  0x0000000118e9ba18: 5aa3 aa97 

  0x0000000118e9ba1c: ;   {other}
  0x0000000118e9ba1c: 1f20 03d5 | 9f91 88f2 | 1f40 8ef2 | 2077 0034 | e133 40f9 | e46b 40b9 | e20f 47a9 

  0x0000000118e9ba38: ; ImmutableOopMap {[0]=Oop [32]=Oop [48]=Oop [64]=Oop [72]=NarrowOop [80]=Oop [88]=Oop }
                      ;*invokestatic newIllegalAccessException {reexecute=0 rethrow=0 return_oop=1}
                      ; - java.lang.reflect.AccessibleObject::checkAccess@17 (line 714)
                      ; - java.lang.reflect.Method::invoke@60 (line 571)
                      ; - java.io.ObjectStreamClass::invokeWriteObject@24 (line 1072)
                      ; - java.io.ObjectOutputStream::writeSerialData@119 (line 1529)
                      ; - java.io.ObjectOutputStream::writeOrdinaryObject@158 (line 1451)
                      ; - java.io.ObjectOutputStream::writeObject0@506 (line 1194)
                      ;   {static_call}
  0x0000000118e9ba38: 52a3 aa97 

  0x0000000118e9ba3c: ;   {other}
  0x0000000118e9ba3c: 1f20 03d5 | 9f95 88f2 | 1f60 8ef2 | fd03 00aa 

  0x0000000118e9ba4c: ; ImmutableOopMap {rfp=Oop [0]=Oop [32]=Oop [48]=Oop [64]=Oop [72]=NarrowOop [80]=Oop [88]=Oop }
                      ;*invokestatic printStackTraceWhenAccessFails {reexecute=0 rethrow=0 return_oop=0}
                      ; - java.lang.reflect.AccessibleObject::checkAccess@22 (line 716)
                      ; - java.lang.reflect.Method::invoke@60 (line 571)
                      ; - java.io.ObjectStreamClass::invokeWriteObject@24 (line 1072)
                      ; - java.io.ObjectOutputStream::writeSerialData@119 (line 1529)
                      ; - java.io.ObjectOutputStream::writeOrdinaryObject@158 (line 1451)
                      ; - java.io.ObjectOutputStream::writeObject0@506 (line 1194)
                      ;   {static_call}
  0x0000000118e9ba4c: 4da3 aa97 

  0x0000000118e9ba50: ;   {other}
  0x0000000118e9ba50: 1f20 03d5 | 1f98 88f2 | 1f80 8ef2 | c001 0034 

  0x0000000118e9ba60: ;   {oop(a 'java/lang/Class'{0x00000004d7200828} = 'java/lang/System')}
  0x0000000118e9ba60: 0a05 81d2 | 0ae4 baf2 | 8a00 c0f2 | 4a79 40b9 | eb03 1daa | 4af1 7dd3 | 4b99 00b4 | e103 0baa 
  0x0000000118e9ba80: e203 0aaa 

  0x0000000118e9ba84: ; ImmutableOopMap {rfp=Oop [0]=Oop [32]=Oop [48]=Oop [64]=Oop [72]=NarrowOop [80]=Oop [88]=Oop }
                      ;*invokevirtual printStackTrace {reexecute=0 rethrow=0 return_oop=0}
                      ; - java.lang.reflect.AccessibleObject::checkAccess@33 (line 717)
                      ; - java.lang.reflect.Method::invoke@60 (line 571)
                      ; - java.io.ObjectStreamClass::invokeWriteObject@24 (line 1072)
                      ; - java.io.ObjectOutputStream::writeSerialData@119 (line 1529)
                      ; - java.io.ObjectOutputStream::writeOrdinaryObject@158 (line 1451)
                      ; - java.io.ObjectOutputStream::writeObject0@506 (line 1194)
                      ;   {optimized virtual_call}
  0x0000000118e9ba84: bfa1 aa97 

  0x0000000118e9ba88: ;   {other}
  0x0000000118e9ba88: 1f20 03d5 | 1f9f 88f2 | 1fa0 8ef2 | ea03 1daa | aa97 00b4 | c117 8052 

  0x0000000118e9baa0: ; ImmutableOopMap {rfp=Oop [0]=Oop [32]=Oop [48]=Oop [80]=Oop }
                      ;*new {reexecute=0 rethrow=0 return_oop=0}
                      ; - java.io.ObjectStreamClass::invokeWriteObject@61 (line 1082)
                      ; - java.io.ObjectOutputStream::writeSerialData@119 (line 1529)
                      ; - java.io.ObjectOutputStream::writeOrdinaryObject@158 (line 1451)
                      ; - java.io.ObjectOutputStream::writeObject0@506 (line 1194)
                      ;   {runtime_call UncommonTrapBlob}
  0x0000000118e9baa0: 38bd aa97 

  0x0000000118e9baa4: ;   {other}
  0x0000000118e9baa4: 1f20 03d5 | 9fa2 88f2 | 1fc0 8ef2 | ea03 1d2a | ee0f 40f9 | eb37 48a9 | 29f6 ff17 

  0x0000000118e9bac0: ;   {metadata('java/util/HashSet')}
  0x0000000118e9bac0: ac01 a0d2 | 0cd5 95f2 | 1f02 0c6b | 6197 0054 | f103 06aa | 2c0e 40b9 | 8cf1 7dd3 

  0x0000000118e9badc: ; implicit exception: dispatches to 0x0000000118e9da58
  0x0000000118e9badc: 9025 40b9 | 0cf2 7dd3 | 8c03 00b4 | 9d0d 40b9 | bf03 0071 | 4998 0054 | ef0f 00f9 | ea83 00b9 
  0x0000000118e9bafc: eeaf 08a9 | ed9b 09a9 | f1b3 0aa9 | bd07 0051 

  0x0000000118e9bb0c: ;   {oop(a 'java/lang/Module'{0x00000004d56a7fb0})}
  0x0000000118e9bb0c: 01f6 8fd2 | 41ad baf2 | 8100 c0f2 

  0x0000000118e9bb18: ; ImmutableOopMap {[0]=Oop [12]=NarrowOop [16]=Oop [24]=Oop [32]=Oop [48]=Oop [64]=Oop [72]=NarrowOop [80]=Oop [88]=Oop [104]=Oop [112]=Oop [120]=Oop [128]=NarrowOop [136]=Oop [144]=Oop [152]=Oop [160]=Oop [168]=Oop [176]=Oop }
                      ;*invokestatic hash {reexecute=0 rethrow=0 return_oop=0}
                      ; - java.util.HashMap::getNode@23 (line 576)
                      ; - java.util.HashMap::containsKey@2 (line 602)
                      ; - java.util.HashSet::contains@5 (line 213)
                      ; - java.lang.Module::allows@8 (line 751)
                      ; - java.lang.Module::isStaticallyExportedOrOpen@60 (line 736)
                      ; - java.lang.Module::implIsExportedOrOpen@70 (line 711)
                      ; - java.lang.Module::isExported@14 (line 593)
                      ; - jdk.internal.reflect.Reflection::verifyModuleAccess@20 (line 249)
                      ; - jdk.internal.reflect.Reflection::verifyMemberAccess@22 (line 146)
                      ; - java.lang.reflect.AccessibleObject::slowVerifyAccess@16 (line 755)
                      ; - java.lang.reflect.AccessibleObject::verifyAccess@51 (line 741)
                      ; - java.lang.reflect.AccessibleObject::checkAccess@6 (line 713)
                      ; - java.lang.reflect.Method::invoke@60 (line 571)
                      ; - java.io.ObjectStreamClass::invokeWriteObject@24 (line 1072)
                      ; - java.io.ObjectOutputStream::writeSerialData@119 (line 1529)
                      ; - java.io.ObjectOutputStream::writeOrdinaryObject@158 (line 1451)
                      ; - java.io.ObjectOutputStream::writeObject0@506 (line 1194)
                      ;   {static_call}
  0x0000000118e9bb18: 1aa3 aa97 

  0x0000000118e9bb1c: ;   {other}
  0x0000000118e9bb1c: 1f20 03d5 | 9fb1 88f2 | 1fe0 8ef2 | ab03 000a | ea5b 40f9 | 4ac9 2b8b | 4a11 40b9 | 4df1 7dd3 
  0x0000000118e9bb3c: ee03 002a | ed00 00b5 | ef0f 40f9 | ea83 40b9 | eeaf 48a9 | ed9b 49a9 | f003 1f2a | c8f6 ff17 
  0x0000000118e9bb5c: ab0d 40b9 | 7f01 006b | e102 0054 | ab11 40b9 

  0x0000000118e9bb6c: ;   {oop(a 'java/lang/Module'{0x00000004d56a7fb0})}
  0x0000000118e9bb6c: aa55 b3d2 | cafe 89f2 | 7f01 0a6b | 8001 0054 | ed5b 00f9 | fd03 002a | 62f1 7dd3 

  0x0000000118e9bb88: ;   {oop(a 'java/lang/Module'{0x00000004d56a7fb0})}
  0x0000000118e9bb88: 01f6 8fd2 | 41ad baf2 | 8100 c0f2 

  0x0000000118e9bb94: ; ImmutableOopMap {[0]=Oop [12]=NarrowOop [16]=Oop [24]=Oop [32]=Oop [48]=Oop [64]=Oop [72]=NarrowOop [80]=Oop [88]=Oop [104]=Oop [112]=Oop [120]=Oop [128]=NarrowOop [136]=Oop [144]=Oop [152]=Oop [160]=Oop [168]=Oop [176]=Oop }
                      ;*invokevirtual equals {reexecute=0 rethrow=0 return_oop=0}
                      ; - java.util.HashMap::getNode@63 (line 578)
                      ; - java.util.HashMap::containsKey@2 (line 602)
                      ; - java.util.HashSet::contains@5 (line 213)
                      ; - java.lang.Module::allows@8 (line 751)
                      ; - java.lang.Module::isStaticallyExportedOrOpen@60 (line 736)
                      ; - java.lang.Module::implIsExportedOrOpen@70 (line 711)
                      ; - java.lang.Module::isExported@14 (line 593)
                      ; - jdk.internal.reflect.Reflection::verifyModuleAccess@20 (line 249)
                      ; - jdk.internal.reflect.Reflection::verifyMemberAccess@22 (line 146)
                      ; - java.lang.reflect.AccessibleObject::slowVerifyAccess@16 (line 755)
                      ; - java.lang.reflect.AccessibleObject::verifyAccess@51 (line 741)
                      ; - java.lang.reflect.AccessibleObject::checkAccess@6 (line 713)
                      ; - java.lang.reflect.Method::invoke@60 (line 571)
                      ; - java.io.ObjectStreamClass::invokeWriteObject@24 (line 1072)
                      ; - java.io.ObjectOutputStream::writeSerialData@119 (line 1529)
                      ; - java.io.ObjectOutputStream::writeOrdinaryObject@158 (line 1451)
                      ; - java.io.ObjectOutputStream::writeObject0@506 (line 1194)
                      ;   {optimized virtual_call}
  0x0000000118e9bb94: 7ba1 aa97 

  0x0000000118e9bb98: ;   {other}
  0x0000000118e9bb98: 1f20 03d5 | 1fc1 88f2 | 1f00 8ff2 | a050 0034 | f003 0032 | ef0f 40f9 | ea83 40b9 | eeaf 48a9 
  0x0000000118e9bbb8: ed9b 49a9 | aff6 ff17 | ab19 40b9 | 7df1 7dd3 | dd00 00b5 | ef0f 40f9 | ea83 40b9 | eeaf 48a9 
  0x0000000118e9bbd8: ed9b 49a9 | deff ff17 | aa09 40b9 

  0x0000000118e9bbe4: ;   {metadata('java/util/HashMap$TreeNode')}
  0x0000000118e9bbe4: 4c03 a0d2 | 0c18 83f2 | 5f01 0c6b | 814f 0054 | e103 0daa | e203 0e2a 

  0x0000000118e9bbfc: ;   {oop(a 'java/lang/Module'{0x00000004d56a7fb0})}
  0x0000000118e9bbfc: 03f6 8fd2 | 43ad baf2 | 8300 c0f2 

  0x0000000118e9bc08: ; ImmutableOopMap {[0]=Oop [12]=NarrowOop [16]=Oop [24]=Oop [32]=Oop [48]=Oop [64]=Oop [72]=NarrowOop [80]=Oop [88]=Oop [104]=Oop [112]=Oop [120]=Oop [128]=NarrowOop [136]=Oop [144]=Oop [152]=Oop [160]=Oop [168]=Oop }
                      ;*invokevirtual getTreeNode {reexecute=0 rethrow=0 return_oop=1}
                      ; - java.util.HashMap::getNode@95 (line 582)
                      ; - java.util.HashMap::containsKey@2 (line 602)
                      ; - java.util.HashSet::contains@5 (line 213)
                      ; - java.lang.Module::allows@8 (line 751)
                      ; - java.lang.Module::isStaticallyExportedOrOpen@60 (line 736)
                      ; - java.lang.Module::implIsExportedOrOpen@70 (line 711)
                      ; - java.lang.Module::isExported@14 (line 593)
                      ; - jdk.internal.reflect.Reflection::verifyModuleAccess@20 (line 249)
                      ; - jdk.internal.reflect.Reflection::verifyMemberAccess@22 (line 146)
                      ; - java.lang.reflect.AccessibleObject::slowVerifyAccess@16 (line 755)
                      ; - java.lang.reflect.AccessibleObject::verifyAccess@51 (line 741)
                      ; - java.lang.reflect.AccessibleObject::checkAccess@6 (line 713)
                      ; - java.lang.reflect.Method::invoke@60 (line 571)
                      ; - java.io.ObjectStreamClass::invokeWriteObject@24 (line 1072)
                      ; - java.io.ObjectOutputStream::writeSerialData@119 (line 1529)
                      ; - java.io.ObjectOutputStream::writeOrdinaryObject@158 (line 1451)
                      ; - java.io.ObjectOutputStream::writeObject0@506 (line 1194)
                      ;   {optimized virtual_call}
  0x0000000118e9bc08: 5ea1 aa97 

  0x0000000118e9bc0c: ;   {other}
  0x0000000118e9bc0c: 1f20 03d5 | 9fcf 88f2 | 1f20 8ff2 | 1f00 1feb | f007 9f1a | ef0f 40f9 | ea83 40b9 | eeaf 48a9 
  0x0000000118e9bc2c: ed9b 49a9 | 92f6 ff17 | ab2b 40b9 | 60f1 7dd3 | a066 ffb4 | 8a17 40f9 | ea7e 00b4 | 8b1f 40f9 
  0x0000000118e9bc4c: 4c21 00d1 | 6a01 0a8b | 4081 1ff8 | 8c17 00f9 | 2dfb ff17 | e18b 41a9 

  0x0000000118e9bc64: ; ImmutableOopMap {[0]=Oop [12]=NarrowOop [16]=Oop [24]=Oop [32]=Oop [48]=Oop [64]=Oop [72]=NarrowOop [80]=Oop [88]=Oop }
                      ;*invokevirtual checkReceiver {reexecute=0 rethrow=0 return_oop=0}
                      ; - jdk.internal.reflect.DirectMethodHandleAccessor::invoke@9 (line 126)
                      ; - java.lang.reflect.Method::invoke@90 (line 580)
                      ; - java.io.ObjectStreamClass::invokeWriteObject@24 (line 1072)
                      ; - java.io.ObjectOutputStream::writeSerialData@119 (line 1529)
                      ; - java.io.ObjectOutputStream::writeOrdinaryObject@158 (line 1451)
                      ; - java.io.ObjectOutputStream::writeObject0@506 (line 1194)
                      ;   {optimized virtual_call}
  0x0000000118e9bc64: 47a1 aa97 

  0x0000000118e9bc68: ;   {other}
  0x0000000118e9bc68: 1f20 03d5 | 1fdb 88f2 | 1f40 8ff2 | 8afe ff17 

  0x0000000118e9bc78: ;   {oop(a 'java/lang/invoke/MethodHandleImpl$1'{0x00000004d5695c38})}
  0x0000000118e9bc78: 0187 8bd2 | 21ad baf2 | 8100 c0f2 | e22f 40f9 

  0x0000000118e9bc88: ; ImmutableOopMap {[0]=Oop [12]=NarrowOop [16]=Oop [24]=Oop [32]=Oop [48]=Oop [64]=Oop [72]=NarrowOop [80]=Oop }
                      ;*invokeinterface reflectiveInvoker {reexecute=0 rethrow=0 return_oop=1}
                      ; - jdk.internal.reflect.DirectMethodHandleAccessor::invokeImpl@121 (line 176)
                      ; - jdk.internal.reflect.DirectMethodHandleAccessor::invoke@24 (line 130)
                      ; - java.lang.reflect.Method::invoke@90 (line 580)
                      ; - java.io.ObjectStreamClass::invokeWriteObject@24 (line 1072)
                      ; - java.io.ObjectOutputStream::writeSerialData@119 (line 1529)
                      ; - java.io.ObjectOutputStream::writeOrdinaryObject@158 (line 1451)
                      ; - java.io.ObjectOutputStream::writeObject0@506 (line 1194)
                      ;   {optimized virtual_call}
  0x0000000118e9bc88: 3ea1 aa97 

  0x0000000118e9bc8c: ;   {other}
  0x0000000118e9bc8c: 1f20 03d5 | 9fdf 88f2 | 1f60 8ff2 | ee03 00aa 

  0x0000000118e9bc9c: ; implicit exception: dispatches to 0x0000000118e9da6c
  0x0000000118e9bc9c: 0b10 40b9 | 0a14 40b9 | ef0f 40f9 | ed19 40b9 

  0x0000000118e9bcac: ;   {oop(a 'java/lang/invoke/MethodType'{0x00000004d75e1810} = (Ljava/lang/invoke/MethodHandle;Ljava/lang/Object;[Ljava/lang/Object;)Ljava/lang/Object;)}
  0x0000000118e9bcac: 6c5d b3d2 | 4c60 98f2 | 7f01 0c6b | 4af1 7dd3 | adf1 7dd3 | c18a 0054 

  0x0000000118e9bcc4: ; implicit exception: dispatches to 0x0000000118e9da80
  0x0000000118e9bcc4: 4a1d 40b9 | 6a01 0035 | ed2f 00f9 | fd03 00aa | e103 00aa 

  0x0000000118e9bcd8: ; ImmutableOopMap {rfp=Oop [0]=Oop [12]=NarrowOop [16]=Oop [24]=Oop [32]=Oop [48]=Oop [64]=Oop [72]=NarrowOop [80]=Oop [88]=Oop }
                      ;*invokestatic maybeCustomize {reexecute=0 rethrow=0 return_oop=0}
                      ; - java.lang.invoke.Invokers::checkCustomized@19 (line 627)
                      ; - java.lang.invoke.LambdaForm$MH/0x0000000301002800::invokeExact_MT@15
                      ; - jdk.internal.reflect.DirectMethodHandleAccessor::invokeImpl@136 (line 178)
                      ; - jdk.internal.reflect.DirectMethodHandleAccessor::invoke@24 (line 130)
                      ; - java.lang.reflect.Method::invoke@90 (line 580)
                      ; - java.io.ObjectStreamClass::invokeWriteObject@24 (line 1072)
                      ; - java.io.ObjectOutputStream::writeSerialData@119 (line 1529)
                      ; - java.io.ObjectOutputStream::writeOrdinaryObject@158 (line 1451)
                      ; - java.io.ObjectOutputStream::writeObject0@506 (line 1194)
                      ;   {static_call}
  0x0000000118e9bcd8: aaa2 aa97 

  0x0000000118e9bcdc: ;   {other}
  0x0000000118e9bcdc: 1f20 03d5 | 9fe9 88f2 | 1f80 8ff2 | ef0f 40f9 | ee03 1daa | ed2f 40f9 | ef0f 00f9 | e103 0eaa 
  0x0000000118e9bcfc: e203 0daa | e313 40f9 | e423 40f9 

  0x0000000118e9bd08: ; ImmutableOopMap {[0]=Oop [12]=NarrowOop [16]=Oop [24]=Oop [32]=Oop [48]=Oop [72]=NarrowOop [80]=Oop }
                      ;*invokevirtual invokeBasic {reexecute=0 rethrow=0 return_oop=1}
                      ; - java.lang.invoke.LambdaForm$MH/0x0000000301002800::invokeExact_MT@22
                      ; - jdk.internal.reflect.DirectMethodHandleAccessor::invokeImpl@136 (line 178)
                      ; - jdk.internal.reflect.DirectMethodHandleAccessor::invoke@24 (line 130)
                      ; - java.lang.reflect.Method::invoke@90 (line 580)
                      ; - java.io.ObjectStreamClass::invokeWriteObject@24 (line 1072)
                      ; - java.io.ObjectOutputStream::writeSerialData@119 (line 1529)
                      ; - java.io.ObjectOutputStream::writeOrdinaryObject@158 (line 1451)
                      ; - java.io.ObjectOutputStream::writeObject0@506 (line 1194)
                      ;   {optimized virtual_call}
  0x0000000118e9bd08: 1ea1 aa97 

  0x0000000118e9bd0c: ;   {other}
  0x0000000118e9bd0c: 1f20 03d5 | 9fef 88f2 | 1fa0 8ff2 | 63f7 ff17 | f103 1f2a | ec03 1f2a | c0f5 ff17 | e40f 00b9 
  0x0000000118e9bd2c: f64f 01a9 | f11f 02a9 | fd03 40f9 | 6103 8012 

  0x0000000118e9bd3c: ; ImmutableOopMap {rfp=Oop [16]=Oop [24]=Oop [32]=Oop [40]=Oop }
                      ;*aaload {reexecute=0 rethrow=0 return_oop=0}
                      ; - java.io.ObjectOutputStream$HandleTable::lookup@37 (line 2319)
                      ; - java.io.ObjectOutputStream::writeClassDesc@20 (line 1242)
                      ; - java.io.ObjectOutputStream::writeOrdinaryObject@94 (line 1443)
                      ; - java.io.ObjectOutputStream::writeObject0@506 (line 1194)
                      ;   {runtime_call UncommonTrapBlob}
  0x0000000118e9bd3c: 91bc aa97 

  0x0000000118e9bd40: ;   {other}
  0x0000000118e9bd40: 1f20 03d5 | 1ff6 88f2 | 1fc0 8ff2 | e40f 00b9 | f64f 01a9 | f153 02a9 | fd03 40f9 | 6103 8012 
  0x0000000118e9bd60: ; ImmutableOopMap {rfp=Oop [16]=Oop [24]=Oop [32]=Oop [40]=Oop }
                      ;*iaload {reexecute=0 rethrow=0 return_oop=0}
                      ; - java.io.ObjectOutputStream$HandleTable::lookup@49 (line 2318)
                      ; - java.io.ObjectOutputStream::writeClassDesc@20 (line 1242)
                      ; - java.io.ObjectOutputStream::writeOrdinaryObject@94 (line 1443)
                      ; - java.io.ObjectOutputStream::writeObject0@506 (line 1194)
                      ;   {runtime_call UncommonTrapBlob}
  0x0000000118e9bd60: 88bc aa97 

  0x0000000118e9bd64: ;   {other}
  0x0000000118e9bd64: 1f20 03d5 | 9ffa 88f2 | 1fe0 8ff2 | ed0f 00b9 | f60b 00f9 | ee13 00f9 | fd03 40f9 | 6103 8012 
  0x0000000118e9bd84: ; ImmutableOopMap {rfp=Oop [16]=Oop [32]=Oop [48]=Oop }
                      ;*bastore {reexecute=0 rethrow=0 return_oop=0}
                      ; - java.io.ObjectOutputStream$BlockDataOutputStream::writeByte@31 (line 1939)
                      ; - java.io.ObjectOutputStream::writeOrdinaryObject@88 (line 1442)
                      ; - java.io.ObjectOutputStream::writeObject0@506 (line 1194)
                      ;   {runtime_call UncommonTrapBlob}
  0x0000000118e9bd84: 7fbc aa97 

  0x0000000118e9bd88: ;   {other}
  0x0000000118e9bd88: 1f20 03d5 | 1fff 88f2 | 1f00 90f2 | ec0f 00b9 | f64f 01a9 | ea47 02a9 | ef33 00b9 | fd03 40f9 
  0x0000000118e9bda8: 6103 8012 

  0x0000000118e9bdac: ; ImmutableOopMap {rfp=Oop [16]=Oop [24]=Oop [32]=Oop [40]=Oop }
                      ;*aastore {reexecute=1 rethrow=0 return_oop=0}
                      ; - (reexecute) java.io.ObjectOutputStream$HandleTable::insert@18 (line 2348)
                      ; - java.io.ObjectOutputStream$HandleTable::assign@37 (line 2305)
                      ; - java.io.ObjectOutputStream::writeOrdinaryObject@110 (line 1444)
                      ; - java.io.ObjectOutputStream::writeObject0@506 (line 1194)
                      ;   {runtime_call UncommonTrapBlob}
  0x0000000118e9bdac: 75bc aa97 

  0x0000000118e9bdb0: ;   {other}
  0x0000000118e9bdb0: 1f20 03d5 | 1f04 89f2 | 1f20 90f2 | ec0f 00b9 | f64f 01a9 | ea13 00f9 | ef2b 00b9 | f103 03a9 
  0x0000000118e9bdd0: fd03 40f9 | 6103 8012 

  0x0000000118e9bdd8: ; ImmutableOopMap {rfp=Oop [16]=Oop [24]=Oop [32]=Oop [48]=Oop [56]=Oop }
                      ;*iaload {reexecute=0 rethrow=0 return_oop=0}
                      ; - java.io.ObjectOutputStream$HandleTable::insert@29 (line 2349)
                      ; - java.io.ObjectOutputStream$HandleTable::assign@37 (line 2305)
                      ; - java.io.ObjectOutputStream::writeOrdinaryObject@110 (line 1444)
                      ; - java.io.ObjectOutputStream::writeObject0@506 (line 1194)
                      ;   {runtime_call UncommonTrapBlob}
  0x0000000118e9bdd8: 6abc aa97 

  0x0000000118e9bddc: ;   {other}
  0x0000000118e9bddc: 1f20 03d5 | 9f09 89f2 | 1f40 90f2 | ec0f 00b9 | f64f 01a9 | ea13 00f9 | ef2b 00b9 | e01b 00f9 
  0x0000000118e9bdfc: 6103 8012 

  0x0000000118e9be00: ; ImmutableOopMap {[0]=Oop [16]=Oop [24]=Oop [32]=Oop [48]=Oop }
                      ;*iastore {reexecute=0 rethrow=0 return_oop=0}
                      ; - java.io.ObjectOutputStream$HandleTable::insert@30 (line 2349)
                      ; - java.io.ObjectOutputStream$HandleTable::assign@37 (line 2305)
                      ; - java.io.ObjectOutputStream::writeOrdinaryObject@110 (line 1444)
                      ; - java.io.ObjectOutputStream::writeObject0@506 (line 1194)
                      ;   {runtime_call UncommonTrapBlob}
  0x0000000118e9be00: 60bc aa97 

  0x0000000118e9be04: ;   {other}
  0x0000000118e9be04: 1f20 03d5 | 9f0e 89f2 | 1f60 90f2 | f00f 00b9 | f64f 01a9 | fd03 40f9 | 210f 8012 

  0x0000000118e9be20: ; ImmutableOopMap {rfp=Oop [16]=Oop [24]=Oop }
                      ;*irem {reexecute=0 rethrow=0 return_oop=0}
                      ; - java.io.ObjectOutputStream$HandleTable::insert@10 (line 2347)
                      ; - java.io.ObjectOutputStream$HandleTable::assign@37 (line 2305)
                      ; - java.io.ObjectOutputStream::writeOrdinaryObject@110 (line 1444)
                      ; - java.io.ObjectOutputStream::writeObject0@506 (line 1194)
                      ;   {runtime_call UncommonTrapBlob}
  0x0000000118e9be20: 58bc aa97 

  0x0000000118e9be24: ;   {other}
  0x0000000118e9be24: 1f20 03d5 | 9f12 89f2 | 1f80 90f2 | ec0f 00b9 | f64f 01a9 | ea47 02a9 | ef33 00b9 | fd03 40f9 
  0x0000000118e9be44: 2105 8012 

  0x0000000118e9be48: ; ImmutableOopMap {rfp=Oop [16]=Oop [24]=Oop [32]=Oop [40]=Oop }
                      ;*aastore {reexecute=1 rethrow=0 return_oop=0}
                      ; - (reexecute) java.io.ObjectOutputStream$HandleTable::insert@18 (line 2348)
                      ; - java.io.ObjectOutputStream$HandleTable::assign@37 (line 2305)
                      ; - java.io.ObjectOutputStream::writeOrdinaryObject@110 (line 1444)
                      ; - java.io.ObjectOutputStream::writeObject0@506 (line 1194)
                      ;   {runtime_call UncommonTrapBlob}
  0x0000000118e9be48: 4ebc aa97 

  0x0000000118e9be4c: ;   {other}
  0x0000000118e9be4c: 1f20 03d5 | 9f17 89f2 | 1fa0 90f2 | f64f 01a9 | 210f 8012 

  0x0000000118e9be60: ; ImmutableOopMap {[0]=Oop [16]=Oop [24]=Oop }
                      ;*irem {reexecute=0 rethrow=0 return_oop=0}
                      ; - java.io.ObjectOutputStream$HandleTable::lookup@19 (line 2317)
                      ; - java.io.ObjectOutputStream::writeClassDesc@20 (line 1242)
                      ; - java.io.ObjectOutputStream::writeOrdinaryObject@94 (line 1443)
                      ; - java.io.ObjectOutputStream::writeObject0@506 (line 1194)
                      ;   {runtime_call UncommonTrapBlob}
  0x0000000118e9be60: 48bc aa97 

  0x0000000118e9be64: ;   {other}
  0x0000000118e9be64: 1f20 03d5 | 9f1a 89f2 | 1fc0 90f2 | e16b 40b9 

  0x0000000118e9be74: ; ImmutableOopMap {[0]=Oop [16]=Oop [32]=Oop [48]=Oop [64]=Oop [72]=NarrowOop [80]=Oop [88]=Oop [96]=Oop [112]=Oop [120]=Oop [128]=Oop [140]=NarrowOop }
                      ;*invokestatic isProtected {reexecute=0 rethrow=0 return_oop=0}
                      ; - jdk.internal.reflect.Reflection::verifyMemberAccess@93 (line 178)
                      ; - java.lang.reflect.AccessibleObject::slowVerifyAccess@16 (line 755)
                      ; - java.lang.reflect.AccessibleObject::verifyAccess@51 (line 741)
                      ; - java.lang.reflect.AccessibleObject::checkAccess@6 (line 713)
                      ; - java.lang.reflect.Method::invoke@60 (line 571)
                      ; - java.io.ObjectStreamClass::invokeWriteObject@24 (line 1072)
                      ; - java.io.ObjectOutputStream::writeSerialData@119 (line 1529)
                      ; - java.io.ObjectOutputStream::writeOrdinaryObject@158 (line 1451)
                      ; - java.io.ObjectOutputStream::writeObject0@506 (line 1194)
                      ;   {static_call}
  0x0000000118e9be74: 43a2 aa97 

  0x0000000118e9be78: ;   {other}
  0x0000000118e9be78: 1f20 03d5 | 1f1d 89f2 | 1fe0 90f2 | 80dc ff34 | e133 40f9 | e23b 40f9 

  0x0000000118e9be90: ; ImmutableOopMap {[0]=Oop [16]=Oop [32]=Oop [48]=Oop [64]=Oop [72]=NarrowOop [80]=Oop [88]=Oop [96]=Oop [112]=Oop [120]=Oop [128]=Oop [140]=NarrowOop }
                      ;*invokestatic isSubclassOf {reexecute=0 rethrow=0 return_oop=0}
                      ; - jdk.internal.reflect.Reflection::verifyMemberAccess@101 (line 180)
                      ; - java.lang.reflect.AccessibleObject::slowVerifyAccess@16 (line 755)
                      ; - java.lang.reflect.AccessibleObject::verifyAccess@51 (line 741)
                      ; - java.lang.reflect.AccessibleObject::checkAccess@6 (line 713)
                      ; - java.lang.reflect.Method::invoke@60 (line 571)
                      ; - java.io.ObjectStreamClass::invokeWriteObject@24 (line 1072)
                      ; - java.io.ObjectOutputStream::writeSerialData@119 (line 1529)
                      ; - java.io.ObjectOutputStream::writeOrdinaryObject@158 (line 1451)
                      ; - java.io.ObjectOutputStream::writeObject0@506 (line 1194)
                      ;   {static_call}
  0x0000000118e9be90: 3ca2 aa97 

  0x0000000118e9be94: ;   {other}
  0x0000000118e9be94: 1f20 03d5 | 9f20 89f2 | 1f00 91f2 | a0db ff34 | ea8b 40b9 | fa43 40f9 | 7a39 00b4 | fa0f 00f9 
  0x0000000118e9beb4: ea83 00b9 | e16b 40b9 

  0x0000000118e9bebc: ; ImmutableOopMap {[0]=Oop [16]=Oop [24]=Oop [32]=Oop [48]=Oop [64]=Oop [72]=NarrowOop [80]=Oop [88]=Oop [96]=Oop [112]=Oop [120]=Oop [140]=NarrowOop }
                      ;*invokestatic isProtected {reexecute=0 rethrow=0 return_oop=0}
                      ; - jdk.internal.reflect.Reflection::verifyMemberAccess@157 (line 203)
                      ; - java.lang.reflect.AccessibleObject::slowVerifyAccess@16 (line 755)
                      ; - java.lang.reflect.AccessibleObject::verifyAccess@51 (line 741)
                      ; - java.lang.reflect.AccessibleObject::checkAccess@6 (line 713)
                      ; - java.lang.reflect.Method::invoke@60 (line 571)
                      ; - java.io.ObjectStreamClass::invokeWriteObject@24 (line 1072)
                      ; - java.io.ObjectOutputStream::writeSerialData@119 (line 1529)
                      ; - java.io.ObjectOutputStream::writeOrdinaryObject@158 (line 1451)
                      ; - java.io.ObjectOutputStream::writeObject0@506 (line 1194)
                      ;   {static_call}
  0x0000000118e9bebc: 31a2 aa97 

  0x0000000118e9bec0: ;   {other}
  0x0000000118e9bec0: 1f20 03d5 | 1f26 89f2 | 1f20 91f2 | 203d 0034 | fa0f 40f9 | ef33 40f9 | 5f03 0feb | 8000 0054 
  0x0000000118e9bee0: eb83 40b9 | cb3c 0034 | 3d3e 0034 | e80b 40f9 | e80f 00f9 | f65f 42a9 | f81b 40f9 | f54f 4729 
  0x0000000118e9bf00: ee23 40f9 | fb37 4929 | f933 45a9 | eb47 4d29 | f003 47a9 | 20f6 ff17 | f30f 00b9 | f663 01a9 
  0x0000000118e9bf20: fa13 00f9 | 4117 8012 

  0x0000000118e9bf28: ; ImmutableOopMap {[0]=Oop [16]=Oop [24]=Oop [32]=Oop }
                      ;*ifne {reexecute=1 rethrow=0 return_oop=0}
                      ; - (reexecute) java.io.ObjectStreamClass::requireInitialized@4 (line 769)
                      ; - java.io.ObjectStreamClass::hasWriteObjectMethod@1 (line 959)
                      ; - java.io.ObjectOutputStream::writeSerialData@26 (line 1516)
                      ; - java.io.ObjectOutputStream::writeOrdinaryObject@158 (line 1451)
                      ; - java.io.ObjectOutputStream::writeObject0@506 (line 1194)
                      ;   {runtime_call UncommonTrapBlob}
  0x0000000118e9bf28: 16bc aa97 

  0x0000000118e9bf2c: ;   {other}
  0x0000000118e9bf2c: 1f20 03d5 | 9f33 89f2 | 1f40 91f2 | f50f 00b9 | f663 01a9 | fd03 40f9 | 2111 8012 

  0x0000000118e9bf48: ; ImmutableOopMap {rfp=Oop [16]=Oop [24]=Oop }
                      ;*if_icmpge {reexecute=1 rethrow=0 return_oop=0}
                      ; - (reexecute) java.io.ObjectOutputStream::writeSerialData@12 (line 1514)
                      ; - java.io.ObjectOutputStream::writeOrdinaryObject@158 (line 1451)
                      ; - java.io.ObjectOutputStream::writeObject0@506 (line 1194)
                      ;   {runtime_call UncommonTrapBlob}
  0x0000000118e9bf48: 0ebc aa97 

  0x0000000118e9bf4c: ;   {other}
  0x0000000118e9bf4c: 1f20 03d5 | 9f37 89f2 | 1f60 91f2 | f377 01a9 | fd03 40f9 | 2101 8012 

  0x0000000118e9bf64: ; ImmutableOopMap {rfp=Oop [16]=Oop [24]=Oop [40]=Oop }
                      ;*invokevirtual lock {reexecute=0 rethrow=0 return_oop=0}
                      ; - java.lang.ref.ReferenceQueue::poll@13 (line 182)
                      ; - java.io.ClassCache::processQueue@4 (line 111)
                      ; - java.io.ClassCache::get@1 (line 82)
                      ; - java.io.ObjectStreamClass::lookup@19 (line 364)
                      ; - java.io.ObjectOutputStream::writeObject0@185 (line 1150)
                      ;   {runtime_call UncommonTrapBlob}
  0x0000000118e9bf64: 07bc aa97 

  0x0000000118e9bf68: ;   {other}
  0x0000000118e9bf68: 1f20 03d5 | 1f3b 89f2 | 1f80 91f2 | 2101 8012 

  0x0000000118e9bf78: ; ImmutableOopMap {[0]=Oop [16]=Oop [24]=Oop [40]=Oop }
                      ;*invokevirtual unlock {reexecute=0 rethrow=0 return_oop=0}
                      ; - java.lang.ref.ReferenceQueue::poll@25 (line 186)
                      ; - java.io.ClassCache::processQueue@4 (line 111)
                      ; - java.io.ClassCache::get@1 (line 82)
                      ; - java.io.ObjectStreamClass::lookup@19 (line 364)
                      ; - java.io.ObjectOutputStream::writeObject0@185 (line 1150)
                      ;   {runtime_call UncommonTrapBlob}
  0x0000000118e9bf78: 02bc aa97 

  0x0000000118e9bf7c: ;   {other}
  0x0000000118e9bf7c: 1f20 03d5 | 9f3d 89f2 | 1fa0 91f2 | ef23 00b9 | ec0f 00b9 | ea0b 00f9 | e103 1caa | c900 0010 
  0x0000000118e9bf9c: 89d7 01f9 

  0x0000000118e9bfa0: ;   {runtime_call G1BarrierSetRuntime::write_ref_field_pre_entry(oopDesc*, JavaThread*)}
  0x0000000118e9bfa0: 887b 94d2 | e8de a0f2 | 2800 c0f2 | 0001 3fd6 

  0x0000000118e9bfb0: ;   {other}
  0x0000000118e9bfb0: 1f20 03d5 | 1f00 80f2 | 1f00 80f2 | fb03 13aa | fd03 17aa | f303 1baa | f703 1daa | ec0f 40b9 
  0x0000000118e9bfd0: ea0b 40f9 | ef23 40b9 | c9f3 ff17 | f60b 00f9 | 4117 8012 

  0x0000000118e9bfe4: ; ImmutableOopMap {[0]=Oop [16]=Oop [48]=Oop }
                      ;*ifne {reexecute=1 rethrow=0 return_oop=0}
                      ; - (reexecute) java.io.ObjectStreamClass::requireInitialized@4 (line 769)
                      ; - java.io.ObjectStreamClass::checkSerialize@1 (line 802)
                      ; - java.io.ObjectOutputStream::writeOrdinaryObject@79 (line 1440)
                      ; - java.io.ObjectOutputStream::writeObject0@506 (line 1194)
                      ;   {runtime_call UncommonTrapBlob}
  0x0000000118e9bfe4: e7bb aa97 

  0x0000000118e9bfe8: ;   {other}
  0x0000000118e9bfe8: 1f20 03d5 | 1f4b 89f2 | 1fc0 91f2 | f60b 00f9 | 4117 8012 

  0x0000000118e9bffc: ; ImmutableOopMap {rfp=Oop [0]=Oop [16]=Oop [48]=Oop }
                      ;*ifnull {reexecute=1 rethrow=0 return_oop=0}
                      ; - (reexecute) java.io.ObjectStreamClass::checkSerialize@8 (line 803)
                      ; - java.io.ObjectOutputStream::writeOrdinaryObject@79 (line 1440)
                      ; - java.io.ObjectOutputStream::writeObject0@506 (line 1194)
                      ;   {runtime_call UncommonTrapBlob}
  0x0000000118e9bffc: e1bb aa97 

  0x0000000118e9c000: ;   {other}
  0x0000000118e9c000: 1f20 03d5 | 1f4e 89f2 | 1fe0 91f2 | ed0f 00b9 | f60b 00f9 | ec13 00f9 | fd03 40f9 | 4117 8012 
  0x0000000118e9c020: ; ImmutableOopMap {rfp=Oop [16]=Oop [32]=Oop [48]=Oop }
                      ;*if_icmplt {reexecute=1 rethrow=0 return_oop=0}
                      ; - (reexecute) java.io.ObjectOutputStream$BlockDataOutputStream::writeByte@7 (line 1936)
                      ; - java.io.ObjectOutputStream::writeOrdinaryObject@88 (line 1442)
                      ; - java.io.ObjectOutputStream::writeObject0@506 (line 1194)
                      ;   {runtime_call UncommonTrapBlob}
  0x0000000118e9c020: d8bb aa97 

  0x0000000118e9c024: ;   {other}
  0x0000000118e9c024: 1f20 03d5 | 9f52 89f2 | 1f00 92f2 | f64f 01a9 | 4117 8012 

  0x0000000118e9c038: ; ImmutableOopMap {[0]=Oop [16]=Oop [24]=Oop }
                      ;*ifne {reexecute=1 rethrow=0 return_oop=0}
                      ; - (reexecute) java.io.ObjectStreamClass::requireInitialized@4 (line 769)
                      ; - java.io.ObjectStreamClass::isRecord@1 (line 900)
                      ; - java.io.ObjectOutputStream::writeOrdinaryObject@115 (line 1446)
                      ; - java.io.ObjectOutputStream::writeObject0@506 (line 1194)
                      ;   {runtime_call UncommonTrapBlob}
  0x0000000118e9c038: d2bb aa97 

  0x0000000118e9c03c: ;   {other}
  0x0000000118e9c03c: 1f20 03d5 | 9f55 89f2 | 1f20 92f2 | f64f 01a9 | 4117 8012 

  0x0000000118e9c050: ; ImmutableOopMap {[0]=Oop [16]=Oop [24]=Oop }
                      ;*ifeq {reexecute=1 rethrow=0 return_oop=0}
                      ; - (reexecute) java.io.ObjectOutputStream::writeOrdinaryObject@118 (line 1446)
                      ; - java.io.ObjectOutputStream::writeObject0@506 (line 1194)
                      ;   {runtime_call UncommonTrapBlob}
  0x0000000118e9c050: ccbb aa97 

  0x0000000118e9c054: ;   {other}
  0x0000000118e9c054: 1f20 03d5 | 9f58 89f2 | 1f40 92f2 | f64f 01a9 | 4117 8012 

  0x0000000118e9c068: ; ImmutableOopMap {[0]=Oop [16]=Oop [24]=Oop }
                      ;*ifeq {reexecute=1 rethrow=0 return_oop=0}
                      ; - (reexecute) java.io.ObjectOutputStream::writeOrdinaryObject@134 (line 1448)
                      ; - java.io.ObjectOutputStream::writeObject0@506 (line 1194)
                      ;   {runtime_call UncommonTrapBlob}
  0x0000000118e9c068: c6bb aa97 

  0x0000000118e9c06c: ;   {other}
  0x0000000118e9c06c: 1f20 03d5 | 9f5b 89f2 | 1f60 92f2 | f35b 01a9 | fd03 0aaa | 2101 8012 

  0x0000000118e9c084: ; ImmutableOopMap {rfp=Oop [16]=Oop [24]=Oop [48]=Oop [56]=Oop }
                      ;*invokevirtual assign {reexecute=0 rethrow=0 return_oop=0}
                      ; - java.io.ObjectOutputStream::writeObject0@287 (line 1170)
                      ;   {runtime_call UncommonTrapBlob}
  0x0000000118e9c084: bfbb aa97 

  0x0000000118e9c088: ;   {other}
  0x0000000118e9c088: 1f20 03d5 | 1f5f 89f2 | 1f80 92f2 | fd03 0baa | 2101 8012 

  0x0000000118e9c09c: ; ImmutableOopMap {rfp=Oop [16]=Oop [48]=Oop [56]=Oop }
                      ;*invokevirtual lookup {reexecute=0 rethrow=0 return_oop=0}
                      ; - java.io.ObjectOutputStream::writeObject0@327 (line 1174)
                      ;   {runtime_call UncommonTrapBlob}
  0x0000000118e9c09c: b9bb aa97 

  0x0000000118e9c0a0: ;   {other}
  0x0000000118e9c0a0: 1f20 03d5 | 1f62 89f2 | 1fa0 92f2 | 4117 8012 

  0x0000000118e9c0b0: ; ImmutableOopMap {[0]=Oop [16]=Oop }
                      ;*ifeq {reexecute=1 rethrow=0 return_oop=0}
                      ; - (reexecute) java.io.ObjectOutputStream::writeObject0@367 (line 1177)
                      ;   {runtime_call UncommonTrapBlob}
  0x0000000118e9c0b0: b4bb aa97 

  0x0000000118e9c0b4: ;   {other}
  0x0000000118e9c0b4: 1f20 03d5 | 9f64 89f2 | 1fc0 92f2 | 4117 8012 

  0x0000000118e9c0c4: ; ImmutableOopMap {[0]=Oop [16]=Oop }
                      ;*ifeq {reexecute=1 rethrow=0 return_oop=0}
                      ; - (reexecute) java.io.ObjectOutputStream::writeObject0@403 (line 1180)
                      ;   {runtime_call UncommonTrapBlob}
  0x0000000118e9c0c4: afbb aa97 

  0x0000000118e9c0c8: ;   {other}
  0x0000000118e9c0c8: 1f20 03d5 | 1f67 89f2 | 1fe0 92f2 | ee0f 00f9 | fd03 0daa | 4117 8012 

  0x0000000118e9c0e0: ; ImmutableOopMap {rfp=Oop [0]=Oop [16]=Oop [24]=Oop }
                      ;*ifnull {reexecute=1 rethrow=0 return_oop=0}
                      ; - (reexecute) java.io.ClassCache::get@39 (line 99)
                      ; - java.io.ObjectStreamClass::lookup@19 (line 364)
                      ; - java.io.ObjectOutputStream::writeObject0@185 (line 1150)
                      ;   {runtime_call UncommonTrapBlob}
  0x0000000118e9c0e0: a8bb aa97 

  0x0000000118e9c0e4: ;   {other}
  0x0000000118e9c0e4: 1f20 03d5 | 9f6a 89f2 | 1f00 93f2 | e0bb 01a9 | 2104 8012 

  0x0000000118e9c0f8: ; ImmutableOopMap {rfp=Oop [0]=Oop [16]=Oop [24]=Oop [32]=Oop }
                      ;*invokevirtual poll {reexecute=0 rethrow=0 return_oop=0}
                      ; - java.io.ClassCache::processQueue@4 (line 111)
                      ; - java.io.ClassCache::get@1 (line 82)
                      ; - java.io.ObjectStreamClass::lookup@19 (line 364)
                      ; - java.io.ObjectOutputStream::writeObject0@185 (line 1150)
                      ;   {runtime_call UncommonTrapBlob}
  0x0000000118e9c0f8: a2bb aa97 

  0x0000000118e9c0fc: ;   {other}
  0x0000000118e9c0fc: 1f20 03d5 | 9f6d 89f2 | 1f20 93f2 | edbb 01a9 | f0c7 02a9 | 6103 8012 

  0x0000000118e9c114: ; ImmutableOopMap {[0]=Oop [16]=Oop [24]=Oop [32]=Oop [40]=Oop [48]=Oop }
                      ;*aaload {reexecute=0 rethrow=0 return_oop=0}
                      ; - java.lang.ClassValue$ClassValueMap::loadFromCache@7 (line 548)
                      ; - java.lang.ClassValue$ClassValueMap::probeHomeLocation@6 (line 554)
                      ; - java.lang.ClassValue::get@7 (line 104)
                      ; - java.io.ClassCache::get@9 (line 84)
                      ; - java.io.ObjectStreamClass::lookup@19 (line 364)
                      ; - java.io.ObjectOutputStream::writeObject0@185 (line 1150)
                      ;   {runtime_call UncommonTrapBlob}
  0x0000000118e9c114: 9bbb aa97 

  0x0000000118e9c118: ;   {other}
  0x0000000118e9c118: 1f20 03d5 | 1f71 89f2 | 1f40 93f2 | ee0f 00f9 | fd03 0daa | 2101 8012 

  0x0000000118e9c130: ; ImmutableOopMap {rfp=Oop [0]=Oop [16]=Oop [24]=Oop }
                      ;*arraylength {reexecute=0 rethrow=0 return_oop=0}
                      ; - java.lang.ClassValue$ClassValueMap::loadFromCache@3 (line 548)
                      ; - java.lang.ClassValue$ClassValueMap::probeHomeLocation@6 (line 554)
                      ; - java.lang.ClassValue::get@7 (line 104)
                      ; - java.io.ClassCache::get@9 (line 84)
                      ; - java.io.ObjectStreamClass::lookup@19 (line 364)
                      ; - java.io.ObjectOutputStream::writeObject0@185 (line 1150)
                      ;   {runtime_call UncommonTrapBlob}
  0x0000000118e9c130: 94bb aa97 

  0x0000000118e9c134: ;   {other}
  0x0000000118e9c134: 1f20 03d5 | 9f74 89f2 | 1f60 93f2 | f30f 00b9 | f663 01a9 | fa13 00f9 | 6102 8012 

  0x0000000118e9c150: ; ImmutableOopMap {rfp=Oop [0]=Oop [16]=Oop [24]=Oop [32]=Oop }
                      ;*astore {reexecute=0 rethrow=0 return_oop=0}
                      ; - java.io.ObjectOutputStream::writeSerialData@36 (line 1517)
                      ; - java.io.ObjectOutputStream::writeOrdinaryObject@158 (line 1451)
                      ; - java.io.ObjectOutputStream::writeObject0@506 (line 1194)
                      ;   {runtime_call UncommonTrapBlob}
  0x0000000118e9c150: 8cbb aa97 

  0x0000000118e9c154: ;   {other}
  0x0000000118e9c154: 1f20 03d5 | 9f78 89f2 | 1f80 93f2 | f30f 00b9 | f663 01a9 | f933 02a9 | f01b 00f9 | 2104 8012 
  0x0000000118e9c174: ; ImmutableOopMap {[0]=Oop [16]=Oop [24]=Oop [32]=Oop [40]=Oop [48]=Oop }
                      ;*invokeinterface invoke {reexecute=0 rethrow=0 return_oop=0}
                      ; - java.lang.reflect.Method::invoke@102 (line 580)
                      ; - java.io.ObjectStreamClass::invokeWriteObject@24 (line 1072)
                      ; - java.io.ObjectOutputStream::writeSerialData@119 (line 1529)
                      ; - java.io.ObjectOutputStream::writeOrdinaryObject@158 (line 1451)
                      ; - java.io.ObjectOutputStream::writeObject0@506 (line 1194)
                      ;   {runtime_call UncommonTrapBlob}
  0x0000000118e9c174: 83bb aa97 

  0x0000000118e9c178: ;   {other}
  0x0000000118e9c178: 1f20 03d5 | 1f7d 89f2 | 1fa0 93f2 | fd03 40f9 | e80b 40b9 | e80f 0029 | f6cf 00a9 | 4117 8012 
  0x0000000118e9c198: ; ImmutableOopMap {rfp=Oop [8]=Oop [16]=Oop }
                      ;*ifne {reexecute=1 rethrow=0 return_oop=0}
                      ; - (reexecute) java.io.ObjectStreamClass::requireInitialized@4 (line 769)
                      ; - java.io.ObjectStreamClass::isProxy@1 (line 882)
                      ; - java.io.ObjectOutputStream::writeClassDesc@38 (line 1244)
                      ; - java.io.ObjectOutputStream::writeOrdinaryObject@94 (line 1443)
                      ; - java.io.ObjectOutputStream::writeObject0@506 (line 1194)
                      ;   {runtime_call UncommonTrapBlob}
  0x0000000118e9c198: 7abb aa97 

  0x0000000118e9c19c: ;   {other}
  0x0000000118e9c19c: 1f20 03d5 | 9f81 89f2 | 1fc0 93f2 | ef0f 00b9 | 6103 8012 

  0x0000000118e9c1b0: ; ImmutableOopMap {rfp=Oop [0]=Oop [32]=Oop [48]=Oop [80]=Oop }
                      ;*bastore {reexecute=0 rethrow=0 return_oop=0}
                      ; - java.io.ObjectOutputStream$BlockDataOutputStream::writeByte@31 (line 1939)
                      ; - java.io.ObjectOutputStream::writeSerialData@137 (line 1531)
                      ; - java.io.ObjectOutputStream::writeOrdinaryObject@158 (line 1451)
                      ; - java.io.ObjectOutputStream::writeObject0@506 (line 1194)
                      ;   {runtime_call UncommonTrapBlob}
  0x0000000118e9c1b0: 74bb aa97 

  0x0000000118e9c1b4: ;   {other}
  0x0000000118e9c1b4: 1f20 03d5 | 9f84 89f2 | 1fe0 93f2 | 2101 8012 

  0x0000000118e9c1c4: ; ImmutableOopMap {[0]=Oop [32]=Oop [48]=Oop [80]=Oop }
                      ;*invokevirtual setUsed {reexecute=0 rethrow=0 return_oop=0}
                      ; - java.io.ObjectOutputStream::writeSerialData@144 (line 1533)
                      ; - java.io.ObjectOutputStream::writeOrdinaryObject@158 (line 1451)
                      ; - java.io.ObjectOutputStream::writeObject0@506 (line 1194)
                      ;   {runtime_call UncommonTrapBlob}
  0x0000000118e9c1c4: 6fbb aa97 

  0x0000000118e9c1c8: ;   {other}
  0x0000000118e9c1c8: 1f20 03d5 | 1f87 89f2 | 1f00 94f2 | eb03 0032 | ed4b 40f9 | ab45 0039 | f103 1f2a | ec03 1f2a 
  0x0000000118e9c1e8: ea1b 40b9 | ee2f 48a9 | f04f 40f9 | 8cf4 ff17 | e10f 40f9 

  0x0000000118e9c1fc: ; ImmutableOopMap {rfp=Oop [0]=Oop [12]=NarrowOop [16]=Oop [24]=Oop [32]=Oop [48]=Oop [64]=Oop [72]=NarrowOop [80]=Oop [88]=Oop [104]=Oop [112]=Oop [120]=Oop [128]=Oop [136]=Oop [144]=Oop }
                      ;*invokevirtual isNamed {reexecute=0 rethrow=0 return_oop=0}
                      ; - java.lang.Module::allows@38 (line 756)
                      ; - java.lang.Module::isStaticallyExportedOrOpen@60 (line 736)
                      ; - java.lang.Module::implIsExportedOrOpen@70 (line 711)
                      ; - java.lang.Module::isExported@14 (line 593)
                      ; - jdk.internal.reflect.Reflection::verifyModuleAccess@20 (line 249)
                      ; - jdk.internal.reflect.Reflection::verifyMemberAccess@22 (line 146)
                      ; - java.lang.reflect.AccessibleObject::slowVerifyAccess@16 (line 755)
                      ; - java.lang.reflect.AccessibleObject::verifyAccess@51 (line 741)
                      ; - java.lang.reflect.AccessibleObject::checkAccess@6 (line 713)
                      ; - java.lang.reflect.Method::invoke@60 (line 571)
                      ; - java.io.ObjectStreamClass::invokeWriteObject@24 (line 1072)
                      ; - java.io.ObjectOutputStream::writeSerialData@119 (line 1529)
                      ; - java.io.ObjectOutputStream::writeOrdinaryObject@158 (line 1451)
                      ; - java.io.ObjectOutputStream::writeObject0@506 (line 1194)
                      ;   {optimized virtual_call}
  0x0000000118e9c1fc: e19f aa97 

  0x0000000118e9c200: ;   {other}
  0x0000000118e9c200: 1f20 03d5 | 1f8e 89f2 | 1f20 94f2 | 202b 0034 | ef03 1daa | ee0f 40f9 | eb37 48a9 | 40f5 ff17 
  0x0000000118e9c220: e40f 00b9 | f64f 01a9 | ec23 00b9 | ee17 00f9 | fd03 40f9 | 6103 8012 

  0x0000000118e9c238: ; ImmutableOopMap {rfp=Oop [16]=Oop [24]=Oop [40]=Oop }
                      ;*bastore {reexecute=0 rethrow=0 return_oop=0}
                      ; - java.io.ObjectOutputStream$BlockDataOutputStream::writeByte@31 (line 1939)
                      ; - java.io.ObjectOutputStream::writeHandle@6 (line 1220)
                      ; - java.io.ObjectOutputStream::writeClassDesc@31 (line 1243)
                      ; - java.io.ObjectOutputStream::writeOrdinaryObject@94 (line 1443)
                      ; - java.io.ObjectOutputStream::writeObject0@506 (line 1194)
                      ;   {runtime_call UncommonTrapBlob}
  0x0000000118e9c238: 52bb aa97 

  0x0000000118e9c23c: ;   {other}
  0x0000000118e9c23c: 1f20 03d5 | 9f95 89f2 | 1f40 94f2 | ef0f 00b9 | f64f 01a9 | ed3b 02a9 | f133 00b9 | 6103 8012 
  0x0000000118e9c25c: ; ImmutableOopMap {[0]=Oop [16]=Oop [24]=Oop [32]=Oop [40]=Oop }
                      ;*invokestatic checkIndex {reexecute=0 rethrow=0 return_oop=0}
                      ; - java.lang.invoke.VarHandleByteArrayAsInts$ArrayHandle::index@8 (line 101)
                      ; - java.lang.invoke.VarHandleByteArrayAsInts$ArrayHandle::set@20 (line 128)
                      ; - java.lang.invoke.VarHandleGuards::guard_LII_V@50 (line 757)
                      ; - jdk.internal.util.ByteArray::setInt@6 (line 316)
                      ; - java.io.ObjectOutputStream$BlockDataOutputStream::writeInt@21 (line 1962)
                      ; - java.io.ObjectOutputStream::writeHandle@18 (line 1221)
                      ; - java.io.ObjectOutputStream::writeClassDesc@31 (line 1243)
                      ; - java.io.ObjectOutputStream::writeOrdinaryObject@94 (line 1443)
                      ; - java.io.ObjectOutputStream::writeObject0@506 (line 1194)
                      ;   {runtime_call UncommonTrapBlob}
  0x0000000118e9c25c: 49bb aa97 

  0x0000000118e9c260: ;   {other}
  0x0000000118e9c260: 1f20 03d5 | 1f9a 89f2 | 1f60 94f2 | ef0f 00b9 | f64f 01a9 | ed3b 02a9 | f133 00b9 | 6106 8012 
  0x0000000118e9c280: ; ImmutableOopMap {[0]=Oop [16]=Oop [24]=Oop [32]=Oop [40]=Oop }
                      ;*invokestatic checkIndex {reexecute=0 rethrow=0 return_oop=0}
                      ; - java.lang.invoke.VarHandleByteArrayAsInts$ArrayHandle::index@8 (line 101)
                      ; - java.lang.invoke.VarHandleByteArrayAsInts$ArrayHandle::set@20 (line 128)
                      ; - java.lang.invoke.VarHandleGuards::guard_LII_V@50 (line 757)
                      ; - jdk.internal.util.ByteArray::setInt@6 (line 316)
                      ; - java.io.ObjectOutputStream$BlockDataOutputStream::writeInt@21 (line 1962)
                      ; - java.io.ObjectOutputStream::writeHandle@18 (line 1221)
                      ; - java.io.ObjectOutputStream::writeClassDesc@31 (line 1243)
                      ; - java.io.ObjectOutputStream::writeOrdinaryObject@94 (line 1443)
                      ; - java.io.ObjectOutputStream::writeObject0@506 (line 1194)
                      ;   {runtime_call UncommonTrapBlob}
  0x0000000118e9c280: 40bb aa97 

  0x0000000118e9c284: ;   {other}
  0x0000000118e9c284: 1f20 03d5 | 9f9e 89f2 | 1f80 94f2 | fd03 0aaa | 4117 8012 

  0x0000000118e9c298: ; ImmutableOopMap {rfp=Oop [0]=Oop [16]=Oop [40]=Oop }
                      ;*ifnull {reexecute=1 rethrow=0 return_oop=0}
                      ; - (reexecute) java.io.ClassCache::processQueue@9 (line 111)
                      ; - java.io.ClassCache::get@1 (line 82)
                      ; - java.io.ObjectStreamClass::lookup@19 (line 364)
                      ; - java.io.ObjectOutputStream::writeObject0@185 (line 1150)
                      ;   {runtime_call UncommonTrapBlob}
  0x0000000118e9c298: 3abb aa97 

  0x0000000118e9c29c: ;   {other}
  0x0000000118e9c29c: 1f20 03d5 | 9fa1 89f2 | 1fa0 94f2 | f503 0faa | e003 0faa | f403 0eaa | f303 0daa | e103 1caa 
  0x0000000118e9c2bc: c900 0010 | 89d7 01f9 

  0x0000000118e9c2c4: ;   {runtime_call G1BarrierSetRuntime::write_ref_field_pre_entry(oopDesc*, JavaThread*)}
  0x0000000118e9c2c4: 887b 94d2 | e8de a0f2 | 2800 c0f2 | 0001 3fd6 

  0x0000000118e9c2d4: ;   {other}
  0x0000000118e9c2d4: 1f20 03d5 | 1f00 80f2 | 1f00 80f2 | ed03 13aa | ee03 14aa | ef03 15aa | 12f7 ff17 | e103 1caa 
  0x0000000118e9c2f4: c900 0010 | 89d7 01f9 

  0x0000000118e9c2fc: ;   {runtime_call G1BarrierSetRuntime::write_ref_field_pre_entry(oopDesc*, JavaThread*)}
  0x0000000118e9c2fc: 887b 94d2 | e8de a0f2 | 2800 c0f2 | 0001 3fd6 

  0x0000000118e9c30c: ;   {other}
  0x0000000118e9c30c: 1f20 03d5 | 1f00 80f2 | 1f00 80f2 | 20f7 ff17 | e0bb 01a9 | 4117 8012 

  0x0000000118e9c324: ; ImmutableOopMap {rfp=Oop [0]=Oop [16]=Oop [24]=Oop [32]=Oop [40]=Oop }
                      ;*if_acmpne {reexecute=1 rethrow=0 return_oop=0}
                      ; - (reexecute) java.io.ObjectOutputStream::writeObject0@218 (line 1153)
                      ;   {runtime_call UncommonTrapBlob}
  0x0000000118e9c324: 17bb aa97 

  0x0000000118e9c328: ;   {other}
  0x0000000118e9c328: 1f20 03d5 | 1fb3 89f2 | 1fc0 94f2 | edbb 01a9 | ef17 00f9 | 4117 8012 

  0x0000000118e9c340: ; ImmutableOopMap {[0]=Oop [16]=Oop [24]=Oop [32]=Oop [40]=Oop }
                      ;*ifne {reexecute=1 rethrow=0 return_oop=0}
                      ; - (reexecute) java.io.ObjectStreamClass::requireInitialized@4 (line 769)
                      ; - java.io.ObjectStreamClass::hasWriteReplaceMethod@1 (line 988)
                      ; - java.io.ObjectOutputStream::writeObject0@192 (line 1151)
                      ;   {runtime_call UncommonTrapBlob}
  0x0000000118e9c340: 10bb aa97 

  0x0000000118e9c344: ;   {other}
  0x0000000118e9c344: 1f20 03d5 | 9fb6 89f2 | 1fe0 94f2 | fd03 002a | 4117 8012 

  0x0000000118e9c358: ; ImmutableOopMap {[0]=Oop }
                      ;*if_icmpeq {reexecute=1 rethrow=0 return_oop=0}
                      ; - (reexecute) java.io.ObjectOutputStream::writeObject0@334 (line 1174)
                      ;   {runtime_call UncommonTrapBlob}
  0x0000000118e9c358: 0abb aa97 

  0x0000000118e9c35c: ;   {other}
  0x0000000118e9c35c: 1f20 03d5 | 9fb9 89f2 | 1f00 95f2 | f703 11aa | f603 10aa | f503 0eaa | f403 0daa | e103 1caa 
  0x0000000118e9c37c: c900 0010 | 89d7 01f9 

  0x0000000118e9c384: ;   {runtime_call G1BarrierSetRuntime::write_ref_field_pre_entry(oopDesc*, JavaThread*)}
  0x0000000118e9c384: 887b 94d2 | e8de a0f2 | 2800 c0f2 | 0001 3fd6 

  0x0000000118e9c394: ;   {other}
  0x0000000118e9c394: 1f20 03d5 | 1f00 80f2 | 1f00 80f2 | ed03 14aa | ee03 15aa | f003 16aa | f103 17aa | cff6 ff17 
  0x0000000118e9c3b4: e103 1caa | c900 0010 | 89d7 01f9 

  0x0000000118e9c3c0: ;   {runtime_call G1BarrierSetRuntime::write_ref_field_pre_entry(oopDesc*, JavaThread*)}
  0x0000000118e9c3c0: 887b 94d2 | e8de a0f2 | 2800 c0f2 | 0001 3fd6 

  0x0000000118e9c3d0: ;   {other}
  0x0000000118e9c3d0: 1f20 03d5 | 1f00 80f2 | 1f00 80f2 | 0af3 ff17 | ed0b 00f9 | e103 1caa | c900 0010 | 89d7 01f9 
  0x0000000118e9c3f0: ;   {runtime_call G1BarrierSetRuntime::write_ref_field_pre_entry(oopDesc*, JavaThread*)}
  0x0000000118e9c3f0: 887b 94d2 | e8de a0f2 | 2800 c0f2 | 0001 3fd6 

  0x0000000118e9c400: ;   {other}
  0x0000000118e9c400: 1f20 03d5 | 1f00 80f2 | 1f00 80f2 | fb0f 00b9 | fb03 1aaa | fa03 152a | f503 1a2a | fd03 132a 
  0x0000000118e9c420: fa03 1baa | f913 00f9 | f303 1d2a | fb0f 40b9 | ed0b 40f9 | f913 40f9 | 0df3 ff17 | f30f 00b9 
  0x0000000118e9c440: f663 01a9 | fa67 02a9 | 4117 8012 

  0x0000000118e9c44c: ; ImmutableOopMap {[0]=Oop [16]=Oop [24]=Oop [32]=Oop [40]=Oop }
                      ;*ifne {reexecute=1 rethrow=0 return_oop=0}
                      ; - (reexecute) java.io.ObjectStreamClass::requireInitialized@4 (line 769)
                      ; - java.io.ObjectStreamClass::invokeWriteObject@1 (line 1069)
                      ; - java.io.ObjectOutputStream::writeSerialData@119 (line 1529)
                      ; - java.io.ObjectOutputStream::writeOrdinaryObject@158 (line 1451)
                      ; - java.io.ObjectOutputStream::writeObject0@506 (line 1194)
                      ;   {runtime_call UncommonTrapBlob}
  0x0000000118e9c44c: cdba aa97 

  0x0000000118e9c450: ;   {other}
  0x0000000118e9c450: 1f20 03d5 | 1fd8 89f2 | 1f20 95f2 | e103 1caa | c900 0010 | 89d7 01f9 

  0x0000000118e9c468: ;   {runtime_call G1BarrierSetRuntime::write_ref_field_pre_entry(oopDesc*, JavaThread*)}
  0x0000000118e9c468: 887b 94d2 | e8de a0f2 | 2800 c0f2 | 0001 3fd6 

  0x0000000118e9c478: ;   {other}
  0x0000000118e9c478: 1f20 03d5 | 1f00 80f2 | 1f00 80f2 | c1f5 ff17 | e103 1caa | c900 0010 | 89d7 01f9 

  0x0000000118e9c494: ;   {runtime_call G1BarrierSetRuntime::write_ref_field_pre_entry(oopDesc*, JavaThread*)}
  0x0000000118e9c494: 887b 94d2 | e8de a0f2 | 2800 c0f2 | 0001 3fd6 

  0x0000000118e9c4a4: ;   {other}
  0x0000000118e9c4a4: 1f20 03d5 | 1f00 80f2 | 1f00 80f2 | cbf5 ff17 | e103 1caa | c900 0010 | 89d7 01f9 

  0x0000000118e9c4c0: ;   {runtime_call G1BarrierSetRuntime::write_ref_field_pre_entry(oopDesc*, JavaThread*)}
  0x0000000118e9c4c0: 887b 94d2 | e8de a0f2 | 2800 c0f2 | 0001 3fd6 

  0x0000000118e9c4d0: ;   {other}
  0x0000000118e9c4d0: 1f20 03d5 | 1f00 80f2 | 1f00 80f2 | a9f5 ff17 | f30f 00b9 | f663 01a9 | f933 02a9 | ed1b 00f9 
  0x0000000118e9c4f0: 4117 8012 

  0x0000000118e9c4f4: ; ImmutableOopMap {[0]=Oop [16]=Oop [24]=Oop [32]=Oop [40]=Oop [48]=Oop }
                      ;*if_icmpeq {reexecute=1 rethrow=0 return_oop=0}
                      ; - (reexecute) jdk.internal.reflect.DirectMethodHandleAccessor::checkArgumentCount@13 (line 328)
                      ; - jdk.internal.reflect.DirectMethodHandleAccessor::invoke@17 (line 101)
                      ; - java.lang.reflect.Method::invoke@102 (line 580)
                      ; - java.io.ObjectStreamClass::invokeWriteObject@24 (line 1072)
                      ; - java.io.ObjectOutputStream::writeSerialData@119 (line 1529)
                      ; - java.io.ObjectOutputStream::writeOrdinaryObject@158 (line 1451)
                      ; - java.io.ObjectOutputStream::writeObject0@506 (line 1194)
                      ;   {runtime_call UncommonTrapBlob}
  0x0000000118e9c4f4: a3ba aa97 

  0x0000000118e9c4f8: ;   {other}
  0x0000000118e9c4f8: 1f20 03d5 | 1fed 89f2 | 1f40 95f2 | ef0f 00b9 | ed0b 00f9 | 4117 8012 

  0x0000000118e9c510: ; ImmutableOopMap {[0]=Oop [16]=Oop [32]=Oop [48]=Oop [80]=Oop }
                      ;*if_icmplt {reexecute=1 rethrow=0 return_oop=0}
                      ; - (reexecute) java.io.ObjectOutputStream$BlockDataOutputStream::writeByte@7 (line 1936)
                      ; - java.io.ObjectOutputStream::writeSerialData@137 (line 1531)
                      ; - java.io.ObjectOutputStream::writeOrdinaryObject@158 (line 1451)
                      ; - java.io.ObjectOutputStream::writeObject0@506 (line 1194)
                      ;   {runtime_call UncommonTrapBlob}
  0x0000000118e9c510: 9cba aa97 

  0x0000000118e9c514: ;   {other}
  0x0000000118e9c514: 1f20 03d5 | 9ff0 89f2 | 1f60 95f2 | f30f 00b9 | f663 01a9 | f93b 02a9 | ec1b 00f9 | ed3b 00b9 
  0x0000000118e9c534: 4117 8012 

  0x0000000118e9c538: ; ImmutableOopMap {[0]=Oop [16]=Oop [24]=Oop [32]=Oop [40]=Oop [48]=Oop }
                      ;*ifeq {reexecute=1 rethrow=0 return_oop=0}
                      ; - (reexecute) java.lang.reflect.Method::invoke@16 (line 563)
                      ; - java.io.ObjectStreamClass::invokeWriteObject@24 (line 1072)
                      ; - java.io.ObjectOutputStream::writeSerialData@119 (line 1529)
                      ; - java.io.ObjectOutputStream::writeOrdinaryObject@158 (line 1451)
                      ; - java.io.ObjectOutputStream::writeObject0@506 (line 1194)
                      ;   {runtime_call UncommonTrapBlob}
  0x0000000118e9c538: 92ba aa97 

  0x0000000118e9c53c: ;   {other}
  0x0000000118e9c53c: 1f20 03d5 | 9ff5 89f2 | 1f80 95f2 | f30f 00b9 | f663 01a9 | f937 02a9 | ef1b 00f9 | 7df1 7dd3 
  0x0000000118e9c55c: 4117 8012 

  0x0000000118e9c560: ; ImmutableOopMap {rfp=Oop [0]=Oop [16]=Oop [24]=Oop [32]=Oop [40]=Oop [48]=Oop }
                      ;*if_acmpeq {reexecute=1 rethrow=0 return_oop=0}
                      ; - (reexecute) java.lang.invoke.Invokers::checkExactType@7 (line 530)
                      ; - java.lang.invoke.Invokers$Holder::invokeExact_MT@10
                      ; - jdk.internal.reflect.DirectMethodHandleAccessor::invokeImpl@41 (line 153)
                      ; - jdk.internal.reflect.DirectMethodHandleAccessor::invoke@23 (line 103)
                      ; - java.lang.reflect.Method::invoke@102 (line 580)
                      ; - java.io.ObjectStreamClass::invokeWriteObject@24 (line 1072)
                      ; - java.io.ObjectOutputStream::writeSerialData@119 (line 1529)
                      ; - java.io.ObjectOutputStream::writeOrdinaryObject@158 (line 1451)
                      ; - java.io.ObjectOutputStream::writeObject0@506 (line 1194)
                      ;   {runtime_call UncommonTrapBlob}
  0x0000000118e9c560: 88ba aa97 

  0x0000000118e9c564: ;   {other}
  0x0000000118e9c564: 1f20 03d5 | 9ffa 89f2 | 1fa0 95f2 | e40f 00b9 | f64f 01a9 | ed13 00f9 | ec2b 00b9 | fd03 40f9 
  0x0000000118e9c584: 4117 8012 

  0x0000000118e9c588: ; ImmutableOopMap {rfp=Oop [16]=Oop [24]=Oop [32]=Oop }
                      ;*if_icmplt {reexecute=1 rethrow=0 return_oop=0}
                      ; - (reexecute) java.io.ObjectOutputStream$BlockDataOutputStream::writeByte@7 (line 1936)
                      ; - java.io.ObjectOutputStream::writeHandle@6 (line 1220)
                      ; - java.io.ObjectOutputStream::writeClassDesc@31 (line 1243)
                      ; - java.io.ObjectOutputStream::writeOrdinaryObject@94 (line 1443)
                      ; - java.io.ObjectOutputStream::writeObject0@506 (line 1194)
                      ;   {runtime_call UncommonTrapBlob}
  0x0000000118e9c588: 7eba aa97 

  0x0000000118e9c58c: ;   {other}
  0x0000000118e9c58c: 1f20 03d5 | 9fff 89f2 | 1fc0 95f2 | f00f 00b9 | f64f 01a9 | ed13 00f9 | 4117 8012 

  0x0000000118e9c5a8: ; ImmutableOopMap {[0]=Oop [16]=Oop [24]=Oop [32]=Oop }
                      ;*if_icmpgt {reexecute=1 rethrow=0 return_oop=0}
                      ; - (reexecute) java.io.ObjectOutputStream$BlockDataOutputStream::writeInt@9 (line 1961)
                      ; - java.io.ObjectOutputStream::writeHandle@18 (line 1221)
                      ; - java.io.ObjectOutputStream::writeClassDesc@31 (line 1243)
                      ; - java.io.ObjectOutputStream::writeOrdinaryObject@94 (line 1443)
                      ; - java.io.ObjectOutputStream::writeObject0@506 (line 1194)
                      ;   {runtime_call UncommonTrapBlob}
  0x0000000118e9c5a8: 76ba aa97 

  0x0000000118e9c5ac: ;   {other}
  0x0000000118e9c5ac: 1f20 03d5 | 9f03 8af2 | 1fe0 95f2 | ee03 1d2a | ed5b 40f9 | 80fd ff17 | 2101 8012 

  0x0000000118e9c5c8: ; ImmutableOopMap {[0]=Oop [32]=Oop [48]=Oop [80]=Oop }
                      ;*invokevirtual writeByte {reexecute=0 rethrow=0 return_oop=0}
                      ; - java.io.ObjectOutputStream::writeSerialData@137 (line 1531)
                      ; - java.io.ObjectOutputStream::writeOrdinaryObject@158 (line 1451)
                      ; - java.io.ObjectOutputStream::writeObject0@506 (line 1194)
                      ;   {runtime_call UncommonTrapBlob}
  0x0000000118e9c5c8: 6eba aa97 

  0x0000000118e9c5cc: ;   {other}
  0x0000000118e9c5cc: 1f20 03d5 | 9f07 8af2 | 1f00 96f2 | ef33 40f9 | 44fe ff17 | aa0f 40b9 | 5f01 0e6b | 0103 0054 
  0x0000000118e9c5ec: aa13 40b9 

  0x0000000118e9c5f0: ;   {oop(a 'java/lang/Module'{0x00000004d56a7fb0})}
  0x0000000118e9c5f0: ac55 b3d2 | ccfe 89f2 | 5f01 0c6b | a001 0054 | ee87 00b9 | 42f1 7dd3 

  0x0000000118e9c608: ;   {oop(a 'java/lang/Module'{0x00000004d56a7fb0})}
  0x0000000118e9c608: 01f6 8fd2 | 41ad baf2 | 8100 c0f2 

  0x0000000118e9c614: ; ImmutableOopMap {rfp=Oop [0]=Oop [12]=NarrowOop [16]=Oop [24]=Oop [32]=Oop [48]=Oop [64]=Oop [72]=NarrowOop [80]=Oop [88]=Oop [104]=Oop [112]=Oop [120]=Oop [128]=NarrowOop [136]=Oop [144]=Oop [152]=Oop [160]=Oop [168]=Oop }
                      ;*invokevirtual equals {reexecute=0 rethrow=0 return_oop=0}
                      ; - java.util.HashMap::getNode@128 (line 585)
                      ; - java.util.HashMap::containsKey@2 (line 602)
                      ; - java.util.HashSet::contains@5 (line 213)
                      ; - java.lang.Module::allows@8 (line 751)
                      ; - java.lang.Module::isStaticallyExportedOrOpen@60 (line 736)
                      ; - java.lang.Module::implIsExportedOrOpen@70 (line 711)
                      ; - java.lang.Module::isExported@14 (line 593)
                      ; - jdk.internal.reflect.Reflection::verifyModuleAccess@20 (line 249)
                      ; - jdk.internal.reflect.Reflection::verifyMemberAccess@22 (line 146)
                      ; - java.lang.reflect.AccessibleObject::slowVerifyAccess@16 (line 755)
                      ; - java.lang.reflect.AccessibleObject::verifyAccess@51 (line 741)
                      ; - java.lang.reflect.AccessibleObject::checkAccess@6 (line 713)
                      ; - java.lang.reflect.Method::invoke@60 (line 571)
                      ; - java.io.ObjectStreamClass::invokeWriteObject@24 (line 1072)
                      ; - java.io.ObjectOutputStream::writeSerialData@119 (line 1529)
                      ; - java.io.ObjectOutputStream::writeOrdinaryObject@158 (line 1451)
                      ; - java.io.ObjectOutputStream::writeObject0@506 (line 1194)
                      ;   {optimized virtual_call}
  0x0000000118e9c614: db9e aa97 

  0x0000000118e9c618: ;   {other}
  0x0000000118e9c618: 1f20 03d5 | 1f11 8af2 | 1f20 96f2 | 6000 0035 | ee87 40b9 | 0700 0014 | f003 0032 | ef0f 40f9 
  0x0000000118e9c638: ea83 40b9 | eeaf 48a9 | ed9b 49a9 | 0df4 ff17 | aa1b 40b9 | 8c2f 42f9 

  0x0000000118e9c650: ; ImmutableOopMap {rfp=Oop [0]=Oop [12]=NarrowOop [16]=Oop [24]=Oop [32]=Oop [48]=Oop [64]=Oop [72]=NarrowOop [80]=Oop [88]=Oop [104]=Oop [112]=Oop [120]=Oop [128]=NarrowOop [136]=Oop [144]=Oop [152]=Oop [160]=Oop [168]=Oop }
                      ;*ifnonnull {reexecute=1 rethrow=0 return_oop=0}
                      ; - (reexecute) java.util.HashMap::getNode@145 (line 587)
                      ; - java.util.HashMap::containsKey@2 (line 602)
                      ; - java.util.HashSet::contains@5 (line 213)
                      ; - java.lang.Module::allows@8 (line 751)
                      ; - java.lang.Module::isStaticallyExportedOrOpen@60 (line 736)
                      ; - java.lang.Module::implIsExportedOrOpen@70 (line 711)
                      ; - java.lang.Module::isExported@14 (line 593)
                      ; - jdk.internal.reflect.Reflection::verifyModuleAccess@20 (line 249)
                      ; - jdk.internal.reflect.Reflection::verifyMemberAccess@22 (line 146)
                      ; - java.lang.reflect.AccessibleObject::slowVerifyAccess@16 (line 755)
                      ; - java.lang.reflect.AccessibleObject::verifyAccess@51 (line 741)
                      ; - java.lang.reflect.AccessibleObject::checkAccess@6 (line 713)
                      ; - java.lang.reflect.Method::invoke@60 (line 571)
                      ; - java.io.ObjectStreamClass::invokeWriteObject@24 (line 1072)
                      ; - java.io.ObjectOutputStream::writeSerialData@119 (line 1529)
                      ; - java.io.ObjectOutputStream::writeOrdinaryObject@158 (line 1451)
                      ; - java.io.ObjectOutputStream::writeObject0@506 (line 1194)
  0x0000000118e9c650: 5df1 7dd3 

  0x0000000118e9c654: ;   {poll}
  0x0000000118e9c654: 9f01 40b9 | 5dfc ffb5 | ef0f 40f9 | ea83 40b9 | eeaf 48a9 | ed9b 49a9 | 3afd ff17 | fa0f 40f9 
  0x0000000118e9c674: ef33 40f9 | 1dfe ff17 | ef0f 00f9 | fa33 00f9 | e103 0faa | e23b 40f9 

  0x0000000118e9c68c: ; ImmutableOopMap {[0]=Oop [16]=Oop [24]=Oop [32]=Oop [48]=Oop [64]=Oop [72]=NarrowOop [80]=Oop [88]=Oop [96]=Oop [112]=Oop [120]=Oop [140]=NarrowOop }
                      ;*invokestatic isSameClassPackage {reexecute=0 rethrow=0 return_oop=0}
                      ; - jdk.internal.reflect.Reflection::verifyMemberAccess@175 (line 207)
                      ; - java.lang.reflect.AccessibleObject::slowVerifyAccess@16 (line 755)
                      ; - java.lang.reflect.AccessibleObject::verifyAccess@51 (line 741)
                      ; - java.lang.reflect.AccessibleObject::checkAccess@6 (line 713)
                      ; - java.lang.reflect.Method::invoke@60 (line 571)
                      ; - java.io.ObjectStreamClass::invokeWriteObject@24 (line 1072)
                      ; - java.io.ObjectOutputStream::writeSerialData@119 (line 1529)
                      ; - java.io.ObjectOutputStream::writeOrdinaryObject@158 (line 1451)
                      ; - java.io.ObjectOutputStream::writeObject0@506 (line 1194)
                      ;   {static_call}
  0x0000000118e9c68c: 3da0 aa97 

  0x0000000118e9c690: ;   {other}
  0x0000000118e9c690: 1f20 03d5 | 1f20 8af2 | 1f60 96f2 | fd03 002a | ef0f 40f9 | fa33 40f9 | 10fe ff17 | fd03 1aaa 
  0x0000000118e9c6b0: ef33 00f9 | e103 1aaa | e203 0faa 

  0x0000000118e9c6bc: ; ImmutableOopMap {rfp=Oop [0]=Oop [16]=Oop [32]=Oop [48]=Oop [64]=Oop [72]=NarrowOop [80]=Oop [88]=Oop [96]=Oop [112]=Oop [120]=Oop [140]=NarrowOop }
                      ;*invokestatic isSubclassOf {reexecute=0 rethrow=0 return_oop=0}
                      ; - jdk.internal.reflect.Reflection::verifyMemberAccess@190 (line 211)
                      ; - java.lang.reflect.AccessibleObject::slowVerifyAccess@16 (line 755)
                      ; - java.lang.reflect.AccessibleObject::verifyAccess@51 (line 741)
                      ; - java.lang.reflect.AccessibleObject::checkAccess@6 (line 713)
                      ; - java.lang.reflect.Method::invoke@60 (line 571)
                      ; - java.io.ObjectStreamClass::invokeWriteObject@24 (line 1072)
                      ; - java.io.ObjectOutputStream::writeSerialData@119 (line 1529)
                      ; - java.io.ObjectOutputStream::writeOrdinaryObject@158 (line 1451)
                      ; - java.io.ObjectOutputStream::writeObject0@506 (line 1194)
                      ;   {static_call}
  0x0000000118e9c6bc: 31a0 aa97 

  0x0000000118e9c6c0: ;   {other}
  0x0000000118e9c6c0: 1f20 03d5 | 1f26 8af2 | 1f80 96f2 | 009b ff34 | ef33 40f9 | fa03 1daa | 05fe ff17 | 2101 8012 
  0x0000000118e9c6e0: ; ImmutableOopMap {rfp=Oop }
                      ;*invokevirtual setBlockDataMode {reexecute=0 rethrow=0 return_oop=0}
                      ; - java.io.ObjectOutputStream::writeObject0@612 (line 1205)
                      ;   {runtime_call UncommonTrapBlob}
  0x0000000118e9c6e0: 28ba aa97 

  0x0000000118e9c6e4: ;   {other}
  0x0000000118e9c6e4: 1f20 03d5 | 9f2a 8af2 | 1fa0 96f2 | 3f02 0071 | f30f 00b9 | f663 01a9 | f93b 02a9 | ec1b 00f9 
  0x0000000118e9c704: ed2f 0729 | f003 04a9 | fd07 9f1a | 4117 8012 

  0x0000000118e9c714: ; ImmutableOopMap {[0]=Oop [16]=Oop [24]=Oop [32]=Oop [40]=Oop [48]=Oop [64]=Oop [72]=Oop }
                      ;*ifeq {reexecute=1 rethrow=0 return_oop=0}
                      ; - (reexecute) java.lang.reflect.AccessibleObject::verifyAccess@16 (line 730)
                      ; - java.lang.reflect.AccessibleObject::checkAccess@6 (line 713)
                      ; - java.lang.reflect.Method::invoke@60 (line 571)
                      ; - java.io.ObjectStreamClass::invokeWriteObject@24 (line 1072)
                      ; - java.io.ObjectOutputStream::writeSerialData@119 (line 1529)
                      ; - java.io.ObjectOutputStream::writeOrdinaryObject@158 (line 1451)
                      ; - java.io.ObjectOutputStream::writeObject0@506 (line 1194)
                      ;   {runtime_call UncommonTrapBlob}
  0x0000000118e9c714: 1bba aa97 

  0x0000000118e9c718: ;   {other}
  0x0000000118e9c718: 1f20 03d5 | 1f31 8af2 | 1fc0 96f2 | f303 00f9 | fd03 14aa | 2101 8012 

  0x0000000118e9c730: ; ImmutableOopMap {rfp=Oop [0]=Oop [80]=Oop }
                      ;*invokevirtual setUsed {reexecute=0 rethrow=0 return_oop=0}
                      ; - java.io.ObjectOutputStream::writeSerialData@175 (line 1533)
                      ; - java.io.ObjectOutputStream::writeOrdinaryObject@158 (line 1451)
                      ; - java.io.ObjectOutputStream::writeObject0@506 (line 1194)
                      ;   {runtime_call UncommonTrapBlob}
  0x0000000118e9c730: 14ba aa97 

  0x0000000118e9c734: ;   {other}
  0x0000000118e9c734: 1f20 03d5 | 9f34 8af2 | 1fe0 96f2 | f30f 00b9 | f663 01a9 | f937 02a9 | ef43 03a9 | 5df1 7dd3 
  0x0000000118e9c754: 4117 8012 

  0x0000000118e9c758: ; ImmutableOopMap {rfp=Oop [0]=Oop [16]=Oop [24]=Oop [32]=Oop [40]=Oop [48]=Oop [56]=Oop }
                      ;*if_acmpeq {reexecute=1 rethrow=0 return_oop=0}
                      ; - (reexecute) java.lang.invoke.Invokers::checkExactType@7 (line 530)
                      ; - java.lang.invoke.Invokers$Holder::invokeExact_MT@10
                      ; - jdk.internal.reflect.DirectMethodHandleAccessor::invokeImpl@55 (line 154)
                      ; - jdk.internal.reflect.DirectMethodHandleAccessor::invoke@23 (line 103)
                      ; - java.lang.reflect.Method::invoke@102 (line 580)
                      ; - java.io.ObjectStreamClass::invokeWriteObject@24 (line 1072)
                      ; - java.io.ObjectOutputStream::writeSerialData@119 (line 1529)
                      ; - java.io.ObjectOutputStream::writeOrdinaryObject@158 (line 1451)
                      ; - java.io.ObjectOutputStream::writeObject0@506 (line 1194)
                      ;   {runtime_call UncommonTrapBlob}
  0x0000000118e9c758: 0aba aa97 

  0x0000000118e9c75c: ;   {other}
  0x0000000118e9c75c: 1f20 03d5 | 9f39 8af2 | 1f00 97f2 | e203 1faa | 62fb ff17 

  0x0000000118e9c770: ;   {oop(a 'java/lang/Module'{0x00000004d57fc018})}
  0x0000000118e9c770: 0203 98d2 | e2af baf2 | 8200 c0f2 | e14b 40f9 

  0x0000000118e9c780: ; ImmutableOopMap {rfp=Oop [0]=Oop [12]=NarrowOop [16]=Oop [24]=Oop [32]=Oop [48]=Oop [64]=Oop [72]=NarrowOop [80]=Oop [88]=Oop [104]=Oop [112]=Oop [120]=Oop [128]=Oop [136]=Oop }
                      ;*invokeinterface contains {reexecute=0 rethrow=0 return_oop=0}
                      ; - java.lang.Module::allows@48 (line 756)
                      ; - java.lang.Module::isStaticallyExportedOrOpen@60 (line 736)
                      ; - java.lang.Module::implIsExportedOrOpen@70 (line 711)
                      ; - java.lang.Module::isExported@14 (line 593)
                      ; - jdk.internal.reflect.Reflection::verifyModuleAccess@20 (line 249)
                      ; - jdk.internal.reflect.Reflection::verifyMemberAccess@22 (line 146)
                      ; - java.lang.reflect.AccessibleObject::slowVerifyAccess@16 (line 755)
                      ; - java.lang.reflect.AccessibleObject::verifyAccess@51 (line 741)
                      ; - java.lang.reflect.AccessibleObject::checkAccess@6 (line 713)
                      ; - java.lang.reflect.Method::invoke@60 (line 571)
                      ; - java.io.ObjectStreamClass::invokeWriteObject@24 (line 1072)
                      ; - java.io.ObjectOutputStream::writeSerialData@119 (line 1529)
                      ; - java.io.ObjectOutputStream::writeOrdinaryObject@158 (line 1451)
                      ; - java.io.ObjectOutputStream::writeObject0@506 (line 1194)
                      ;   {optimized virtual_call}
  0x0000000118e9c780: 809e aa97 

  0x0000000118e9c784: ;   {other}
  0x0000000118e9c784: 1f20 03d5 | 9f3e 8af2 | 1f20 97f2 | 4022 0034 | ef03 1daa | ecf3 ff17 | ef1f 00f9 | ee17 00f9 
  0x0000000118e9c7a4: ed17 00b9 | ec1b 00f9 | e123 00f9 | e103 1caa | c900 0010 | 89d7 01f9 

  0x0000000118e9c7bc: ;   {runtime_call G1BarrierSetRuntime::write_ref_field_pre_entry(oopDesc*, JavaThread*)}
  0x0000000118e9c7bc: 887b 94d2 | e8de a0f2 | 2800 c0f2 | 0001 3fd6 

  0x0000000118e9c7cc: ;   {other}
  0x0000000118e9c7cc: 1f20 03d5 | 1f00 80f2 | 1f00 80f2 | f913 00f9 | f903 18aa | f803 17aa | f703 16aa | f603 17aa 
  0x0000000118e9c7ec: f703 18aa | fd03 152a | f3ef 0129 | f803 19aa | f503 1d2a | f3ef 4129 | ed17 40b9 | f93b 42a9 
  0x0000000118e9c80c: ec3f 43a9 | e123 40f9 | 0df4 ff17 | ef1b 00f9 | ee13 00f9 | ed0f 00b9 | ec17 00f9 | e11f 00f9 
  0x0000000118e9c82c: e103 1caa | c900 0010 | 89d7 01f9 

  0x0000000118e9c838: ;   {runtime_call G1BarrierSetRuntime::write_ref_field_pre_entry(oopDesc*, JavaThread*)}
  0x0000000118e9c838: 887b 94d2 | e8de a0f2 | 2800 c0f2 | 0001 3fd6 

  0x0000000118e9c848: ;   {other}
  0x0000000118e9c848: 1f20 03d5 | 1f00 80f2 | 1f00 80f2 | fa03 152a | fd03 132a | f90b 00f9 | f503 1a2a | f303 1d2a 
  0x0000000118e9c868: ed0f 40b9 | f90b 40f9 | ee33 42a9 | ef07 43a9 | ddf3 ff17 | 3f02 0071 | f30f 00b9 | f663 01a9 
  0x0000000118e9c888: f93b 02a9 | ec1b 00f9 | ed2f 0729 | f003 04a9 | fa2b 00f9 | fd07 9f1a | 4117 8012 

  0x0000000118e9c8a4: ; ImmutableOopMap {[0]=Oop [16]=Oop [24]=Oop [32]=Oop [40]=Oop [48]=Oop [64]=Oop [72]=Oop [80]=Oop }
                      ;*ifeq {reexecute=1 rethrow=0 return_oop=0}
                      ; - (reexecute) java.lang.reflect.AccessibleObject::slowVerifyAccess@33 (line 762)
                      ; - java.lang.reflect.AccessibleObject::verifyAccess@51 (line 741)
                      ; - java.lang.reflect.AccessibleObject::checkAccess@6 (line 713)
                      ; - java.lang.reflect.Method::invoke@60 (line 571)
                      ; - java.io.ObjectStreamClass::invokeWriteObject@24 (line 1072)
                      ; - java.io.ObjectOutputStream::writeSerialData@119 (line 1529)
                      ; - java.io.ObjectOutputStream::writeOrdinaryObject@158 (line 1451)
                      ; - java.io.ObjectOutputStream::writeObject0@506 (line 1194)
                      ;   {runtime_call UncommonTrapBlob}
  0x0000000118e9c8a4: b7b9 aa97 

  0x0000000118e9c8a8: ;   {other}
  0x0000000118e9c8a8: 1f20 03d5 | 1f63 8af2 | 1f40 97f2 | e103 1caa | c900 0010 | 89d7 01f9 

  0x0000000118e9c8c0: ;   {runtime_call G1BarrierSetRuntime::write_ref_field_pre_entry(oopDesc*, JavaThread*)}
  0x0000000118e9c8c0: 887b 94d2 | e8de a0f2 | 2800 c0f2 | 0001 3fd6 

  0x0000000118e9c8d0: ;   {other}
  0x0000000118e9c8d0: 1f20 03d5 | 1f00 80f2 | 1f00 80f2 | 3df7 ff17 | e103 1caa | c900 0010 | 89d7 01f9 

  0x0000000118e9c8ec: ;   {runtime_call G1BarrierSetRuntime::write_ref_field_pre_entry(oopDesc*, JavaThread*)}
  0x0000000118e9c8ec: 887b 94d2 | e8de a0f2 | 2800 c0f2 | 0001 3fd6 

  0x0000000118e9c8fc: ;   {other}
  0x0000000118e9c8fc: 1f20 03d5 | 1f00 80f2 | 1f00 80f2 | 34f7 ff17 | ea8b 40b9 | ca16 0034 | bdac ff35 | 45fc ff17 
  0x0000000118e9c91c: 2101 8012 

  0x0000000118e9c920: ; ImmutableOopMap {[0]=Oop [32]=Oop [48]=Oop [80]=Oop }
                      ;*invokeinterface get {reexecute=0 rethrow=0 return_oop=0}
                      ; - java.lang.reflect.Executable::getAnnotation@11 (line 612)
                      ; - java.lang.reflect.Method::getAnnotation@2 (line 793)
                      ; - java.lang.reflect.AnnotatedElement::isAnnotationPresent@2 (line 292)
                      ; - java.lang.reflect.AccessibleObject::isAnnotationPresent@2 (line 558)
                      ; - jdk.internal.reflect.Reflection::isCallerSensitive@18 (line 347)
                      ; - java.lang.reflect.Method::isCallerSensitive@11 (line 618)
                      ; - java.lang.reflect.Method::invoke@1 (line 561)
                      ; - java.io.ObjectStreamClass::invokeWriteObject@24 (line 1072)
                      ; - java.io.ObjectOutputStream::writeSerialData@119 (line 1529)
                      ; - java.io.ObjectOutputStream::writeOrdinaryObject@158 (line 1451)
                      ; - java.io.ObjectOutputStream::writeObject0@506 (line 1194)
                      ;   {runtime_call UncommonTrapBlob}
  0x0000000118e9c920: 98b9 aa97 

  0x0000000118e9c924: ;   {other}
  0x0000000118e9c924: 1f20 03d5 | 9f72 8af2 | 1f60 97f2 | fb43 00b9 | f927 00f9 | f7e3 02a9 | f613 00f9 | f54f 0729 
  0x0000000118e9c944: ee2b 00f9 | e103 0eaa | ec2f 00f9 | e203 0391 | e80b 40b9 | e813 00b9 

  0x0000000118e9c95c: ; ImmutableOopMap {[0]=Oop [24]=Oop [32]=Oop [48]=Oop [64]=NarrowOop [72]=Oop [80]=Oop [88]=Oop [140]=NarrowOop }
                      ;*monitorenter {reexecute=0 rethrow=0 return_oop=0}
                      ; - java.lang.reflect.Executable::declaredAnnotations@12 (line 640)
                      ; - java.lang.reflect.Executable::getAnnotation@7 (line 612)
                      ; - java.lang.reflect.Method::getAnnotation@2 (line 793)
                      ; - java.lang.reflect.AnnotatedElement::isAnnotationPresent@2 (line 292)
                      ; - java.lang.reflect.AccessibleObject::isAnnotationPresent@2 (line 558)
                      ; - jdk.internal.reflect.Reflection::isCallerSensitive@18 (line 347)
                      ; - java.lang.reflect.Method::isCallerSensitive@11 (line 618)
                      ; - java.lang.reflect.Method::invoke@1 (line 561)
                      ; - java.io.ObjectStreamClass::invokeWriteObject@24 (line 1072)
                      ; - java.io.ObjectOutputStream::writeSerialData@119 (line 1529)
                      ; - java.io.ObjectOutputStream::writeOrdinaryObject@158 (line 1451)
                      ; - java.io.ObjectOutputStream::writeObject0@506 (line 1194)
                      ;   {runtime_call _complete_monitor_locking_Java}
  0x0000000118e9c95c: 6937 ae97 

  0x0000000118e9c960: ;   {other}
  0x0000000118e9c960: 1f20 03d5 | 1f7a 8af2 | 1f80 97f2 | e813 40b9 | e80b 00b9 | f65f 42a9 | f81b 40f9 | f54f 4729 
  0x0000000118e9c980: fb43 40b9 | f9bb 44a9 | ec2f 40f9 | cff5 ff17 | f303 0eaa | e003 0eaa | f403 0daa | e103 0391 
  0x0000000118e9c9a0: e203 1caa | c900 0010 | 89d7 01f9 

  0x0000000118e9c9ac: ;   {runtime_call SharedRuntime::complete_monitor_unlocking_C(oopDesc*, BasicLock*, JavaThread*)}
  0x0000000118e9c9ac: 8897 94d2 | 28e9 a0f2 | 2800 c0f2 | 0001 3fd6 

  0x0000000118e9c9bc: ;   {other}
  0x0000000118e9c9bc: 1f20 03d5 | 1f00 80f2 | 1f00 80f2 | ee03 13aa | ed03 14aa | 31f6 ff17 | e103 1caa | c900 0010 
  0x0000000118e9c9dc: 89d7 01f9 

  0x0000000118e9c9e0: ;   {runtime_call G1BarrierSetRuntime::write_ref_field_pre_entry(oopDesc*, JavaThread*)}
  0x0000000118e9c9e0: 887b 94d2 | e8de a0f2 | 2800 c0f2 | 0001 3fd6 

  0x0000000118e9c9f0: ;   {other}
  0x0000000118e9c9f0: 1f20 03d5 | 1f00 80f2 | 1f00 80f2 | 41f7 ff17 | f30f 00b9 | f663 01a9 | f93b 02a9 | ec37 03a9 
  0x0000000118e9ca10: 2107 8012 

  0x0000000118e9ca14: ; ImmutableOopMap {[0]=Oop [16]=Oop [24]=Oop [32]=Oop [40]=Oop [48]=Oop [56]=Oop }
                      ;*invokeinterface get {reexecute=0 rethrow=0 return_oop=0}
                      ; - java.lang.reflect.Executable::getAnnotation@11 (line 612)
                      ; - java.lang.reflect.Method::getAnnotation@2 (line 793)
                      ; - java.lang.reflect.AnnotatedElement::isAnnotationPresent@2 (line 292)
                      ; - java.lang.reflect.AccessibleObject::isAnnotationPresent@2 (line 558)
                      ; - jdk.internal.reflect.Reflection::isCallerSensitive@18 (line 347)
                      ; - java.lang.reflect.Method::isCallerSensitive@11 (line 618)
                      ; - java.lang.reflect.Method::invoke@1 (line 561)
                      ; - java.io.ObjectStreamClass::invokeWriteObject@24 (line 1072)
                      ; - java.io.ObjectOutputStream::writeSerialData@119 (line 1529)
                      ; - java.io.ObjectOutputStream::writeOrdinaryObject@158 (line 1451)
                      ; - java.io.ObjectOutputStream::writeObject0@506 (line 1194)
                      ;   {runtime_call UncommonTrapBlob}
  0x0000000118e9ca14: 5bb9 aa97 

  0x0000000118e9ca18: ;   {other}
  0x0000000118e9ca18: 1f20 03d5 | 1f91 8af2 | 1fa0 97f2 | ee2f 01a9 | ed17 00f9 | 2104 8012 

  0x0000000118e9ca30: ; ImmutableOopMap {rfp=Oop [0]=Oop [16]=Oop [24]=Oop [32]=Oop [40]=Oop [48]=Oop [64]=Oop [80]=Oop [88]=Oop [104]=Oop [112]=Oop [120]=Oop }
                      ;*invokeinterface get {reexecute=0 rethrow=0 return_oop=0}
                      ; - java.lang.Module::isStaticallyExportedOrOpen@51 (line 736)
                      ; - java.lang.Module::implIsExportedOrOpen@70 (line 711)
                      ; - java.lang.Module::isExported@14 (line 593)
                      ; - jdk.internal.reflect.Reflection::verifyModuleAccess@20 (line 249)
                      ; - jdk.internal.reflect.Reflection::verifyMemberAccess@22 (line 146)
                      ; - java.lang.reflect.AccessibleObject::slowVerifyAccess@16 (line 755)
                      ; - java.lang.reflect.AccessibleObject::verifyAccess@51 (line 741)
                      ; - java.lang.reflect.AccessibleObject::checkAccess@6 (line 713)
                      ; - java.lang.reflect.Method::invoke@60 (line 571)
                      ; - java.io.ObjectStreamClass::invokeWriteObject@24 (line 1072)
                      ; - java.io.ObjectOutputStream::writeSerialData@119 (line 1529)
                      ; - java.io.ObjectOutputStream::writeOrdinaryObject@158 (line 1451)
                      ; - java.io.ObjectOutputStream::writeObject0@506 (line 1194)
                      ;   {runtime_call UncommonTrapBlob}
  0x0000000118e9ca30: 54b9 aa97 

  0x0000000118e9ca34: ;   {other}
  0x0000000118e9ca34: 1f20 03d5 | 9f94 8af2 | 1fc0 97f2 | f30f 00b9 | f663 01a9 | f93b 02a9 | ec1b 00f9 | 4117 8012 
  0x0000000118e9ca54: ; ImmutableOopMap {rfp=Oop [0]=Oop [16]=Oop [24]=Oop [32]=Oop [40]=Oop [48]=Oop }
                      ;*ifnonnull {reexecute=1 rethrow=0 return_oop=0}
                      ; - (reexecute) java.lang.reflect.Executable::declaredAnnotations@19 (line 641)
                      ; - java.lang.reflect.Executable::getAnnotation@7 (line 612)
                      ; - java.lang.reflect.Method::getAnnotation@2 (line 793)
                      ; - java.lang.reflect.AnnotatedElement::isAnnotationPresent@2 (line 292)
                      ; - java.lang.reflect.AccessibleObject::isAnnotationPresent@2 (line 558)
                      ; - jdk.internal.reflect.Reflection::isCallerSensitive@18 (line 347)
                      ; - java.lang.reflect.Method::isCallerSensitive@11 (line 618)
                      ; - java.lang.reflect.Method::invoke@1 (line 561)
                      ; - java.io.ObjectStreamClass::invokeWriteObject@24 (line 1072)
                      ; - java.io.ObjectOutputStream::writeSerialData@119 (line 1529)
                      ; - java.io.ObjectOutputStream::writeOrdinaryObject@158 (line 1451)
                      ; - java.io.ObjectOutputStream::writeObject0@506 (line 1194)
                      ;   {runtime_call UncommonTrapBlob}
  0x0000000118e9ca54: 4bb9 aa97 

  0x0000000118e9ca58: ;   {other}
  0x0000000118e9ca58: 1f20 03d5 | 1f99 8af2 | 1fe0 97f2 | e103 1caa | c900 0010 | 89d7 01f9 

  0x0000000118e9ca70: ;   {runtime_call G1BarrierSetRuntime::write_ref_field_pre_entry(oopDesc*, JavaThread*)}
  0x0000000118e9ca70: 887b 94d2 | e8de a0f2 | 2800 c0f2 | 0001 3fd6 

  0x0000000118e9ca80: ;   {other}
  0x0000000118e9ca80: 1f20 03d5 | 1f00 80f2 | 1f00 80f2 | ee23 40f9 | d3f5 ff17 | fd03 0baa | 4117 8012 

  0x0000000118e9ca9c: ; ImmutableOopMap {rfp=Oop [0]=Oop [32]=Oop [48]=Oop [64]=Oop [80]=Oop [88]=Oop [104]=Oop [112]=Oop [120]=Oop [128]=Oop [144]=Oop }
                      ;*ifnonnull {reexecute=1 rethrow=0 return_oop=0}
                      ; - (reexecute) java.util.Objects::requireNonNull@1 (line 232)
                      ; - java.lang.Module::isExported@1 (line 591)
                      ; - jdk.internal.reflect.Reflection::verifyModuleAccess@20 (line 249)
                      ; - jdk.internal.reflect.Reflection::verifyMemberAccess@22 (line 146)
                      ; - java.lang.reflect.AccessibleObject::slowVerifyAccess@16 (line 755)
                      ; - java.lang.reflect.AccessibleObject::verifyAccess@51 (line 741)
                      ; - java.lang.reflect.AccessibleObject::checkAccess@6 (line 713)
                      ; - java.lang.reflect.Method::invoke@60 (line 571)
                      ; - java.io.ObjectStreamClass::invokeWriteObject@24 (line 1072)
                      ; - java.io.ObjectOutputStream::writeSerialData@119 (line 1529)
                      ; - java.io.ObjectOutputStream::writeOrdinaryObject@158 (line 1451)
                      ; - java.io.ObjectOutputStream::writeObject0@506 (line 1194)
                      ;   {runtime_call UncommonTrapBlob}
  0x0000000118e9ca9c: 39b9 aa97 

  0x0000000118e9caa0: ;   {other}
  0x0000000118e9caa0: 1f20 03d5 | 1fa2 8af2 | 1f00 98f2 | fd03 0eaa | 4117 8012 

  0x0000000118e9cab4: ; ImmutableOopMap {rfp=Oop [0]=Oop [32]=Oop [48]=Oop [64]=Oop [80]=Oop [88]=Oop [104]=Oop [112]=Oop [120]=Oop [136]=Oop [144]=Oop }
                      ;*ifnonnull {reexecute=1 rethrow=0 return_oop=0}
                      ; - (reexecute) java.util.Objects::requireNonNull@1 (line 232)
                      ; - java.lang.Module::isExported@6 (line 592)
                      ; - jdk.internal.reflect.Reflection::verifyModuleAccess@20 (line 249)
                      ; - jdk.internal.reflect.Reflection::verifyMemberAccess@22 (line 146)
                      ; - java.lang.reflect.AccessibleObject::slowVerifyAccess@16 (line 755)
                      ; - java.lang.reflect.AccessibleObject::verifyAccess@51 (line 741)
                      ; - java.lang.reflect.AccessibleObject::checkAccess@6 (line 713)
                      ; - java.lang.reflect.Method::invoke@60 (line 571)
                      ; - java.io.ObjectStreamClass::invokeWriteObject@24 (line 1072)
                      ; - java.io.ObjectOutputStream::writeSerialData@119 (line 1529)
                      ; - java.io.ObjectOutputStream::writeOrdinaryObject@158 (line 1451)
                      ; - java.io.ObjectOutputStream::writeObject0@506 (line 1194)
                      ;   {runtime_call UncommonTrapBlob}
  0x0000000118e9cab4: 33b9 aa97 

  0x0000000118e9cab8: ;   {other}
  0x0000000118e9cab8: 1f20 03d5 | 1fa5 8af2 | 1f20 98f2 | 4117 8012 

  0x0000000118e9cac8: ; ImmutableOopMap {[0]=Oop [32]=Oop [48]=Oop [64]=Oop [80]=Oop [88]=Oop [104]=Oop [112]=Oop [120]=Oop }
                      ;*ifne {reexecute=1 rethrow=0 return_oop=0}
                      ; - (reexecute) jdk.internal.reflect.Reflection::verifyMemberAccess@25 (line 146)
                      ; - java.lang.reflect.AccessibleObject::slowVerifyAccess@16 (line 755)
                      ; - java.lang.reflect.AccessibleObject::verifyAccess@51 (line 741)
                      ; - java.lang.reflect.AccessibleObject::checkAccess@6 (line 713)
                      ; - java.lang.reflect.Method::invoke@60 (line 571)
                      ; - java.io.ObjectStreamClass::invokeWriteObject@24 (line 1072)
                      ; - java.io.ObjectOutputStream::writeSerialData@119 (line 1529)
                      ; - java.io.ObjectOutputStream::writeOrdinaryObject@158 (line 1451)
                      ; - java.io.ObjectOutputStream::writeObject0@506 (line 1194)
                      ;   {runtime_call UncommonTrapBlob}
  0x0000000118e9cac8: 2eb9 aa97 

  0x0000000118e9cacc: ;   {other}
  0x0000000118e9cacc: 1f20 03d5 | 9fa7 8af2 | 1f40 98f2 | f30f 00b9 | f663 01a9 | f93b 02a9 | ec37 03a9 | 2101 8012 
  0x0000000118e9caec: ; ImmutableOopMap {[0]=Oop [16]=Oop [24]=Oop [32]=Oop [40]=Oop [48]=Oop [56]=Oop }
                      ;*invokevirtual getConstantPool {reexecute=0 rethrow=0 return_oop=0}
                      ; - java.lang.System$2::getConstantPool@1 (line 2350)
                      ; - java.lang.reflect.Executable::declaredAnnotations@53 (line 649)
                      ; - java.lang.reflect.Executable::getAnnotation@7 (line 612)
                      ; - java.lang.reflect.Method::getAnnotation@2 (line 793)
                      ; - java.lang.reflect.AnnotatedElement::isAnnotationPresent@2 (line 292)
                      ; - java.lang.reflect.AccessibleObject::isAnnotationPresent@2 (line 558)
                      ; - jdk.internal.reflect.Reflection::isCallerSensitive@18 (line 347)
                      ; - java.lang.reflect.Method::isCallerSensitive@11 (line 618)
                      ; - java.lang.reflect.Method::invoke@1 (line 561)
                      ; - java.io.ObjectStreamClass::invokeWriteObject@24 (line 1072)
                      ; - java.io.ObjectOutputStream::writeSerialData@119 (line 1529)
                      ; - java.io.ObjectOutputStream::writeOrdinaryObject@158 (line 1451)
                      ; - java.io.ObjectOutputStream::writeObject0@506 (line 1194)
                      ;   {runtime_call UncommonTrapBlob}
  0x0000000118e9caec: 25b9 aa97 

  0x0000000118e9caf0: ;   {other}
  0x0000000118e9caf0: 1f20 03d5 | 1fac 8af2 | 1f60 98f2 | f30f 00b9 | f663 01a9 | f93b 02a9 | ec3f 03a9 | ed23 00f9 
  0x0000000118e9cb10: 2104 8012 

  0x0000000118e9cb14: ; ImmutableOopMap {rfp=Oop [0]=Oop [16]=Oop [24]=Oop [32]=Oop [40]=Oop [48]=Oop [56]=Oop [64]=Oop }
                      ;*invokeinterface getConstantPool {reexecute=0 rethrow=0 return_oop=0}
                      ; - java.lang.reflect.Executable::declaredAnnotations@53 (line 649)
                      ; - java.lang.reflect.Executable::getAnnotation@7 (line 612)
                      ; - java.lang.reflect.Method::getAnnotation@2 (line 793)
                      ; - java.lang.reflect.AnnotatedElement::isAnnotationPresent@2 (line 292)
                      ; - java.lang.reflect.AccessibleObject::isAnnotationPresent@2 (line 558)
                      ; - jdk.internal.reflect.Reflection::isCallerSensitive@18 (line 347)
                      ; - java.lang.reflect.Method::isCallerSensitive@11 (line 618)
                      ; - java.lang.reflect.Method::invoke@1 (line 561)
                      ; - java.io.ObjectStreamClass::invokeWriteObject@24 (line 1072)
                      ; - java.io.ObjectOutputStream::writeSerialData@119 (line 1529)
                      ; - java.io.ObjectOutputStream::writeOrdinaryObject@158 (line 1451)
                      ; - java.io.ObjectOutputStream::writeObject0@506 (line 1194)
                      ;   {runtime_call UncommonTrapBlob}
  0x0000000118e9cb14: 1bb9 aa97 

  0x0000000118e9cb18: ;   {other}
  0x0000000118e9cb18: 1f20 03d5 | 1fb1 8af2 | 1f80 98f2 | 4117 8012 

  0x0000000118e9cb28: ; ImmutableOopMap {[0]=Oop [32]=Oop [48]=Oop [64]=Oop [80]=Oop [88]=Oop [104]=Oop [112]=Oop [120]=Oop [136]=Oop [144]=Oop }
                      ;*ifne {reexecute=1 rethrow=0 return_oop=0}
                      ; - (reexecute) java.lang.Module::implIsExportedOrOpen@39 (line 707)
                      ; - java.lang.Module::isExported@14 (line 593)
                      ; - jdk.internal.reflect.Reflection::verifyModuleAccess@20 (line 249)
                      ; - jdk.internal.reflect.Reflection::verifyMemberAccess@22 (line 146)
                      ; - java.lang.reflect.AccessibleObject::slowVerifyAccess@16 (line 755)
                      ; - java.lang.reflect.AccessibleObject::verifyAccess@51 (line 741)
                      ; - java.lang.reflect.AccessibleObject::checkAccess@6 (line 713)
                      ; - java.lang.reflect.Method::invoke@60 (line 571)
                      ; - java.io.ObjectStreamClass::invokeWriteObject@24 (line 1072)
                      ; - java.io.ObjectOutputStream::writeSerialData@119 (line 1529)
                      ; - java.io.ObjectOutputStream::writeOrdinaryObject@158 (line 1451)
                      ; - java.io.ObjectOutputStream::writeObject0@506 (line 1194)
                      ;   {runtime_call UncommonTrapBlob}
  0x0000000118e9cb28: 16b9 aa97 

  0x0000000118e9cb2c: ;   {other}
  0x0000000118e9cb2c: 1f20 03d5 | 9fb3 8af2 | 1fa0 98f2 | f30f 00b9 | f663 01a9 | f93b 02a9 | ec13 03a9 | 4117 8012 
  0x0000000118e9cb4c: ; ImmutableOopMap {[0]=Oop [16]=Oop [24]=Oop [32]=Oop [40]=Oop [48]=Oop [56]=Oop }
                      ;*ifle {reexecute=1 rethrow=0 return_oop=0}
                      ; - (reexecute) java.util.HashMap::getNode@14 (line 575)
                      ; - java.util.LinkedHashMap::get@2 (line 536)
                      ; - java.lang.reflect.Executable::getAnnotation@11 (line 612)
                      ; - java.lang.reflect.Method::getAnnotation@2 (line 793)
                      ; - java.lang.reflect.AnnotatedElement::isAnnotationPresent@2 (line 292)
                      ; - java.lang.reflect.AccessibleObject::isAnnotationPresent@2 (line 558)
                      ; - jdk.internal.reflect.Reflection::isCallerSensitive@18 (line 347)
                      ; - java.lang.reflect.Method::isCallerSensitive@11 (line 618)
                      ; - java.lang.reflect.Method::invoke@1 (line 561)
                      ; - java.io.ObjectStreamClass::invokeWriteObject@24 (line 1072)
                      ; - java.io.ObjectOutputStream::writeSerialData@119 (line 1529)
                      ; - java.io.ObjectOutputStream::writeOrdinaryObject@158 (line 1451)
                      ; - java.io.ObjectOutputStream::writeObject0@506 (line 1194)
                      ;   {runtime_call UncommonTrapBlob}
  0x0000000118e9cb4c: 0db9 aa97 

  0x0000000118e9cb50: ;   {other}
  0x0000000118e9cb50: 1f20 03d5 | 1fb8 8af2 | 1fc0 98f2 | ec0f 00b9 | eb37 01a9 | fd03 0eaa | 4117 8012 

  0x0000000118e9cb6c: ; ImmutableOopMap {rfp=Oop [0]=Oop [16]=Oop [24]=Oop [32]=Oop [48]=Oop [64]=Oop [80]=Oop [88]=Oop [104]=Oop [112]=Oop [120]=Oop }
                      ;*ifle {reexecute=1 rethrow=0 return_oop=0}
                      ; - (reexecute) java.util.HashMap::getNode@14 (line 575)
                      ; - java.util.HashMap::get@2 (line 564)
                      ; - java.lang.Module::isStaticallyExportedOrOpen@51 (line 736)
                      ; - java.lang.Module::implIsExportedOrOpen@70 (line 711)
                      ; - java.lang.Module::isExported@14 (line 593)
                      ; - jdk.internal.reflect.Reflection::verifyModuleAccess@20 (line 249)
                      ; - jdk.internal.reflect.Reflection::verifyMemberAccess@22 (line 146)
                      ; - java.lang.reflect.AccessibleObject::slowVerifyAccess@16 (line 755)
                      ; - java.lang.reflect.AccessibleObject::verifyAccess@51 (line 741)
                      ; - java.lang.reflect.AccessibleObject::checkAccess@6 (line 713)
                      ; - java.lang.reflect.Method::invoke@60 (line 571)
                      ; - java.io.ObjectStreamClass::invokeWriteObject@24 (line 1072)
                      ; - java.io.ObjectOutputStream::writeSerialData@119 (line 1529)
                      ; - java.io.ObjectOutputStream::writeOrdinaryObject@158 (line 1451)
                      ; - java.io.ObjectOutputStream::writeObject0@506 (line 1194)
                      ;   {runtime_call UncommonTrapBlob}
  0x0000000118e9cb6c: 05b9 aa97 

  0x0000000118e9cb70: ;   {other}
  0x0000000118e9cb70: 1f20 03d5 | 1fbc 8af2 | 1fe0 98f2 | fd03 0eaa | 4117 8012 

  0x0000000118e9cb84: ; ImmutableOopMap {rfp=Oop [0]=Oop [32]=Oop [48]=Oop [64]=Oop [80]=Oop [88]=Oop [104]=Oop [112]=Oop [120]=Oop [136]=Oop [144]=Oop }
                      ;*if_acmpne {reexecute=1 rethrow=0 return_oop=0}
                      ; - (reexecute) java.lang.Module::implIsExportedOrOpen@11 (line 703)
                      ; - java.lang.Module::isExported@14 (line 593)
                      ; - jdk.internal.reflect.Reflection::verifyModuleAccess@20 (line 249)
                      ; - jdk.internal.reflect.Reflection::verifyMemberAccess@22 (line 146)
                      ; - java.lang.reflect.AccessibleObject::slowVerifyAccess@16 (line 755)
                      ; - java.lang.reflect.AccessibleObject::verifyAccess@51 (line 741)
                      ; - java.lang.reflect.AccessibleObject::checkAccess@6 (line 713)
                      ; - java.lang.reflect.Method::invoke@60 (line 571)
                      ; - java.io.ObjectStreamClass::invokeWriteObject@24 (line 1072)
                      ; - java.io.ObjectOutputStream::writeSerialData@119 (line 1529)
                      ; - java.io.ObjectOutputStream::writeOrdinaryObject@158 (line 1451)
                      ; - java.io.ObjectOutputStream::writeObject0@506 (line 1194)
                      ;   {runtime_call UncommonTrapBlob}
  0x0000000118e9cb84: ffb8 aa97 

  0x0000000118e9cb88: ;   {other}
  0x0000000118e9cb88: 1f20 03d5 | 1fbf 8af2 | 1f00 99f2 | 4117 8012 

  0x0000000118e9cb98: ; ImmutableOopMap {[0]=Oop [32]=Oop [48]=Oop [64]=Oop [80]=Oop [88]=Oop [104]=Oop [112]=Oop [120]=Oop [136]=Oop [144]=Oop }
                      ;*ifeq {reexecute=1 rethrow=0 return_oop=0}
                      ; - (reexecute) java.lang.Module::implIsExportedOrOpen@49 (line 707)
                      ; - java.lang.Module::isExported@14 (line 593)
                      ; - jdk.internal.reflect.Reflection::verifyModuleAccess@20 (line 249)
                      ; - jdk.internal.reflect.Reflection::verifyMemberAccess@22 (line 146)
                      ; - java.lang.reflect.AccessibleObject::slowVerifyAccess@16 (line 755)
                      ; - java.lang.reflect.AccessibleObject::verifyAccess@51 (line 741)
                      ; - java.lang.reflect.AccessibleObject::checkAccess@6 (line 713)
                      ; - java.lang.reflect.Method::invoke@60 (line 571)
                      ; - java.io.ObjectStreamClass::invokeWriteObject@24 (line 1072)
                      ; - java.io.ObjectOutputStream::writeSerialData@119 (line 1529)
                      ; - java.io.ObjectOutputStream::writeOrdinaryObject@158 (line 1451)
                      ; - java.io.ObjectOutputStream::writeObject0@506 (line 1194)
                      ;   {runtime_call UncommonTrapBlob}
  0x0000000118e9cb98: fab8 aa97 

  0x0000000118e9cb9c: ;   {other}
  0x0000000118e9cb9c: 1f20 03d5 | 9fc1 8af2 | 1f20 99f2 | eeb3 01a9 | fd03 00aa | 2101 8012 

  0x0000000118e9cbb4: ; ImmutableOopMap {rfp=Oop [0]=Oop [16]=Oop [24]=Oop [32]=Oop }
                      ;*invokevirtual lock {reexecute=0 rethrow=0 return_oop=0}
                      ; - java.lang.ref.ReferenceQueue::poll@13 (line 182)
                      ; - java.io.ClassCache::processQueue@4 (line 111)
                      ; - java.io.ClassCache::get@1 (line 82)
                      ; - java.io.ObjectStreamClass::lookup@19 (line 364)
                      ; - java.io.ObjectOutputStream::writeObject0@185 (line 1150)
                      ;   {runtime_call UncommonTrapBlob}
  0x0000000118e9cbb4: f3b8 aa97 

  0x0000000118e9cbb8: ;   {other}
  0x0000000118e9cbb8: 1f20 03d5 | 1fc5 8af2 | 1f40 99f2 | 2101 8012 

  0x0000000118e9cbc8: ; ImmutableOopMap {rfp=Oop [0]=Oop [16]=Oop [24]=Oop [40]=Oop }
                      ;*invokevirtual unlock {reexecute=0 rethrow=0 return_oop=0}
                      ; - java.lang.ref.ReferenceQueue::poll@25 (line 186)
                      ; - java.io.ClassCache::processQueue@4 (line 111)
                      ; - java.io.ClassCache::get@1 (line 82)
                      ; - java.io.ObjectStreamClass::lookup@19 (line 364)
                      ; - java.io.ObjectOutputStream::writeObject0@185 (line 1150)
                      ;   {runtime_call UncommonTrapBlob}
  0x0000000118e9cbc8: eeb8 aa97 

  0x0000000118e9cbcc: ;   {other}
  0x0000000118e9cbcc: 1f20 03d5 | 9fc7 8af2 | 1f60 99f2 | ef03 1daa | ee0f 40f9 | eb37 48a9 | cef2 ff17 | e133 40f9 
  0x0000000118e9cbec: e23b 40f9 

  0x0000000118e9cbf0: ; ImmutableOopMap {[0]=Oop [16]=Oop [32]=Oop [48]=Oop [64]=Oop [72]=NarrowOop [80]=Oop [88]=Oop [96]=Oop [112]=Oop [120]=Oop [128]=Oop [140]=NarrowOop }
                      ;*invokestatic isSameClassPackage {reexecute=0 rethrow=0 return_oop=0}
                      ; - jdk.internal.reflect.Reflection::verifyMemberAccess@129 (line 187)
                      ; - java.lang.reflect.AccessibleObject::slowVerifyAccess@16 (line 755)
                      ; - java.lang.reflect.AccessibleObject::verifyAccess@51 (line 741)
                      ; - java.lang.reflect.AccessibleObject::checkAccess@6 (line 713)
                      ; - java.lang.reflect.Method::invoke@60 (line 571)
                      ; - java.io.ObjectStreamClass::invokeWriteObject@24 (line 1072)
                      ; - java.io.ObjectOutputStream::writeSerialData@119 (line 1529)
                      ; - java.io.ObjectOutputStream::writeOrdinaryObject@158 (line 1451)
                      ; - java.io.ObjectOutputStream::writeObject0@506 (line 1194)
                      ;   {static_call}
  0x0000000118e9cbf0: e49e aa97 

  0x0000000118e9cbf4: ;   {other}
  0x0000000118e9cbf4: 1f20 03d5 | 9fcc 8af2 | 1f80 99f2 | fd03 002a | ea03 0032 | 43ff ff17 | 4117 8012 

  0x0000000118e9cc10: ; ImmutableOopMap {rfp=Oop [0]=Oop [16]=Oop [24]=Oop [40]=Oop }
                      ;*ifnull {reexecute=1 rethrow=0 return_oop=0}
                      ; - (reexecute) java.io.ClassCache::processQueue@9 (line 111)
                      ; - java.io.ClassCache::get@1 (line 82)
                      ; - java.io.ObjectStreamClass::lookup@19 (line 364)
                      ; - java.io.ObjectOutputStream::writeObject0@185 (line 1150)
                      ;   {runtime_call UncommonTrapBlob}
  0x0000000118e9cc10: dcb8 aa97 

  0x0000000118e9cc14: ;   {other}
  0x0000000118e9cc14: 1f20 03d5 | 9fd0 8af2 | 1fa0 99f2 | f503 0faa | f403 0eaa | f303 0daa | e103 1caa | c900 0010 
  0x0000000118e9cc34: 89d7 01f9 

  0x0000000118e9cc38: ;   {runtime_call G1BarrierSetRuntime::write_ref_field_pre_entry(oopDesc*, JavaThread*)}
  0x0000000118e9cc38: 887b 94d2 | e8de a0f2 | 2800 c0f2 | 0001 3fd6 

  0x0000000118e9cc48: ;   {other}
  0x0000000118e9cc48: 1f20 03d5 | 1f00 80f2 | 1f00 80f2 | ed03 13aa | ee03 14aa | ef03 15aa | 2cf7 ff17 | f30f 00b9 
  0x0000000118e9cc68: f663 01a9 | f93b 02a9 | ec13 03a9 | ea43 00b9 | f027 00f9 | 4117 8012 

  0x0000000118e9cc80: ; ImmutableOopMap {rfp=Oop [0]=Oop [16]=Oop [24]=Oop [32]=Oop [40]=Oop [48]=Oop [56]=Oop [72]=Oop }
                      ;*ifnull {reexecute=1 rethrow=0 return_oop=0}
                      ; - (reexecute) java.util.HashMap$TreeNode::getTreeNode@4 (line 2048)
                      ; - java.util.HashMap::getNode@95 (line 582)
                      ; - java.util.LinkedHashMap::get@2 (line 536)
                      ; - java.lang.reflect.Executable::getAnnotation@11 (line 612)
                      ; - java.lang.reflect.Method::getAnnotation@2 (line 793)
                      ; - java.lang.reflect.AnnotatedElement::isAnnotationPresent@2 (line 292)
                      ; - java.lang.reflect.AccessibleObject::isAnnotationPresent@2 (line 558)
                      ; - jdk.internal.reflect.Reflection::isCallerSensitive@18 (line 347)
                      ; - java.lang.reflect.Method::isCallerSensitive@11 (line 618)
                      ; - java.lang.reflect.Method::invoke@1 (line 561)
                      ; - java.io.ObjectStreamClass::invokeWriteObject@24 (line 1072)
                      ; - java.io.ObjectOutputStream::writeSerialData@119 (line 1529)
                      ; - java.io.ObjectOutputStream::writeOrdinaryObject@158 (line 1451)
                      ; - java.io.ObjectOutputStream::writeObject0@506 (line 1194)
                      ;   {runtime_call UncommonTrapBlob}
  0x0000000118e9cc80: c0b8 aa97 

  0x0000000118e9cc84: ;   {other}
  0x0000000118e9cc84: 1f20 03d5 | 9fde 8af2 | 1fc0 99f2 | ec0f 00b9 | ee2f 01a9 | ed17 00f9 | e243 00f9 | 4117 8012 
  0x0000000118e9cca4: ; ImmutableOopMap {rfp=Oop [0]=Oop [16]=Oop [24]=Oop [32]=Oop [40]=Oop [48]=Oop [64]=Oop [80]=Oop [88]=Oop [104]=Oop [112]=Oop [120]=Oop [128]=Oop }
                      ;*ifnull {reexecute=1 rethrow=0 return_oop=0}
                      ; - (reexecute) java.util.HashMap$TreeNode::getTreeNode@4 (line 2048)
                      ; - java.util.HashMap::getNode@95 (line 582)
                      ; - java.util.HashMap::get@2 (line 564)
                      ; - java.lang.Module::isStaticallyExportedOrOpen@51 (line 736)
                      ; - java.lang.Module::implIsExportedOrOpen@70 (line 711)
                      ; - java.lang.Module::isExported@14 (line 593)
                      ; - jdk.internal.reflect.Reflection::verifyModuleAccess@20 (line 249)
                      ; - jdk.internal.reflect.Reflection::verifyMemberAccess@22 (line 146)
                      ; - java.lang.reflect.AccessibleObject::slowVerifyAccess@16 (line 755)
                      ; - java.lang.reflect.AccessibleObject::verifyAccess@51 (line 741)
                      ; - java.lang.reflect.AccessibleObject::checkAccess@6 (line 713)
                      ; - java.lang.reflect.Method::invoke@60 (line 571)
                      ; - java.io.ObjectStreamClass::invokeWriteObject@24 (line 1072)
                      ; - java.io.ObjectOutputStream::writeSerialData@119 (line 1529)
                      ; - java.io.ObjectOutputStream::writeOrdinaryObject@158 (line 1451)
                      ; - java.io.ObjectOutputStream::writeObject0@506 (line 1194)
                      ;   {runtime_call UncommonTrapBlob}
  0x0000000118e9cca4: b7b8 aa97 

  0x0000000118e9cca8: ;   {other}
  0x0000000118e9cca8: 1f20 03d5 | 1fe3 8af2 | 1fe0 99f2 | ec0f 00b9 | ee2f 01a9 | ed17 00f9 | f13b 00b9 | e243 00f9 
  0x0000000118e9ccc8: 4117 8012 

  0x0000000118e9cccc: ; ImmutableOopMap {[0]=Oop [16]=Oop [24]=Oop [32]=Oop [40]=Oop [48]=Oop [64]=Oop [80]=Oop [88]=Oop [104]=Oop [112]=Oop [120]=Oop [128]=Oop }
                      ;*if_icmpne {reexecute=1 rethrow=0 return_oop=0}
                      ; - (reexecute) java.lang.String::equals@33 (line 1850)
                      ; - java.util.HashMap::getNode@63 (line 578)
                      ; - java.util.HashMap::get@2 (line 564)
                      ; - java.lang.Module::isStaticallyExportedOrOpen@51 (line 736)
                      ; - java.lang.Module::implIsExportedOrOpen@70 (line 711)
                      ; - java.lang.Module::isExported@14 (line 593)
                      ; - jdk.internal.reflect.Reflection::verifyModuleAccess@20 (line 249)
                      ; - jdk.internal.reflect.Reflection::verifyMemberAccess@22 (line 146)
                      ; - java.lang.reflect.AccessibleObject::slowVerifyAccess@16 (line 755)
                      ; - java.lang.reflect.AccessibleObject::verifyAccess@51 (line 741)
                      ; - java.lang.reflect.AccessibleObject::checkAccess@6 (line 713)
                      ; - java.lang.reflect.Method::invoke@60 (line 571)
                      ; - java.io.ObjectStreamClass::invokeWriteObject@24 (line 1072)
                      ; - java.io.ObjectOutputStream::writeSerialData@119 (line 1529)
                      ; - java.io.ObjectOutputStream::writeOrdinaryObject@158 (line 1451)
                      ; - java.io.ObjectOutputStream::writeObject0@506 (line 1194)
                      ;   {runtime_call UncommonTrapBlob}
  0x0000000118e9cccc: adb8 aa97 

  0x0000000118e9ccd0: ;   {other}
  0x0000000118e9ccd0: 1f20 03d5 | 1fe8 8af2 | 1f00 9af2 | ef17 00f9 | fd03 0eaa | 2104 8012 

  0x0000000118e9cce8: ; ImmutableOopMap {rfp=Oop [0]=Oop [32]=Oop [40]=Oop [48]=Oop [64]=Oop [80]=Oop [88]=Oop [104]=Oop [112]=Oop [120]=Oop [136]=Oop [144]=Oop }
                      ;*invokeinterface get {reexecute=0 rethrow=0 return_oop=0}
                      ; - java.lang.Module::isStaticallyExportedOrOpen@15 (line 729)
                      ; - java.lang.Module::implIsExportedOrOpen@70 (line 711)
                      ; - java.lang.Module::isExported@14 (line 593)
                      ; - jdk.internal.reflect.Reflection::verifyModuleAccess@20 (line 249)
                      ; - jdk.internal.reflect.Reflection::verifyMemberAccess@22 (line 146)
                      ; - java.lang.reflect.AccessibleObject::slowVerifyAccess@16 (line 755)
                      ; - java.lang.reflect.AccessibleObject::verifyAccess@51 (line 741)
                      ; - java.lang.reflect.AccessibleObject::checkAccess@6 (line 713)
                      ; - java.lang.reflect.Method::invoke@60 (line 571)
                      ; - java.io.ObjectStreamClass::invokeWriteObject@24 (line 1072)
                      ; - java.io.ObjectOutputStream::writeSerialData@119 (line 1529)
                      ; - java.io.ObjectOutputStream::writeOrdinaryObject@158 (line 1451)
                      ; - java.io.ObjectOutputStream::writeObject0@506 (line 1194)
                      ;   {runtime_call UncommonTrapBlob}
  0x0000000118e9cce8: a6b8 aa97 

  0x0000000118e9ccec: ;   {other}
  0x0000000118e9ccec: 1f20 03d5 | 9feb 8af2 | 1f20 9af2 | f30f 00b9 | f663 01a9 | f933 02a9 | ef43 03a9 | 2104 8012 
  0x0000000118e9cd0c: ; ImmutableOopMap {[0]=Oop [16]=Oop [24]=Oop [32]=Oop [40]=Oop [48]=Oop [56]=Oop }
                      ;*invokeinterface invoke {reexecute=0 rethrow=0 return_oop=0}
                      ; - java.lang.reflect.Method::invoke@90 (line 580)
                      ; - java.io.ObjectStreamClass::invokeWriteObject@24 (line 1072)
                      ; - java.io.ObjectOutputStream::writeSerialData@119 (line 1529)
                      ; - java.io.ObjectOutputStream::writeOrdinaryObject@158 (line 1451)
                      ; - java.io.ObjectOutputStream::writeObject0@506 (line 1194)
                      ;   {runtime_call UncommonTrapBlob}
  0x0000000118e9cd0c: 9db8 aa97 

  0x0000000118e9cd10: ;   {other}
  0x0000000118e9cd10: 1f20 03d5 | 1ff0 8af2 | 1f40 9af2 | eb0b 00f9 | ea23 40f9 | 4b11 40b9 | ec0f 00f9 | 7df1 7dd3 
  0x0000000118e9cd30: e10f 1d32 

  0x0000000118e9cd34: ; ImmutableOopMap {rfp=Oop [0]=Oop [16]=Oop [24]=Oop [32]=Oop [48]=Oop [80]=Oop [88]=Oop }
                      ;*invokevirtual invokeExact {reexecute=0 rethrow=0 return_oop=0}
                      ; - jdk.internal.reflect.DirectMethodHandleAccessor::invokeImpl@61 (line 168)
                      ; - jdk.internal.reflect.DirectMethodHandleAccessor::invoke@24 (line 130)
                      ; - java.lang.reflect.Method::invoke@90 (line 580)
                      ; - java.io.ObjectStreamClass::invokeWriteObject@24 (line 1072)
                      ; - java.io.ObjectOutputStream::writeSerialData@119 (line 1529)
                      ; - java.io.ObjectOutputStream::writeOrdinaryObject@158 (line 1451)
                      ; - java.io.ObjectOutputStream::writeObject0@506 (line 1194)
                      ;   {runtime_call UncommonTrapBlob}
  0x0000000118e9cd34: 93b8 aa97 

  0x0000000118e9cd38: ;   {other}
  0x0000000118e9cd38: 1f20 03d5 | 1ff5 8af2 | 1f60 9af2 | ea23 40f9 | 4a11 40b9 | eb33 01a9 | 5df1 7dd3 | 6103 8012 
  0x0000000118e9cd58: ; ImmutableOopMap {rfp=Oop [0]=Oop [16]=Oop [24]=Oop [32]=Oop [48]=Oop [64]=Oop [80]=Oop [88]=Oop }
                      ;*aaload {reexecute=0 rethrow=0 return_oop=0}
                      ; - jdk.internal.reflect.DirectMethodHandleAccessor::invokeImpl@95 (line 170)
                      ; - jdk.internal.reflect.DirectMethodHandleAccessor::invoke@24 (line 130)
                      ; - java.lang.reflect.Method::invoke@90 (line 580)
                      ; - java.io.ObjectStreamClass::invokeWriteObject@24 (line 1072)
                      ; - java.io.ObjectOutputStream::writeSerialData@119 (line 1529)
                      ; - java.io.ObjectOutputStream::writeOrdinaryObject@158 (line 1451)
                      ; - java.io.ObjectOutputStream::writeObject0@506 (line 1194)
                      ;   {runtime_call UncommonTrapBlob}
  0x0000000118e9cd58: 8ab8 aa97 

  0x0000000118e9cd5c: ;   {other}
  0x0000000118e9cd5c: 1f20 03d5 | 9ff9 8af2 | 1f80 9af2 | ea23 40f9 | 4a11 40b9 | eb33 01a9 | 5df1 7dd3 | 6103 8012 
  0x0000000118e9cd7c: ; ImmutableOopMap {rfp=Oop [0]=Oop [16]=Oop [24]=Oop [32]=Oop [48]=Oop [64]=Oop [80]=Oop [88]=Oop }
                      ;*aaload {reexecute=0 rethrow=0 return_oop=0}
                      ; - jdk.internal.reflect.DirectMethodHandleAccessor::invokeImpl@77 (line 169)
                      ; - jdk.internal.reflect.DirectMethodHandleAccessor::invoke@24 (line 130)
                      ; - java.lang.reflect.Method::invoke@90 (line 580)
                      ; - java.io.ObjectStreamClass::invokeWriteObject@24 (line 1072)
                      ; - java.io.ObjectOutputStream::writeSerialData@119 (line 1529)
                      ; - java.io.ObjectOutputStream::writeOrdinaryObject@158 (line 1451)
                      ; - java.io.ObjectOutputStream::writeObject0@506 (line 1194)
                      ;   {runtime_call UncommonTrapBlob}
  0x0000000118e9cd7c: 81b8 aa97 

  0x0000000118e9cd80: ;   {other}
  0x0000000118e9cd80: 1f20 03d5 | 1ffe 8af2 | 1fa0 9af2 | 2101 8012 

  0x0000000118e9cd90: ; ImmutableOopMap {[0]=Oop [32]=Oop [48]=Oop [80]=Oop }
                      ;*athrow {reexecute=1 rethrow=0 return_oop=0}
                      ; - (reexecute) java.lang.reflect.AccessibleObject::checkAccess@38 (line 719)
                      ; - java.lang.reflect.Method::invoke@60 (line 571)
                      ; - java.io.ObjectStreamClass::invokeWriteObject@24 (line 1072)
                      ; - java.io.ObjectOutputStream::writeSerialData@119 (line 1529)
                      ; - java.io.ObjectOutputStream::writeOrdinaryObject@158 (line 1451)
                      ; - java.io.ObjectOutputStream::writeObject0@506 (line 1194)
                      ;   {runtime_call UncommonTrapBlob}
  0x0000000118e9cd90: 7cb8 aa97 

  0x0000000118e9cd94: ;   {other}
  0x0000000118e9cd94: 1f20 03d5 | 9f00 8bf2 | 1fc0 9af2 | fd03 0aaa | 2101 8012 

  0x0000000118e9cda8: ; ImmutableOopMap {rfp=Oop [0]=Oop [32]=Oop [48]=Oop [80]=Oop }
                      ;*invokevirtual printStackTrace {reexecute=0 rethrow=0 return_oop=0}
                      ; - java.lang.reflect.AccessibleObject::checkAccess@33 (line 717)
                      ; - java.lang.reflect.Method::invoke@60 (line 571)
                      ; - java.io.ObjectStreamClass::invokeWriteObject@24 (line 1072)
                      ; - java.io.ObjectOutputStream::writeSerialData@119 (line 1529)
                      ; - java.io.ObjectOutputStream::writeOrdinaryObject@158 (line 1451)
                      ; - java.io.ObjectOutputStream::writeObject0@506 (line 1194)
                      ;   {runtime_call UncommonTrapBlob}
  0x0000000118e9cda8: 76b8 aa97 

  0x0000000118e9cdac: ;   {other}
  0x0000000118e9cdac: 1f20 03d5 | 9f03 8bf2 | 1fe0 9af2 | eb37 01a9 | e617 00f9 | fd03 0eaa | 2107 8012 

  0x0000000118e9cdc8: ; ImmutableOopMap {rfp=Oop [0]=Oop [16]=Oop [24]=Oop [32]=Oop [40]=Oop [48]=Oop [64]=Oop [80]=Oop [88]=Oop [104]=Oop [112]=Oop [120]=Oop }
                      ;*invokeinterface contains {reexecute=0 rethrow=0 return_oop=0}
                      ; - java.lang.Module::allows@8 (line 751)
                      ; - java.lang.Module::isStaticallyExportedOrOpen@60 (line 736)
                      ; - java.lang.Module::implIsExportedOrOpen@70 (line 711)
                      ; - java.lang.Module::isExported@14 (line 593)
                      ; - jdk.internal.reflect.Reflection::verifyModuleAccess@20 (line 249)
                      ; - jdk.internal.reflect.Reflection::verifyMemberAccess@22 (line 146)
                      ; - java.lang.reflect.AccessibleObject::slowVerifyAccess@16 (line 755)
                      ; - java.lang.reflect.AccessibleObject::verifyAccess@51 (line 741)
                      ; - java.lang.reflect.AccessibleObject::checkAccess@6 (line 713)
                      ; - java.lang.reflect.Method::invoke@60 (line 571)
                      ; - java.io.ObjectStreamClass::invokeWriteObject@24 (line 1072)
                      ; - java.io.ObjectOutputStream::writeSerialData@119 (line 1529)
                      ; - java.io.ObjectOutputStream::writeOrdinaryObject@158 (line 1451)
                      ; - java.io.ObjectOutputStream::writeObject0@506 (line 1194)
                      ;   {runtime_call UncommonTrapBlob}
  0x0000000118e9cdc8: 6eb8 aa97 

  0x0000000118e9cdcc: ;   {other}
  0x0000000118e9cdcc: 1f20 03d5 | 9f07 8bf2 | 1f00 9bf2 | eb37 01a9 | e617 00f9 | fd03 0eaa | 2104 8012 

  0x0000000118e9cde8: ; ImmutableOopMap {rfp=Oop [0]=Oop [16]=Oop [24]=Oop [32]=Oop [40]=Oop [48]=Oop [64]=Oop [80]=Oop [88]=Oop [104]=Oop [112]=Oop [120]=Oop }
                      ;*invokeinterface contains {reexecute=0 rethrow=0 return_oop=0}
                      ; - java.lang.Module::allows@27 (line 754)
                      ; - java.lang.Module::isStaticallyExportedOrOpen@60 (line 736)
                      ; - java.lang.Module::implIsExportedOrOpen@70 (line 711)
                      ; - java.lang.Module::isExported@14 (line 593)
                      ; - jdk.internal.reflect.Reflection::verifyModuleAccess@20 (line 249)
                      ; - jdk.internal.reflect.Reflection::verifyMemberAccess@22 (line 146)
                      ; - java.lang.reflect.AccessibleObject::slowVerifyAccess@16 (line 755)
                      ; - java.lang.reflect.AccessibleObject::verifyAccess@51 (line 741)
                      ; - java.lang.reflect.AccessibleObject::checkAccess@6 (line 713)
                      ; - java.lang.reflect.Method::invoke@60 (line 571)
                      ; - java.io.ObjectStreamClass::invokeWriteObject@24 (line 1072)
                      ; - java.io.ObjectOutputStream::writeSerialData@119 (line 1529)
                      ; - java.io.ObjectOutputStream::writeOrdinaryObject@158 (line 1451)
                      ; - java.io.ObjectOutputStream::writeObject0@506 (line 1194)
                      ;   {runtime_call UncommonTrapBlob}
  0x0000000118e9cde8: 66b8 aa97 

  0x0000000118e9cdec: ;   {other}
  0x0000000118e9cdec: 1f20 03d5 | 9f0b 8bf2 | 1f20 9bf2 | ee2f 01a9 | ed17 00f9 | f143 00f9 | 4117 8012 

  0x0000000118e9ce08: ; ImmutableOopMap {[0]=Oop [16]=Oop [24]=Oop [32]=Oop [40]=Oop [48]=Oop [64]=Oop [80]=Oop [88]=Oop [104]=Oop [112]=Oop [120]=Oop [128]=Oop }
                      ;*ifle {reexecute=1 rethrow=0 return_oop=0}
                      ; - (reexecute) java.util.HashMap::getNode@14 (line 575)
                      ; - java.util.HashMap::containsKey@2 (line 602)
                      ; - java.util.HashSet::contains@5 (line 213)
                      ; - java.lang.Module::allows@8 (line 751)
                      ; - java.lang.Module::isStaticallyExportedOrOpen@60 (line 736)
                      ; - java.lang.Module::implIsExportedOrOpen@70 (line 711)
                      ; - java.lang.Module::isExported@14 (line 593)
                      ; - jdk.internal.reflect.Reflection::verifyModuleAccess@20 (line 249)
                      ; - jdk.internal.reflect.Reflection::verifyMemberAccess@22 (line 146)
                      ; - java.lang.reflect.AccessibleObject::slowVerifyAccess@16 (line 755)
                      ; - java.lang.reflect.AccessibleObject::verifyAccess@51 (line 741)
                      ; - java.lang.reflect.AccessibleObject::checkAccess@6 (line 713)
                      ; - java.lang.reflect.Method::invoke@60 (line 571)
                      ; - java.io.ObjectStreamClass::invokeWriteObject@24 (line 1072)
                      ; - java.io.ObjectOutputStream::writeSerialData@119 (line 1529)
                      ; - java.io.ObjectOutputStream::writeOrdinaryObject@158 (line 1451)
                      ; - java.io.ObjectOutputStream::writeObject0@506 (line 1194)
                      ;   {runtime_call UncommonTrapBlob}
  0x0000000118e9ce08: 5eb8 aa97 

  0x0000000118e9ce0c: ;   {other}
  0x0000000118e9ce0c: 1f20 03d5 | 9f0f 8bf2 | 1f40 9bf2 | ef03 01a9 | ed17 00f9 | 7df1 7dd3 | 4117 8012 

  0x0000000118e9ce28: ; ImmutableOopMap {rfp=Oop [0]=Oop [16]=Oop [24]=Oop [32]=Oop [40]=Oop [48]=Oop [64]=Oop [80]=Oop }
                      ;*if_acmpeq {reexecute=1 rethrow=0 return_oop=0}
                      ; - (reexecute) java.lang.invoke.Invokers::checkExactType@7 (line 530)
                      ; - java.lang.invoke.LambdaForm$MH/0x0000000301002800::invokeExact_MT@11
                      ; - jdk.internal.reflect.DirectMethodHandleAccessor::invokeImpl@136 (line 178)
                      ; - jdk.internal.reflect.DirectMethodHandleAccessor::invoke@24 (line 130)
                      ; - java.lang.reflect.Method::invoke@90 (line 580)
                      ; - java.io.ObjectStreamClass::invokeWriteObject@24 (line 1072)
                      ; - java.io.ObjectOutputStream::writeSerialData@119 (line 1529)
                      ; - java.io.ObjectOutputStream::writeOrdinaryObject@158 (line 1451)
                      ; - java.io.ObjectOutputStream::writeObject0@506 (line 1194)
                      ;   {runtime_call UncommonTrapBlob}
  0x0000000118e9ce28: 56b8 aa97 

  0x0000000118e9ce2c: ;   {other}
  0x0000000118e9ce2c: 1f20 03d5 | 9f13 8bf2 | 1f60 9bf2 | f353 01a9 | 2104 8012 

  0x0000000118e9ce40: ; ImmutableOopMap {rfp=Oop [0]=Oop [16]=Oop [24]=Oop }
                      ;*checkcast {reexecute=0 rethrow=0 return_oop=0}
                      ; - java.io.ClassCache::get@12 (line 84)
                      ; - java.io.ObjectStreamClass::lookup@19 (line 364)
                      ; - java.io.ObjectOutputStream::writeObject0@185 (line 1150)
                      ;   {runtime_call UncommonTrapBlob}
  0x0000000118e9ce40: 50b8 aa97 

  0x0000000118e9ce44: ;   {other}
  0x0000000118e9ce44: 1f20 03d5 | 9f16 8bf2 | 1f80 9bf2 | f353 01a9 | f513 00f9 | fd03 40f9 | 2104 8012 

  0x0000000118e9ce60: ; ImmutableOopMap {rfp=Oop [16]=Oop [24]=Oop [32]=Oop }
                      ;*checkcast {reexecute=0 rethrow=0 return_oop=0}
                      ; - java.io.ObjectStreamClass::lookup@22 (line 364)
                      ; - java.io.ObjectOutputStream::writeObject0@185 (line 1150)
                      ;   {runtime_call UncommonTrapBlob}
  0x0000000118e9ce60: 48b8 aa97 

  0x0000000118e9ce64: ;   {other}
  0x0000000118e9ce64: 1f20 03d5 | 9f1a 8bf2 | 1fa0 9bf2 | edbb 01a9 | 2104 8012 

  0x0000000118e9ce78: ; ImmutableOopMap {rfp=Oop [0]=Oop [16]=Oop [24]=Oop [32]=Oop }
                      ;*checkcast {reexecute=0 rethrow=0 return_oop=0}
                      ; - java.io.ClassCache::get@12 (line 84)
                      ; - java.io.ObjectStreamClass::lookup@19 (line 364)
                      ; - java.io.ObjectOutputStream::writeObject0@185 (line 1150)
                      ;   {runtime_call UncommonTrapBlob}
  0x0000000118e9ce78: 42b8 aa97 

  0x0000000118e9ce7c: ;   {other}
  0x0000000118e9ce7c: 1f20 03d5 | 9f1d 8bf2 | 1fc0 9bf2 | eebf 01a9 | fd03 0daa | 2104 8012 

  0x0000000118e9ce94: ; ImmutableOopMap {rfp=Oop [0]=Oop [16]=Oop [24]=Oop [32]=Oop }
                      ;*checkcast {reexecute=0 rethrow=0 return_oop=0}
                      ; - java.io.ObjectStreamClass::lookup@22 (line 364)
                      ; - java.io.ObjectOutputStream::writeObject0@185 (line 1150)
                      ;   {runtime_call UncommonTrapBlob}
  0x0000000118e9ce94: 3bb8 aa97 

  0x0000000118e9ce98: ;   {other}
  0x0000000118e9ce98: 1f20 03d5 | 1f21 8bf2 | 1fe0 9bf2 | f30f 00b9 | f663 01a9 | f93b 02a9 | ec1b 00f9 | ed2f 0729 
  0x0000000118e9ceb8: f003 04a9 | fa2b 00f9 | 2104 8012 

  0x0000000118e9cec4: ; ImmutableOopMap {rfp=Oop [0]=Oop [16]=Oop [24]=Oop [32]=Oop [40]=Oop [48]=Oop [64]=Oop [72]=Oop [80]=Oop }
                      ;*instanceof {reexecute=0 rethrow=0 return_oop=0}
                      ; - java.lang.reflect.AccessibleObject::isAccessChecked@6 (line 701)
                      ; - java.lang.reflect.AccessibleObject::verifyAccess@37 (line 735)
                      ; - java.lang.reflect.AccessibleObject::checkAccess@6 (line 713)
                      ; - java.lang.reflect.Method::invoke@60 (line 571)
                      ; - java.io.ObjectStreamClass::invokeWriteObject@24 (line 1072)
                      ; - java.io.ObjectOutputStream::writeSerialData@119 (line 1529)
                      ; - java.io.ObjectOutputStream::writeOrdinaryObject@158 (line 1451)
                      ; - java.io.ObjectOutputStream::writeObject0@506 (line 1194)
                      ;   {runtime_call UncommonTrapBlob}
  0x0000000118e9cec4: 2fb8 aa97 

  0x0000000118e9cec8: ;   {other}
  0x0000000118e9cec8: 1f20 03d5 | 1f27 8bf2 | 1f00 9cf2 | fd03 00aa | 2104 8012 

  0x0000000118e9cedc: ; ImmutableOopMap {rfp=Oop [0]=Oop [24]=Oop [32]=Oop [48]=Oop [64]=Oop [80]=Oop [88]=Oop [104]=Oop [112]=Oop [120]=Oop [128]=Oop [136]=Oop }
                      ;*checkcast {reexecute=0 rethrow=0 return_oop=0}
                      ; - java.lang.Module::isStaticallyExportedOrOpen@20 (line 729)
                      ; - java.lang.Module::implIsExportedOrOpen@70 (line 711)
                      ; - java.lang.Module::isExported@14 (line 593)
                      ; - jdk.internal.reflect.Reflection::verifyModuleAccess@20 (line 249)
                      ; - jdk.internal.reflect.Reflection::verifyMemberAccess@22 (line 146)
                      ; - java.lang.reflect.AccessibleObject::slowVerifyAccess@16 (line 755)
                      ; - java.lang.reflect.AccessibleObject::verifyAccess@51 (line 741)
                      ; - java.lang.reflect.AccessibleObject::checkAccess@6 (line 713)
                      ; - java.lang.reflect.Method::invoke@60 (line 571)
                      ; - java.io.ObjectStreamClass::invokeWriteObject@24 (line 1072)
                      ; - java.io.ObjectOutputStream::writeSerialData@119 (line 1529)
                      ; - java.io.ObjectOutputStream::writeOrdinaryObject@158 (line 1451)
                      ; - java.io.ObjectOutputStream::writeObject0@506 (line 1194)
                      ;   {runtime_call UncommonTrapBlob}
  0x0000000118e9cedc: 29b8 aa97 

  0x0000000118e9cee0: ;   {other}
  0x0000000118e9cee0: 1f20 03d5 | 1f2a 8bf2 | 1f20 9cf2 | fd03 00aa | f403 40f9 | ccf5 ff17 | e103 00aa | d6f5 ff17 
  0x0000000118e9cf00: 0100 0014 | e103 00aa | d3f5 ff17 | fd03 00aa | f403 40f9 | c4f5 ff17 | 2101 8012 

  0x0000000118e9cf1c: ; ImmutableOopMap {rfp=Oop [0]=Oop }
                      ;*invokevirtual setBlockDataMode {reexecute=0 rethrow=0 return_oop=0}
                      ; - java.io.ObjectOutputStream::writeObject0@5 (line 1124)
                      ;   {runtime_call UncommonTrapBlob}
  0x0000000118e9cf1c: 19b8 aa97 

  0x0000000118e9cf20: ;   {other}
  0x0000000118e9cf20: 1f20 03d5 | 1f32 8bf2 | 1f40 9cf2 | 2101 8012 

  0x0000000118e9cf30: ; ImmutableOopMap {rfp=Oop [0]=Oop }
                      ;*invokevirtual lookup {reexecute=0 rethrow=0 return_oop=0}
                      ; - java.io.ObjectOutputStream::writeObject0@24 (line 1129)
                      ;   {runtime_call UncommonTrapBlob}
  0x0000000118e9cf30: 14b8 aa97 

  0x0000000118e9cf34: ;   {other}
  0x0000000118e9cf34: 1f20 03d5 | 9f34 8bf2 | 1f60 9cf2 | 2101 8012 

  0x0000000118e9cf44: ; ImmutableOopMap {rfp=Oop [0]=Oop }
                      ;*invokevirtual lookup {reexecute=0 rethrow=0 return_oop=0}
                      ; - java.io.ObjectOutputStream$ReplaceTable::lookup@5 (line 2423)
                      ; - java.io.ObjectOutputStream::writeObject0@24 (line 1129)
                      ;   {runtime_call UncommonTrapBlob}
  0x0000000118e9cf44: 0fb8 aa97 

  0x0000000118e9cf48: ;   {other}
  0x0000000118e9cf48: 1f20 03d5 | 1f37 8bf2 | 1f80 9cf2 | fd03 40f9 | 2101 8012 

  0x0000000118e9cf5c: ; ImmutableOopMap {rfp=Oop }
                      ;*arraylength {reexecute=0 rethrow=0 return_oop=0}
                      ; - java.io.ObjectOutputStream$HandleTable::lookup@18 (line 2317)
                      ; - java.io.ObjectOutputStream$ReplaceTable::lookup@5 (line 2423)
                      ; - java.io.ObjectOutputStream::writeObject0@24 (line 1129)
                      ;   {runtime_call UncommonTrapBlob}
  0x0000000118e9cf5c: 09b8 aa97 

  0x0000000118e9cf60: ;   {other}
  0x0000000118e9cf60: 1f20 03d5 | 1f3a 8bf2 | 1fa0 9cf2 | f30b 00f9 | fd03 40f9 | 2101 8012 

  0x0000000118e9cf78: ; ImmutableOopMap {rfp=Oop [16]=Oop }
                      ;*invokevirtual lookup {reexecute=0 rethrow=0 return_oop=0}
                      ; - java.io.ObjectOutputStream::writeObject0@65 (line 1132)
                      ;   {runtime_call UncommonTrapBlob}
  0x0000000118e9cf78: 02b8 aa97 

  0x0000000118e9cf7c: ;   {other}
  0x0000000118e9cf7c: 1f20 03d5 | 9f3d 8bf2 | 1fc0 9cf2 | f30b 00f9 | fd03 40f9 | 2101 8012 

  0x0000000118e9cf94: ; ImmutableOopMap {rfp=Oop [16]=Oop }
                      ;*arraylength {reexecute=0 rethrow=0 return_oop=0}
                      ; - java.io.ObjectOutputStream$HandleTable::lookup@18 (line 2317)
                      ; - java.io.ObjectOutputStream::writeObject0@65 (line 1132)
                      ;   {runtime_call UncommonTrapBlob}
  0x0000000118e9cf94: fbb7 aa97 

  0x0000000118e9cf98: ;   {other}
  0x0000000118e9cf98: 1f20 03d5 | 1f41 8bf2 | 1fe0 9cf2 | e10f 00f9 | e803 40f9 | e80b 00f9 | 2111 8012 | f003 00b9 
  0x0000000118e9cfb8: ee47 02a9 

  0x0000000118e9cfbc: ; ImmutableOopMap {[16]=Oop [24]=Oop [32]=Oop [40]=Oop }
                      ;*iflt {reexecute=1 rethrow=0 return_oop=0}
                      ; - (reexecute) java.io.ObjectOutputStream$HandleTable::lookup@29 (line 2318)
                      ; - java.io.ObjectOutputStream$ReplaceTable::lookup@5 (line 2423)
                      ; - java.io.ObjectOutputStream::writeObject0@24 (line 1129)
                      ;   {runtime_call UncommonTrapBlob}
  0x0000000118e9cfbc: f1b7 aa97 

  0x0000000118e9cfc0: ;   {other}
  0x0000000118e9cfc0: 1f20 03d5 | 1f46 8bf2 | 1f00 9df2 | e10f 00f9 | e803 40f9 | e80b 00f9 | 2108 8012 | f003 00b9 
  0x0000000118e9cfe0: ee47 02a9 

  0x0000000118e9cfe4: ; ImmutableOopMap {[16]=Oop [24]=Oop [32]=Oop [40]=Oop }
                      ;*iflt {reexecute=1 rethrow=0 return_oop=0}
                      ; - (reexecute) java.io.ObjectOutputStream$HandleTable::lookup@29 (line 2318)
                      ; - java.io.ObjectOutputStream$ReplaceTable::lookup@5 (line 2423)
                      ; - java.io.ObjectOutputStream::writeObject0@24 (line 1129)
                      ;   {runtime_call UncommonTrapBlob}
  0x0000000118e9cfe4: e7b7 aa97 

  0x0000000118e9cfe8: ;   {other}
  0x0000000118e9cfe8: 1f20 03d5 | 1f4b 8bf2 | 1f20 9df2 | ef0f 00b9 | f343 01a9 | fd03 40f9 | 2111 8012 

  0x0000000118e9d004: ; ImmutableOopMap {rfp=Oop [16]=Oop [24]=Oop }
                      ;*iflt {reexecute=1 rethrow=0 return_oop=0}
                      ; - (reexecute) java.io.ObjectOutputStream$HandleTable::lookup@29 (line 2318)
                      ; - java.io.ObjectOutputStream::writeObject0@65 (line 1132)
                      ;   {runtime_call UncommonTrapBlob}
  0x0000000118e9d004: dfb7 aa97 

  0x0000000118e9d008: ;   {other}
  0x0000000118e9d008: 1f20 03d5 | 1f4f 8bf2 | 1f40 9df2 | ef0f 00b9 | f343 01a9 | fd03 40f9 | 2108 8012 

  0x0000000118e9d024: ; ImmutableOopMap {rfp=Oop [16]=Oop [24]=Oop }
                      ;*iflt {reexecute=1 rethrow=0 return_oop=0}
                      ; - (reexecute) java.io.ObjectOutputStream$HandleTable::lookup@29 (line 2318)
                      ; - java.io.ObjectOutputStream::writeObject0@65 (line 1132)
                      ;   {runtime_call UncommonTrapBlob}
  0x0000000118e9d024: d7b7 aa97 

  0x0000000118e9d028: ;   {other}
  0x0000000118e9d028: 1f20 03d5 | 1f53 8bf2 | 1f60 9df2 | f30b 00f9 | fd03 40f9 | 2101 8012 

  0x0000000118e9d040: ; ImmutableOopMap {rfp=Oop [16]=Oop [40]=Oop }
                      ;*invokevirtual poll {reexecute=0 rethrow=0 return_oop=0}
                      ; - java.io.ClassCache::processQueue@4 (line 111)
                      ; - java.io.ClassCache::get@1 (line 82)
                      ; - java.io.ObjectStreamClass::lookup@19 (line 364)
                      ; - java.io.ObjectOutputStream::writeObject0@185 (line 1150)
                      ;   {runtime_call UncommonTrapBlob}
  0x0000000118e9d040: d0b7 aa97 

  0x0000000118e9d044: ;   {other}
  0x0000000118e9d044: 1f20 03d5 | 9f56 8bf2 | 1f80 9df2 | f30b 00f9 | fd03 40f9 | 2101 8012 

  0x0000000118e9d05c: ; ImmutableOopMap {rfp=Oop [16]=Oop [40]=Oop }
                      ;*invokevirtual get {reexecute=0 rethrow=0 return_oop=0}
                      ; - java.io.ClassCache::get@9 (line 84)
                      ; - java.io.ObjectStreamClass::lookup@19 (line 364)
                      ; - java.io.ObjectOutputStream::writeObject0@185 (line 1150)
                      ;   {runtime_call UncommonTrapBlob}
  0x0000000118e9d05c: c9b7 aa97 

  0x0000000118e9d060: ;   {other}
  0x0000000118e9d060: 1f20 03d5 | 1f5a 8bf2 | 1fa0 9df2 | f353 01a9 | fd03 40f9 | 6101 8012 

  0x0000000118e9d078: ; ImmutableOopMap {rfp=Oop [16]=Oop [24]=Oop }
                      ;*checkcast {reexecute=0 rethrow=0 return_oop=0}
                      ; - java.io.ClassCache::get@12 (line 84)
                      ; - java.io.ObjectStreamClass::lookup@19 (line 364)
                      ; - java.io.ObjectOutputStream::writeObject0@185 (line 1150)
                      ;   {runtime_call UncommonTrapBlob}
  0x0000000118e9d078: c2b7 aa97 

  0x0000000118e9d07c: ;   {other}
  0x0000000118e9d07c: 1f20 03d5 | 9f5d 8bf2 | 1fc0 9df2 | 2101 8012 

  0x0000000118e9d08c: ; ImmutableOopMap {}
                      ;*invokevirtual setBlockDataMode {reexecute=0 rethrow=0 return_oop=0}
                      ; - java.io.ObjectOutputStream::writeObject0@588 (line 1205)
                      ;   {runtime_call UncommonTrapBlob}
  0x0000000118e9d08c: bdb7 aa97 

  0x0000000118e9d090: ;   {other}
  0x0000000118e9d090: 1f20 03d5 | 1f60 8bf2 | 1fe0 9df2 | fd03 00aa | f403 40f9 | 60f5 ff17 | fd03 0aaa | 2101 8012 
  0x0000000118e9d0b0: ; ImmutableOopMap {rfp=Oop }
                      ;*invokevirtual writeByte {reexecute=0 rethrow=0 return_oop=0}
                      ; - java.io.ObjectOutputStream::writeHandle@6 (line 1220)
                      ; - java.io.ObjectOutputStream::writeObject0@78 (line 1133)
                      ;   {runtime_call UncommonTrapBlob}
  0x0000000118e9d0b0: b4b7 aa97 

  0x0000000118e9d0b4: ;   {other}
  0x0000000118e9d0b4: 1f20 03d5 | 9f64 8bf2 | 1f00 9ef2 | e10f 00b9 | fd03 40f9 | 2101 8012 

  0x0000000118e9d0cc: ; ImmutableOopMap {rfp=Oop }
                      ;*bastore {reexecute=0 rethrow=0 return_oop=0}
                      ; - java.io.ObjectOutputStream$BlockDataOutputStream::writeByte@31 (line 1939)
                      ; - java.io.ObjectOutputStream::writeHandle@6 (line 1220)
                      ; - java.io.ObjectOutputStream::writeObject0@78 (line 1133)
                      ;   {runtime_call UncommonTrapBlob}
  0x0000000118e9d0cc: adb7 aa97 

  0x0000000118e9d0d0: ;   {other}
  0x0000000118e9d0d0: 1f20 03d5 | 1f68 8bf2 | 1f20 9ef2 | fd03 00aa | f403 40f9 | 50f5 ff17 | f303 00f9 | f637 01a9 
  0x0000000118e9d0f0: 2101 8012 

  0x0000000118e9d0f4: ; ImmutableOopMap {[0]=Oop [16]=Oop [24]=Oop [48]=Oop [56]=Oop }
                      ;*invokeinterface apply {reexecute=0 rethrow=0 return_oop=0}
                      ; - org.gradle.internal.serialize.ExceptionReplacingObjectOutputStream::replaceObject@5 (line 56)
                      ; - java.io.ObjectOutputStream::writeObject0@240 (line 1160)
                      ;   {runtime_call UncommonTrapBlob}
  0x0000000118e9d0f4: a3b7 aa97 

  0x0000000118e9d0f8: ;   {other}
  0x0000000118e9d0f8: 1f20 03d5 | 1f6d 8bf2 | 1f40 9ef2 | fd03 40f9 | 2101 8012 

  0x0000000118e9d10c: ; ImmutableOopMap {rfp=Oop }
                      ;*invokevirtual writeByte {reexecute=0 rethrow=0 return_oop=0}
                      ; - java.io.ObjectOutputStream::writeNull@6 (line 1213)
                      ; - java.io.ObjectOutputStream::writeObject0@33 (line 1130)
                      ;   {runtime_call UncommonTrapBlob}
  0x0000000118e9d10c: 9db7 aa97 

  0x0000000118e9d110: ;   {other}
  0x0000000118e9d110: 1f20 03d5 | 1f70 8bf2 | 1f60 9ef2 | f00f 00b9 | fd03 40f9 | 2101 8012 

  0x0000000118e9d128: ; ImmutableOopMap {rfp=Oop }
                      ;*bastore {reexecute=0 rethrow=0 return_oop=0}
                      ; - java.io.ObjectOutputStream$BlockDataOutputStream::writeByte@31 (line 1939)
                      ; - java.io.ObjectOutputStream::writeNull@6 (line 1213)
                      ; - java.io.ObjectOutputStream::writeObject0@33 (line 1130)
                      ;   {runtime_call UncommonTrapBlob}
  0x0000000118e9d128: 96b7 aa97 

  0x0000000118e9d12c: ;   {other}
  0x0000000118e9d12c: 1f20 03d5 | 9f73 8bf2 | 1f80 9ef2 | fd03 00aa | f403 40f9 | 39f5 ff17 | fd03 00aa | f403 40f9 
  0x0000000118e9d14c: 36f5 ff17 | f403 40f9 | f303 00aa | 32f5 ff17 | 0100 0014 | e103 00aa | 3cf5 ff17 | 0100 0014 
  0x0000000118e9d16c: e103 00aa | 39f5 ff17 | 2101 8012 | fd03 102a 

  0x0000000118e9d17c: ; ImmutableOopMap {[0]=Oop }
                      ;*aaload {reexecute=0 rethrow=0 return_oop=0}
                      ; - java.io.ObjectOutputStream$ReplaceTable::lookup@18 (line 2424)
                      ; - java.io.ObjectOutputStream::writeObject0@24 (line 1129)
                      ;   {runtime_call UncommonTrapBlob}
  0x0000000118e9d17c: 81b7 aa97 

  0x0000000118e9d180: ;   {other}
  0x0000000118e9d180: 1f20 03d5 | 1f7e 8bf2 | 1fa0 9ef2 | fd03 00aa | f403 40f9 | 24f5 ff17 | fd03 00aa | f403 40f9 
  0x0000000118e9d1a0: 21f5 ff17 | fd03 00aa | f403 40f9 | 1ef5 ff17 | 0100 0014 | e103 00aa | 27f5 ff17 | 0100 0014 
  0x0000000118e9d1c0: 0a08 40b9 | e103 00aa | 0400 0014 | 0100 0014 | 0a08 40b9 | e103 00aa | 4a05 60d2 | 4a29 40f9 
  0x0000000118e9d1e0: ;   {metadata('java/lang/ClassCastException')}
  0x0000000118e9d1e0: 0b98 93d2 | cb00 a0f2 | 6b00 c0f2 | 5f01 0beb | e104 0054 | ea03 01aa | fd03 0aaa | e123 40f9 
  0x0000000118e9d200: e203 0aaa 

  0x0000000118e9d204: ; ImmutableOopMap {rfp=Oop [0]=Oop [32]=Oop [48]=Oop [72]=NarrowOop [80]=Oop }
                      ;*invokevirtual isIllegalArgument {reexecute=0 rethrow=0 return_oop=0}
                      ; - jdk.internal.reflect.DirectMethodHandleAccessor::invoke@30 (line 105)
                      ; - java.lang.reflect.Method::invoke@102 (line 580)
                      ; - java.io.ObjectStreamClass::invokeWriteObject@24 (line 1072)
                      ; - java.io.ObjectOutputStream::writeSerialData@119 (line 1529)
                      ; - java.io.ObjectOutputStream::writeOrdinaryObject@158 (line 1451)
                      ; - java.io.ObjectOutputStream::writeObject0@506 (line 1194)
                      ;   {optimized virtual_call}
  0x0000000118e9d204: df9b aa97 

  0x0000000118e9d208: ;   {other}
  0x0000000118e9d208: 1f20 03d5 | 1f8f 8bf2 | 1fc0 9ef2 | 4005 0034 | 80df 40f9 | 8ae7 40f9 | 0ba0 0091 | 7f01 0aeb 
  0x0000000118e9d228: a203 0054 | ea03 40b2 | 8bdf 00f9 

  0x0000000118e9d234: ;   {metadata('java/lang/IllegalArgumentException')}
  0x0000000118e9d234: cc00 a0d2 | 0cfa 94f2 | 0a00 00f9 | 0c08 00b9 | 70c1 80f9 | 1f0c 00b9 | 0a40 0091 | 5f01 00f9 
  0x0000000118e9d254: 5ffd 00a9 | bf3a 03d5 | ea03 00aa | fd03 0aaa | e103 0aaa 

  0x0000000118e9d268: ;   {oop("argument type mismatch"{0x00000005d4dac5d0})}
  0x0000000118e9d268: 02ba 98d2 | 429b baf2 | a200 c0f2 

  0x0000000118e9d274: ; ImmutableOopMap {rfp=Oop [0]=Oop [32]=Oop [48]=Oop [72]=NarrowOop [80]=Oop }
                      ;*invokespecial <init> {reexecute=0 rethrow=0 return_oop=0}
                      ; - jdk.internal.reflect.DirectMethodHandleAccessor::invoke@42 (line 107)
                      ; - java.lang.reflect.Method::invoke@102 (line 580)
                      ; - java.io.ObjectStreamClass::invokeWriteObject@24 (line 1072)
                      ; - java.io.ObjectOutputStream::writeSerialData@119 (line 1529)
                      ; - java.io.ObjectOutputStream::writeOrdinaryObject@158 (line 1451)
                      ; - java.io.ObjectOutputStream::writeObject0@506 (line 1194)
                      ;   {optimized virtual_call}
  0x0000000118e9d274: c39b aa97 

  0x0000000118e9d278: ;   {other}
  0x0000000118e9d278: 1f20 03d5 | 1f9d 8bf2 | 1fe0 9ef2 | ea03 1daa | cbf4 ff17 

  0x0000000118e9d28c: ; ImmutableOopMap {[0]=Oop [32]=Oop [48]=Oop [64]=Oop [72]=NarrowOop [80]=Oop }
                      ;*invokevirtual invokeImpl {reexecute=0 rethrow=0 return_oop=1}
                      ; - jdk.internal.reflect.DirectMethodHandleAccessor::invoke@23 (line 103)
                      ; - java.lang.reflect.Method::invoke@102 (line 580)
                      ; - java.io.ObjectStreamClass::invokeWriteObject@24 (line 1072)
                      ; - java.io.ObjectOutputStream::writeSerialData@119 (line 1529)
                      ; - java.io.ObjectOutputStream::writeOrdinaryObject@158 (line 1451)
                      ; - java.io.ObjectOutputStream::writeObject0@506 (line 1194)
                      ;   {runtime_call _rethrow_Java}
  0x0000000118e9d28c: 5d37 ae97 

  0x0000000118e9d290: ;   {other}
  0x0000000118e9d290: 1f20 03d5 | 1fa0 8bf2 | 1f00 9ff2 

  0x0000000118e9d29c: ;   {metadata('java/lang/IllegalArgumentException')}
  0x0000000118e9d29c: 01fa 94d2 | c100 a0f2 | 6100 c0f2 

  0x0000000118e9d2a8: ; ImmutableOopMap {[0]=Oop [32]=Oop [48]=Oop [72]=NarrowOop [80]=Oop }
                      ;*new {reexecute=0 rethrow=0 return_oop=1}
                      ; - jdk.internal.reflect.DirectMethodHandleAccessor::invoke@36 (line 107)
                      ; - java.lang.reflect.Method::invoke@102 (line 580)
                      ; - java.io.ObjectStreamClass::invokeWriteObject@24 (line 1072)
                      ; - java.io.ObjectOutputStream::writeSerialData@119 (line 1529)
                      ; - java.io.ObjectOutputStream::writeOrdinaryObject@158 (line 1451)
                      ; - java.io.ObjectOutputStream::writeObject0@506 (line 1194)
                      ;   {runtime_call _new_instance_Java}
  0x0000000118e9d2a8: 960f ae97 

  0x0000000118e9d2ac: ;   {other}
  0x0000000118e9d2ac: 1f20 03d5 | 9fa3 8bf2 | 1f20 9ff2 | e8ff ff17 | 410d 8052 

  0x0000000118e9d2c0: ; ImmutableOopMap {rfp=Oop [0]=Oop [32]=Oop [48]=Oop [80]=Oop }
                      ;*new {reexecute=0 rethrow=0 return_oop=0}
                      ; - jdk.internal.reflect.DirectMethodHandleAccessor::invoke@46 (line 109)
                      ; - java.lang.reflect.Method::invoke@102 (line 580)
                      ; - java.io.ObjectStreamClass::invokeWriteObject@24 (line 1072)
                      ; - java.io.ObjectOutputStream::writeSerialData@119 (line 1529)
                      ; - java.io.ObjectOutputStream::writeOrdinaryObject@158 (line 1451)
                      ; - java.io.ObjectOutputStream::writeObject0@506 (line 1194)
                      ;   {runtime_call UncommonTrapBlob}
  0x0000000118e9d2c0: 30b7 aa97 

  0x0000000118e9d2c4: ;   {other}
  0x0000000118e9d2c4: 1f20 03d5 | 9fa6 8bf2 | 1f40 9ff2 | f30f 00b9 | f663 01a9 | 2101 8012 

  0x0000000118e9d2dc: ; ImmutableOopMap {[0]=Oop [16]=Oop [24]=Oop }
                      ;*getfield desc {reexecute=1 rethrow=0 return_oop=0}
                      ; - (reexecute) java.io.ObjectOutputStream::writeSerialData@19 (line 1515)
                      ; - java.io.ObjectOutputStream::writeOrdinaryObject@158 (line 1451)
                      ; - java.io.ObjectOutputStream::writeObject0@506 (line 1194)
                      ;   {runtime_call UncommonTrapBlob}
  0x0000000118e9d2dc: 29b7 aa97 

  0x0000000118e9d2e0: ;   {other}
  0x0000000118e9d2e0: 1f20 03d5 | 1faa 8bf2 | 1f60 9ff2 | f30f 00b9 | f663 01a9 | 2101 8012 

  0x0000000118e9d2f8: ; ImmutableOopMap {[0]=Oop [16]=Oop [24]=Oop }
                      ;*invokevirtual hasWriteObjectMethod {reexecute=0 rethrow=0 return_oop=0}
                      ; - java.io.ObjectOutputStream::writeSerialData@26 (line 1516)
                      ; - java.io.ObjectOutputStream::writeOrdinaryObject@158 (line 1451)
                      ; - java.io.ObjectOutputStream::writeObject0@506 (line 1194)
                      ;   {runtime_call UncommonTrapBlob}
  0x0000000118e9d2f8: 22b7 aa97 

  0x0000000118e9d2fc: ;   {other}
  0x0000000118e9d2fc: 1f20 03d5 | 9fad 8bf2 | 1f80 9ff2 | ea03 00aa | 0200 0014 | ea03 00aa | f303 0aaa | a8f4 ff17 
  0x0000000118e9d31c: f60b 00f9 | fd03 40f9 | 2101 8012 

  0x0000000118e9d328: ; ImmutableOopMap {rfp=Oop [16]=Oop [48]=Oop }
                      ;*invokevirtual writeByte {reexecute=0 rethrow=0 return_oop=0}
                      ; - java.io.ObjectOutputStream::writeOrdinaryObject@88 (line 1442)
                      ; - java.io.ObjectOutputStream::writeObject0@506 (line 1194)
                      ;   {runtime_call UncommonTrapBlob}
  0x0000000118e9d328: 16b7 aa97 

  0x0000000118e9d32c: ;   {other}
  0x0000000118e9d32c: 1f20 03d5 | 9fb3 8bf2 | 1fa0 9ff2 | ed0f 00b9 | f60b 00f9 | fd03 40f9 | 2101 8012 

  0x0000000118e9d348: ; ImmutableOopMap {rfp=Oop [16]=Oop [48]=Oop }
                      ;*bastore {reexecute=0 rethrow=0 return_oop=0}
                      ; - java.io.ObjectOutputStream$BlockDataOutputStream::writeByte@31 (line 1939)
                      ; - java.io.ObjectOutputStream::writeOrdinaryObject@88 (line 1442)
                      ; - java.io.ObjectOutputStream::writeObject0@506 (line 1194)
                      ;   {runtime_call UncommonTrapBlob}
  0x0000000118e9d348: 0eb7 aa97 

  0x0000000118e9d34c: ;   {other}
  0x0000000118e9d34c: 1f20 03d5 | 9fb7 8bf2 | 1fc0 9ff2 | f60b 00f9 | fd03 40f9 | 2101 8012 

  0x0000000118e9d364: ; ImmutableOopMap {rfp=Oop [16]=Oop [48]=Oop }
                      ;*invokevirtual lookup {reexecute=0 rethrow=0 return_oop=0}
                      ; - java.io.ObjectOutputStream::writeClassDesc@20 (line 1242)
                      ; - java.io.ObjectOutputStream::writeOrdinaryObject@94 (line 1443)
                      ; - java.io.ObjectOutputStream::writeObject0@506 (line 1194)
                      ;   {runtime_call UncommonTrapBlob}
  0x0000000118e9d364: 07b7 aa97 

  0x0000000118e9d368: ;   {other}
  0x0000000118e9d368: 1f20 03d5 | 1fbb 8bf2 | 1fe0 9ff2 | f64f 01a9 | fd03 40f9 | 2101 8012 

  0x0000000118e9d380: ; ImmutableOopMap {rfp=Oop [16]=Oop [24]=Oop }
                      ;*invokevirtual assign {reexecute=0 rethrow=0 return_oop=0}
                      ; - java.io.ObjectOutputStream::writeOrdinaryObject@110 (line 1444)
                      ; - java.io.ObjectOutputStream::writeObject0@506 (line 1194)
                      ;   {runtime_call UncommonTrapBlob}
  0x0000000118e9d380: 00b7 aa97 

  0x0000000118e9d384: ;   {other}
  0x0000000118e9d384: 1f20 03d5 | 1f00 80f2 | 1f00 80f2 | f64f 01a9 | fd03 40f9 | 2101 8012 

  0x0000000118e9d39c: ; ImmutableOopMap {rfp=Oop [16]=Oop [24]=Oop }
                      ;*arraylength {reexecute=0 rethrow=0 return_oop=0}
                      ; - java.io.ObjectOutputStream$HandleTable::assign@8 (line 2299)
                      ; - java.io.ObjectOutputStream::writeOrdinaryObject@110 (line 1444)
                      ; - java.io.ObjectOutputStream::writeObject0@506 (line 1194)
                      ;   {runtime_call UncommonTrapBlob}
  0x0000000118e9d39c: f9b6 aa97 

  0x0000000118e9d3a0: ;   {other}
  0x0000000118e9d3a0: 1f20 03d5 | 1f00 80f2 | 1f00 80f2 | f64f 01a9 | fd03 40f9 | 2101 8012 

  0x0000000118e9d3b8: ; ImmutableOopMap {rfp=Oop [16]=Oop [24]=Oop }
                      ;*arraylength {reexecute=0 rethrow=0 return_oop=0}
                      ; - java.io.ObjectOutputStream$HandleTable::insert@9 (line 2347)
                      ; - java.io.ObjectOutputStream$HandleTable::assign@37 (line 2305)
                      ; - java.io.ObjectOutputStream::writeOrdinaryObject@110 (line 1444)
                      ; - java.io.ObjectOutputStream::writeObject0@506 (line 1194)
                      ;   {runtime_call UncommonTrapBlob}
  0x0000000118e9d3b8: f2b6 aa97 

  0x0000000118e9d3bc: ;   {other}
  0x0000000118e9d3bc: 1f20 03d5 | 1f00 80f2 | 1f00 80f2 | ec0f 00b9 | f64f 01a9 | fd03 40f9 | 2101 8012 

  0x0000000118e9d3d8: ; ImmutableOopMap {rfp=Oop [16]=Oop [24]=Oop }
                      ;*aastore {reexecute=1 rethrow=0 return_oop=0}
                      ; - (reexecute) java.io.ObjectOutputStream$HandleTable::insert@18 (line 2348)
                      ; - java.io.ObjectOutputStream$HandleTable::assign@37 (line 2305)
                      ; - java.io.ObjectOutputStream::writeOrdinaryObject@110 (line 1444)
                      ; - java.io.ObjectOutputStream::writeObject0@506 (line 1194)
                      ;   {runtime_call UncommonTrapBlob}
  0x0000000118e9d3d8: eab6 aa97 

  0x0000000118e9d3dc: ;   {other}
  0x0000000118e9d3dc: 1f20 03d5 | 1f00 80f2 | 1f00 80f2 | ec0f 00b9 | f64f 01a9 | 2101 8012 

  0x0000000118e9d3f4: ; ImmutableOopMap {[0]=Oop [16]=Oop [24]=Oop }
                      ;*iastore {reexecute=0 rethrow=0 return_oop=0}
                      ; - java.io.ObjectOutputStream$HandleTable::insert@30 (line 2349)
                      ; - java.io.ObjectOutputStream$HandleTable::assign@37 (line 2305)
                      ; - java.io.ObjectOutputStream::writeOrdinaryObject@110 (line 1444)
                      ; - java.io.ObjectOutputStream::writeObject0@506 (line 1194)
                      ;   {runtime_call UncommonTrapBlob}
  0x0000000118e9d3f4: e3b6 aa97 

  0x0000000118e9d3f8: ;   {other}
  0x0000000118e9d3f8: 1f20 03d5 | 1f00 80f2 | 1f00 80f2 | f60b 00f9 | fd03 40f9 | 2101 8012 

  0x0000000118e9d410: ; ImmutableOopMap {rfp=Oop [16]=Oop }
                      ;*arraylength {reexecute=0 rethrow=0 return_oop=0}
                      ; - java.io.ObjectOutputStream::writeSerialData@11 (line 1514)
                      ; - java.io.ObjectOutputStream::writeOrdinaryObject@158 (line 1451)
                      ; - java.io.ObjectOutputStream::writeObject0@506 (line 1194)
                      ;   {runtime_call UncommonTrapBlob}
  0x0000000118e9d410: dcb6 aa97 

  0x0000000118e9d414: ;   {other}
  0x0000000118e9d414: 1f20 03d5 | 1f00 80f2 | 1f00 80f2 | f64f 01a9 | fd03 40f9 | 2101 8012 

  0x0000000118e9d42c: ; ImmutableOopMap {rfp=Oop [16]=Oop [24]=Oop }
                      ;*arraylength {reexecute=0 rethrow=0 return_oop=0}
                      ; - java.io.ObjectOutputStream$HandleTable::lookup@18 (line 2317)
                      ; - java.io.ObjectOutputStream::writeClassDesc@20 (line 1242)
                      ; - java.io.ObjectOutputStream::writeOrdinaryObject@94 (line 1443)
                      ; - java.io.ObjectOutputStream::writeObject0@506 (line 1194)
                      ;   {runtime_call UncommonTrapBlob}
  0x0000000118e9d42c: d5b6 aa97 

  0x0000000118e9d430: ;   {other}
  0x0000000118e9d430: 1f20 03d5 | 1f00 80f2 | 1f00 80f2 | e40f 00b9 | f64f 01a9 | f113 00f9 | fd03 40f9 | 2111 8012 
  0x0000000118e9d450: ; ImmutableOopMap {rfp=Oop [16]=Oop [24]=Oop [32]=Oop }
                      ;*iflt {reexecute=1 rethrow=0 return_oop=0}
                      ; - (reexecute) java.io.ObjectOutputStream$HandleTable::lookup@29 (line 2318)
                      ; - java.io.ObjectOutputStream::writeClassDesc@20 (line 1242)
                      ; - java.io.ObjectOutputStream::writeOrdinaryObject@94 (line 1443)
                      ; - java.io.ObjectOutputStream::writeObject0@506 (line 1194)
                      ;   {runtime_call UncommonTrapBlob}
  0x0000000118e9d450: ccb6 aa97 

  0x0000000118e9d454: ;   {other}
  0x0000000118e9d454: 1f20 03d5 | 1f00 80f2 | 1f00 80f2 | e40f 00b9 | f64f 01a9 | f113 00f9 | fd03 40f9 | 2108 8012 
  0x0000000118e9d474: ; ImmutableOopMap {rfp=Oop [16]=Oop [24]=Oop [32]=Oop }
                      ;*iflt {reexecute=1 rethrow=0 return_oop=0}
                      ; - (reexecute) java.io.ObjectOutputStream$HandleTable::lookup@29 (line 2318)
                      ; - java.io.ObjectOutputStream::writeClassDesc@20 (line 1242)
                      ; - java.io.ObjectOutputStream::writeOrdinaryObject@94 (line 1443)
                      ; - java.io.ObjectOutputStream::writeObject0@506 (line 1194)
                      ;   {runtime_call UncommonTrapBlob}
  0x0000000118e9d474: c3b6 aa97 

  0x0000000118e9d478: ;   {other}
  0x0000000118e9d478: 1f20 03d5 | 1f00 80f2 | 1f00 80f2 | e103 00aa | 73f4 ff17 | ee0f 00f9 | fd03 00aa | 2101 8012 
  0x0000000118e9d498: ; ImmutableOopMap {rfp=Oop [0]=Oop [16]=Oop [24]=Oop }
                      ;*invokevirtual poll {reexecute=0 rethrow=0 return_oop=0}
                      ; - java.io.ClassCache::processQueue@4 (line 111)
                      ; - java.io.ClassCache::get@1 (line 82)
                      ; - java.io.ObjectStreamClass::lookup@19 (line 364)
                      ; - java.io.ObjectOutputStream::writeObject0@185 (line 1150)
                      ;   {runtime_call UncommonTrapBlob}
  0x0000000118e9d498: bab6 aa97 

  0x0000000118e9d49c: ;   {other}
  0x0000000118e9d49c: 1f20 03d5 | 1f00 80f2 | 1f00 80f2 | ee0f 00f9 | fd03 0daa | 2101 8012 

  0x0000000118e9d4b4: ; ImmutableOopMap {rfp=Oop [0]=Oop [16]=Oop [24]=Oop }
                      ;*invokevirtual get {reexecute=0 rethrow=0 return_oop=0}
                      ; - java.io.ClassCache::get@9 (line 84)
                      ; - java.io.ObjectStreamClass::lookup@19 (line 364)
                      ; - java.io.ObjectOutputStream::writeObject0@185 (line 1150)
                      ;   {runtime_call UncommonTrapBlob}
  0x0000000118e9d4b4: b3b6 aa97 

  0x0000000118e9d4b8: ;   {other}
  0x0000000118e9d4b8: 1f20 03d5 | 1f00 80f2 | 1f00 80f2 | ee0f 00f9 | fd03 0daa | 6101 8012 

  0x0000000118e9d4d0: ; ImmutableOopMap {rfp=Oop [0]=Oop [16]=Oop [24]=Oop }
                      ;*checkcast {reexecute=0 rethrow=0 return_oop=0}
                      ; - java.io.ClassCache::get@12 (line 84)
                      ; - java.io.ObjectStreamClass::lookup@19 (line 364)
                      ; - java.io.ObjectOutputStream::writeObject0@185 (line 1150)
                      ;   {runtime_call UncommonTrapBlob}
  0x0000000118e9d4d0: acb6 aa97 

  0x0000000118e9d4d4: ;   {other}
  0x0000000118e9d4d4: 1f20 03d5 | 1f00 80f2 | 1f00 80f2 | f30f 00b9 | f663 01a9 | fa67 02a9 | 2101 8012 

  0x0000000118e9d4f0: ; ImmutableOopMap {[0]=Oop [16]=Oop [24]=Oop [32]=Oop [40]=Oop }
                      ;*invokevirtual setBlockDataMode {reexecute=0 rethrow=0 return_oop=0}
                      ; - java.io.ObjectOutputStream::writeSerialData@111 (line 1528)
                      ; - java.io.ObjectOutputStream::writeOrdinaryObject@158 (line 1451)
                      ; - java.io.ObjectOutputStream::writeObject0@506 (line 1194)
                      ;   {runtime_call UncommonTrapBlob}
  0x0000000118e9d4f0: a4b6 aa97 

  0x0000000118e9d4f4: ;   {other}
  0x0000000118e9d4f4: 1f20 03d5 | 1f00 80f2 | 1f00 80f2 | f30f 00b9 | f663 01a9 | f933 02a9 | 2101 8012 

  0x0000000118e9d510: ; ImmutableOopMap {[0]=Oop [16]=Oop [24]=Oop [32]=Oop [40]=Oop }
                      ;*invokeinterface invoke {reexecute=0 rethrow=0 return_oop=0}
                      ; - java.lang.reflect.Method::invoke@102 (line 580)
                      ; - java.io.ObjectStreamClass::invokeWriteObject@24 (line 1072)
                      ; - java.io.ObjectOutputStream::writeSerialData@119 (line 1529)
                      ; - java.io.ObjectOutputStream::writeOrdinaryObject@158 (line 1451)
                      ; - java.io.ObjectOutputStream::writeObject0@506 (line 1194)
                      ;   {runtime_call UncommonTrapBlob}
  0x0000000118e9d510: 9cb6 aa97 

  0x0000000118e9d514: ;   {other}
  0x0000000118e9d514: 1f20 03d5 | 1f00 80f2 | 1f00 80f2 | f30f 00b9 | f663 01a9 | f933 02a9 | ed1b 00f9 | 2101 8012 
  0x0000000118e9d534: ; ImmutableOopMap {rfp=Oop [0]=Oop [16]=Oop [24]=Oop [32]=Oop [40]=Oop [48]=Oop }
                      ;*invokevirtual isAssignableFrom {reexecute=0 rethrow=0 return_oop=0}
                      ; - jdk.internal.reflect.DirectMethodHandleAccessor::checkReceiver@8 (line 196)
                      ; - jdk.internal.reflect.DirectMethodHandleAccessor::invoke@9 (line 99)
                      ; - java.lang.reflect.Method::invoke@102 (line 580)
                      ; - java.io.ObjectStreamClass::invokeWriteObject@24 (line 1072)
                      ; - java.io.ObjectOutputStream::writeSerialData@119 (line 1529)
                      ; - java.io.ObjectOutputStream::writeOrdinaryObject@158 (line 1451)
                      ; - java.io.ObjectOutputStream::writeObject0@506 (line 1194)
                      ;   {runtime_call UncommonTrapBlob}
  0x0000000118e9d534: 93b6 aa97 

  0x0000000118e9d538: ;   {other}
  0x0000000118e9d538: 1f20 03d5 | 1f00 80f2 | 1f00 80f2 | f30f 00b9 | f663 01a9 | f933 02a9 | ed2f 03a9 | 6101 8012 
  0x0000000118e9d558: ; ImmutableOopMap {rfp=Oop [0]=Oop [16]=Oop [24]=Oop [32]=Oop [40]=Oop [48]=Oop [56]=Oop }
                      ;*invokevirtual isAssignableFrom {reexecute=0 rethrow=0 return_oop=0}
                      ; - jdk.internal.reflect.DirectMethodHandleAccessor::checkReceiver@8 (line 196)
                      ; - jdk.internal.reflect.DirectMethodHandleAccessor::invoke@9 (line 99)
                      ; - java.lang.reflect.Method::invoke@102 (line 580)
                      ; - java.io.ObjectStreamClass::invokeWriteObject@24 (line 1072)
                      ; - java.io.ObjectOutputStream::writeSerialData@119 (line 1529)
                      ; - java.io.ObjectOutputStream::writeOrdinaryObject@158 (line 1451)
                      ; - java.io.ObjectOutputStream::writeObject0@506 (line 1194)
                      ;   {runtime_call UncommonTrapBlob}
  0x0000000118e9d558: 8ab6 aa97 

  0x0000000118e9d55c: ;   {other}
  0x0000000118e9d55c: 1f20 03d5 | 1f00 80f2 | 1f00 80f2 | 2101 8012 

  0x0000000118e9d56c: ; ImmutableOopMap {[0]=Oop [32]=Oop [48]=Oop [80]=Oop }
                      ;*invokevirtual setBlockDataMode {reexecute=0 rethrow=0 return_oop=0}
                      ; - java.io.ObjectOutputStream::writeSerialData@127 (line 1530)
                      ; - java.io.ObjectOutputStream::writeOrdinaryObject@158 (line 1451)
                      ; - java.io.ObjectOutputStream::writeObject0@506 (line 1194)
                      ;   {runtime_call UncommonTrapBlob}
  0x0000000118e9d56c: 85b6 aa97 

  0x0000000118e9d570: ;   {other}
  0x0000000118e9d570: 1f20 03d5 | 1f00 80f2 | 1f00 80f2 | ef0f 00b9 | 2101 8012 

  0x0000000118e9d584: ; ImmutableOopMap {[0]=Oop [32]=Oop [48]=Oop [80]=Oop }
                      ;*bastore {reexecute=0 rethrow=0 return_oop=0}
                      ; - java.io.ObjectOutputStream$BlockDataOutputStream::writeByte@31 (line 1939)
                      ; - java.io.ObjectOutputStream::writeSerialData@137 (line 1531)
                      ; - java.io.ObjectOutputStream::writeOrdinaryObject@158 (line 1451)
                      ; - java.io.ObjectOutputStream::writeObject0@506 (line 1194)
                      ;   {runtime_call UncommonTrapBlob}
  0x0000000118e9d584: 7fb6 aa97 

  0x0000000118e9d588: ;   {other}
  0x0000000118e9d588: 1f20 03d5 | 1f00 80f2 | 1f00 80f2 | f30f 00b9 | f663 01a9 | f937 02a9 | 2114 8012 

  0x0000000118e9d5a4: ; ImmutableOopMap {[0]=Oop [16]=Oop [24]=Oop [32]=Oop [40]=Oop }
                      ;*invokevirtual type {reexecute=0 rethrow=0 return_oop=0}
                      ; - java.lang.invoke.Invokers::checkExactType@1 (line 529)
                      ; - java.lang.invoke.Invokers$Holder::invokeExact_MT@10
                      ; - jdk.internal.reflect.DirectMethodHandleAccessor::invokeImpl@41 (line 153)
                      ; - jdk.internal.reflect.DirectMethodHandleAccessor::invoke@23 (line 103)
                      ; - java.lang.reflect.Method::invoke@102 (line 580)
                      ; - java.io.ObjectStreamClass::invokeWriteObject@24 (line 1072)
                      ; - java.io.ObjectOutputStream::writeSerialData@119 (line 1529)
                      ; - java.io.ObjectOutputStream::writeOrdinaryObject@158 (line 1451)
                      ; - java.io.ObjectOutputStream::writeObject0@506 (line 1194)
                      ;   {runtime_call UncommonTrapBlob}
  0x0000000118e9d5a4: 77b6 aa97 

  0x0000000118e9d5a8: ;   {other}
  0x0000000118e9d5a8: 1f20 03d5 | 1f00 80f2 | 1f00 80f2 | f30f 00b9 | f663 01a9 | f937 02a9 | 2101 8012 

  0x0000000118e9d5c4: ; ImmutableOopMap {[0]=Oop [16]=Oop [24]=Oop [32]=Oop [40]=Oop }
                      ;*getfield customized {reexecute=1 rethrow=0 return_oop=0}
                      ; - (reexecute) java.lang.invoke.Invokers::checkCustomized@12 (line 626)
                      ; - java.lang.invoke.Invokers$Holder::invokeExact_MT@14
                      ; - jdk.internal.reflect.DirectMethodHandleAccessor::invokeImpl@41 (line 153)
                      ; - jdk.internal.reflect.DirectMethodHandleAccessor::invoke@23 (line 103)
                      ; - java.lang.reflect.Method::invoke@102 (line 580)
                      ; - java.io.ObjectStreamClass::invokeWriteObject@24 (line 1072)
                      ; - java.io.ObjectOutputStream::writeSerialData@119 (line 1529)
                      ; - java.io.ObjectOutputStream::writeOrdinaryObject@158 (line 1451)
                      ; - java.io.ObjectOutputStream::writeObject0@506 (line 1194)
                      ;   {runtime_call UncommonTrapBlob}
  0x0000000118e9d5c4: 6fb6 aa97 

  0x0000000118e9d5c8: ;   {other}
  0x0000000118e9d5c8: 1f20 03d5 | 1f00 80f2 | 1f00 80f2 | f64f 01a9 | fd03 40f9 | 2101 8012 

  0x0000000118e9d5e0: ; ImmutableOopMap {rfp=Oop [16]=Oop [24]=Oop }
                      ;*invokevirtual writeByte {reexecute=0 rethrow=0 return_oop=0}
                      ; - java.io.ObjectOutputStream::writeHandle@6 (line 1220)
                      ; - java.io.ObjectOutputStream::writeClassDesc@31 (line 1243)
                      ; - java.io.ObjectOutputStream::writeOrdinaryObject@94 (line 1443)
                      ; - java.io.ObjectOutputStream::writeObject0@506 (line 1194)
                      ;   {runtime_call UncommonTrapBlob}
  0x0000000118e9d5e0: 68b6 aa97 

  0x0000000118e9d5e4: ;   {other}
  0x0000000118e9d5e4: 1f20 03d5 | 1f00 80f2 | 1f00 80f2 | ec0f 00b9 | f64f 01a9 | fd03 40f9 | 2101 8012 

  0x0000000118e9d600: ; ImmutableOopMap {rfp=Oop [16]=Oop [24]=Oop }
                      ;*bastore {reexecute=0 rethrow=0 return_oop=0}
                      ; - java.io.ObjectOutputStream$BlockDataOutputStream::writeByte@31 (line 1939)
                      ; - java.io.ObjectOutputStream::writeHandle@6 (line 1220)
                      ; - java.io.ObjectOutputStream::writeClassDesc@31 (line 1243)
                      ; - java.io.ObjectOutputStream::writeOrdinaryObject@94 (line 1443)
                      ; - java.io.ObjectOutputStream::writeObject0@506 (line 1194)
                      ;   {runtime_call UncommonTrapBlob}
  0x0000000118e9d600: 60b6 aa97 

  0x0000000118e9d604: ;   {other}
  0x0000000118e9d604: 1f20 03d5 | 1f00 80f2 | 1f00 80f2 | e00f 00f9 | 4117 8012 

  0x0000000118e9d618: ; ImmutableOopMap {rfp=Oop [0]=Oop [16]=Oop [24]=Oop [40]=Oop }
                      ;*ifnull {reexecute=1 rethrow=0 return_oop=0}
                      ; - (reexecute) java.io.ObjectOutputStream::writeObject0@206 (line 1152)
                      ;   {runtime_call UncommonTrapBlob}
  0x0000000118e9d618: 5ab6 aa97 

  0x0000000118e9d61c: ;   {other}
  0x0000000118e9d61c: 1f20 03d5 | 1f00 80f2 | 1f00 80f2 | f403 1daa | f303 00aa | fcf3 ff17 | f30f 00b9 | f663 01a9 
  0x0000000118e9d63c: f93b 02a9 | 4117 8012 

  0x0000000118e9d644: ; ImmutableOopMap {[0]=Oop [16]=Oop [24]=Oop [32]=Oop [40]=Oop }
                      ;*ifnull {reexecute=1 rethrow=0 return_oop=0}
                      ; - (reexecute) java.io.ObjectStreamClass::invokeWriteObject@8 (line 1070)
                      ; - java.io.ObjectOutputStream::writeSerialData@119 (line 1529)
                      ; - java.io.ObjectOutputStream::writeOrdinaryObject@158 (line 1451)
                      ; - java.io.ObjectOutputStream::writeObject0@506 (line 1194)
                      ;   {runtime_call UncommonTrapBlob}
  0x0000000118e9d644: 4fb6 aa97 

  0x0000000118e9d648: ;   {other}
  0x0000000118e9d648: 1f20 03d5 | 1f00 80f2 | 1f00 80f2 | f30f 00b9 | f663 01a9 | f937 02a9 | 2114 8012 

  0x0000000118e9d664: ; ImmutableOopMap {[0]=Oop [16]=Oop [24]=Oop [32]=Oop [40]=Oop }
                      ;*invokevirtual type {reexecute=0 rethrow=0 return_oop=0}
                      ; - java.lang.invoke.Invokers::checkExactType@1 (line 529)
                      ; - java.lang.invoke.Invokers$Holder::invokeExact_MT@10
                      ; - jdk.internal.reflect.DirectMethodHandleAccessor::invokeImpl@55 (line 154)
                      ; - jdk.internal.reflect.DirectMethodHandleAccessor::invoke@23 (line 103)
                      ; - java.lang.reflect.Method::invoke@102 (line 580)
                      ; - java.io.ObjectStreamClass::invokeWriteObject@24 (line 1072)
                      ; - java.io.ObjectOutputStream::writeSerialData@119 (line 1529)
                      ; - java.io.ObjectOutputStream::writeOrdinaryObject@158 (line 1451)
                      ; - java.io.ObjectOutputStream::writeObject0@506 (line 1194)
                      ;   {runtime_call UncommonTrapBlob}
  0x0000000118e9d664: 47b6 aa97 

  0x0000000118e9d668: ;   {other}
  0x0000000118e9d668: 1f20 03d5 | 1f00 80f2 | 1f00 80f2 | f30f 00b9 | f663 01a9 | f937 02a9 | 2101 8012 

  0x0000000118e9d684: ; ImmutableOopMap {[0]=Oop [16]=Oop [24]=Oop [32]=Oop [40]=Oop }
                      ;*getfield customized {reexecute=1 rethrow=0 return_oop=0}
                      ; - (reexecute) java.lang.invoke.Invokers::checkCustomized@12 (line 626)
                      ; - java.lang.invoke.Invokers$Holder::invokeExact_MT@14
                      ; - jdk.internal.reflect.DirectMethodHandleAccessor::invokeImpl@55 (line 154)
                      ; - jdk.internal.reflect.DirectMethodHandleAccessor::invoke@23 (line 103)
                      ; - java.lang.reflect.Method::invoke@102 (line 580)
                      ; - java.io.ObjectStreamClass::invokeWriteObject@24 (line 1072)
                      ; - java.io.ObjectOutputStream::writeSerialData@119 (line 1529)
                      ; - java.io.ObjectOutputStream::writeOrdinaryObject@158 (line 1451)
                      ; - java.io.ObjectOutputStream::writeObject0@506 (line 1194)
                      ;   {runtime_call UncommonTrapBlob}
  0x0000000118e9d684: 3fb6 aa97 

  0x0000000118e9d688: ;   {other}
  0x0000000118e9d688: 1f20 03d5 | 1f00 80f2 | 1f00 80f2 | f30f 00b9 | f663 01a9 | f913 00f9 | 2101 8012 

  0x0000000118e9d6a4: ; ImmutableOopMap {[0]=Oop [16]=Oop [24]=Oop [32]=Oop }
                      ;*invokevirtual getClassLoader {reexecute=0 rethrow=0 return_oop=0}
                      ; - jdk.internal.reflect.Reflection::isCallerSensitive@4 (line 345)
                      ; - java.lang.reflect.Method::isCallerSensitive@11 (line 618)
                      ; - java.lang.reflect.Method::invoke@1 (line 561)
                      ; - java.io.ObjectStreamClass::invokeWriteObject@24 (line 1072)
                      ; - java.io.ObjectOutputStream::writeSerialData@119 (line 1529)
                      ; - java.io.ObjectOutputStream::writeOrdinaryObject@158 (line 1451)
                      ; - java.io.ObjectOutputStream::writeObject0@506 (line 1194)
                      ;   {runtime_call UncommonTrapBlob}
  0x0000000118e9d6a4: 37b6 aa97 

  0x0000000118e9d6a8: ;   {other}
  0x0000000118e9d6a8: 1f20 03d5 | 1f00 80f2 | 1f00 80f2 | f30f 00b9 | f663 01a9 | f93b 02a9 | ec1b 00f9 | ed2f 0729 
  0x0000000118e9d6c8: f003 04a9 | fa2b 00f9 | 6101 8012 

  0x0000000118e9d6d4: ; ImmutableOopMap {[0]=Oop [16]=Oop [24]=Oop [32]=Oop [40]=Oop [48]=Oop [64]=Oop [72]=Oop [80]=Oop }
                      ;*invokestatic getClassAccessFlags {reexecute=0 rethrow=0 return_oop=0}
                      ; - jdk.internal.reflect.Reflection::verifyMemberAccess@37 (line 153)
                      ; - java.lang.reflect.AccessibleObject::slowVerifyAccess@16 (line 755)
                      ; - java.lang.reflect.AccessibleObject::verifyAccess@51 (line 741)
                      ; - java.lang.reflect.AccessibleObject::checkAccess@6 (line 713)
                      ; - java.lang.reflect.Method::invoke@60 (line 571)
                      ; - java.io.ObjectStreamClass::invokeWriteObject@24 (line 1072)
                      ; - java.io.ObjectOutputStream::writeSerialData@119 (line 1529)
                      ; - java.io.ObjectOutputStream::writeOrdinaryObject@158 (line 1451)
                      ; - java.io.ObjectOutputStream::writeObject0@506 (line 1194)
                      ;   {runtime_call UncommonTrapBlob}
  0x0000000118e9d6d4: 2bb6 aa97 

  0x0000000118e9d6d8: ;   {other}
  0x0000000118e9d6d8: 1f20 03d5 | 1f00 80f2 | 1f00 80f2 | ea03 00aa | 0200 0014 | ea03 00aa | f303 0aaa | b1f3 ff17 
  0x0000000118e9d6f8: f30f 00b9 | f663 01a9 | f93b 02a9 | ec1b 00f9 | ed2f 0729 | f003 04a9 | fa2b 00f9 | 4117 8012 
  0x0000000118e9d718: ; ImmutableOopMap {[0]=Oop [16]=Oop [24]=Oop [32]=Oop [40]=Oop [48]=Oop [64]=Oop [72]=Oop [80]=Oop }
                      ;*ifnonnull {reexecute=1 rethrow=0 return_oop=0}
                      ; - (reexecute) java.util.Objects::requireNonNull@1 (line 232)
                      ; - jdk.internal.reflect.Reflection::verifyMemberAccess@6 (line 139)
                      ; - java.lang.reflect.AccessibleObject::slowVerifyAccess@16 (line 755)
                      ; - java.lang.reflect.AccessibleObject::verifyAccess@51 (line 741)
                      ; - java.lang.reflect.AccessibleObject::checkAccess@6 (line 713)
                      ; - java.lang.reflect.Method::invoke@60 (line 571)
                      ; - java.io.ObjectStreamClass::invokeWriteObject@24 (line 1072)
                      ; - java.io.ObjectOutputStream::writeSerialData@119 (line 1529)
                      ; - java.io.ObjectOutputStream::writeOrdinaryObject@158 (line 1451)
                      ; - java.io.ObjectOutputStream::writeObject0@506 (line 1194)
                      ;   {runtime_call UncommonTrapBlob}
  0x0000000118e9d718: 1ab6 aa97 

  0x0000000118e9d71c: ;   {other}
  0x0000000118e9d71c: 1f20 03d5 | 1f00 80f2 | 1f00 80f2 | ea03 00aa | 0400 0014 | ea03 00aa | 0200 0014 | ea03 00aa 
  0x0000000118e9d73c: f403 1daa | f303 0aaa | b7f3 ff17 | ea03 00aa | 0400 0014 | ea03 00aa | 0200 0014 | ea03 00aa 
  0x0000000118e9d75c: f403 1daa | f303 0aaa | aff3 ff17 | 2101 8012 

  0x0000000118e9d76c: ; ImmutableOopMap {[0]=Oop [32]=Oop [48]=Oop [80]=Oop [128]=Oop [144]=Oop }
                      ;*invokevirtual isExported {reexecute=0 rethrow=0 return_oop=0}
                      ; - jdk.internal.reflect.Reflection::verifyModuleAccess@20 (line 249)
                      ; - jdk.internal.reflect.Reflection::verifyMemberAccess@22 (line 146)
                      ; - java.lang.reflect.AccessibleObject::slowVerifyAccess@16 (line 755)
                      ; - java.lang.reflect.AccessibleObject::verifyAccess@51 (line 741)
                      ; - java.lang.reflect.AccessibleObject::checkAccess@6 (line 713)
                      ; - java.lang.reflect.Method::invoke@60 (line 571)
                      ; - java.io.ObjectStreamClass::invokeWriteObject@24 (line 1072)
                      ; - java.io.ObjectOutputStream::writeSerialData@119 (line 1529)
                      ; - java.io.ObjectOutputStream::writeOrdinaryObject@158 (line 1451)
                      ; - java.io.ObjectOutputStream::writeObject0@506 (line 1194)
                      ;   {runtime_call UncommonTrapBlob}
  0x0000000118e9d76c: 05b6 aa97 

  0x0000000118e9d770: ;   {other}
  0x0000000118e9d770: 1f20 03d5 | 1f00 80f2 | 1f00 80f2 | 2101 8012 

  0x0000000118e9d780: ; ImmutableOopMap {[0]=Oop [32]=Oop [48]=Oop [80]=Oop }
                      ;*invokevirtual isOpen {reexecute=0 rethrow=0 return_oop=0}
                      ; - java.lang.Module::implIsExportedOrOpen@36 (line 707)
                      ; - java.lang.Module::isExported@14 (line 593)
                      ; - jdk.internal.reflect.Reflection::verifyModuleAccess@20 (line 249)
                      ; - jdk.internal.reflect.Reflection::verifyMemberAccess@22 (line 146)
                      ; - java.lang.reflect.AccessibleObject::slowVerifyAccess@16 (line 755)
                      ; - java.lang.reflect.AccessibleObject::verifyAccess@51 (line 741)
                      ; - java.lang.reflect.AccessibleObject::checkAccess@6 (line 713)
                      ; - java.lang.reflect.Method::invoke@60 (line 571)
                      ; - java.io.ObjectStreamClass::invokeWriteObject@24 (line 1072)
                      ; - java.io.ObjectOutputStream::writeSerialData@119 (line 1529)
                      ; - java.io.ObjectOutputStream::writeOrdinaryObject@158 (line 1451)
                      ; - java.io.ObjectOutputStream::writeObject0@506 (line 1194)
                      ;   {runtime_call UncommonTrapBlob}
  0x0000000118e9d780: 00b6 aa97 

  0x0000000118e9d784: ;   {other}
  0x0000000118e9d784: 1f20 03d5 | 1f00 80f2 | 1f00 80f2 | f30f 00b9 | f663 01a9 | f93b 02a9 | ec3f 03a9 | ed23 00f9 
  0x0000000118e9d7a4: 2101 8012 

  0x0000000118e9d7a8: ; ImmutableOopMap {[0]=Oop [16]=Oop [24]=Oop [32]=Oop [40]=Oop [48]=Oop [56]=Oop [64]=Oop }
                      ;*invokeinterface getConstantPool {reexecute=0 rethrow=0 return_oop=0}
                      ; - java.lang.reflect.Executable::declaredAnnotations@53 (line 649)
                      ; - java.lang.reflect.Executable::getAnnotation@7 (line 612)
                      ; - java.lang.reflect.Method::getAnnotation@2 (line 793)
                      ; - java.lang.reflect.AnnotatedElement::isAnnotationPresent@2 (line 292)
                      ; - java.lang.reflect.AccessibleObject::isAnnotationPresent@2 (line 558)
                      ; - jdk.internal.reflect.Reflection::isCallerSensitive@18 (line 347)
                      ; - java.lang.reflect.Method::isCallerSensitive@11 (line 618)
                      ; - java.lang.reflect.Method::invoke@1 (line 561)
                      ; - java.io.ObjectStreamClass::invokeWriteObject@24 (line 1072)
                      ; - java.io.ObjectOutputStream::writeSerialData@119 (line 1529)
                      ; - java.io.ObjectOutputStream::writeOrdinaryObject@158 (line 1451)
                      ; - java.io.ObjectOutputStream::writeObject0@506 (line 1194)
                      ;   {runtime_call UncommonTrapBlob}
  0x0000000118e9d7a8: f6b5 aa97 

  0x0000000118e9d7ac: ;   {other}
  0x0000000118e9d7ac: 1f20 03d5 | 1f00 80f2 | 1f00 80f2 | f303 00aa | 7ff3 ff17 | 1000 0014 | ea13 40f9 | 4b19 40b9 
  0x0000000118e9d7cc: 61f1 7dd3 | fd03 00aa | c101 00b4 

  0x0000000118e9d7d8: ; ImmutableOopMap {rfp=Oop [0]=Oop [16]=Oop [40]=Oop }
                      ;*invokevirtual unlock {reexecute=0 rethrow=0 return_oop=0}
                      ; - java.lang.ref.ReferenceQueue::poll@35 (line 186)
                      ; - java.io.ClassCache::processQueue@4 (line 111)
                      ; - java.io.ClassCache::get@1 (line 82)
                      ; - java.io.ObjectStreamClass::lookup@19 (line 364)
                      ; - java.io.ObjectOutputStream::writeObject0@185 (line 1150)
                      ;   {optimized virtual_call}
  0x0000000118e9d7d8: 6a9a aa97 

  0x0000000118e9d7dc: ;   {other}
  0x0000000118e9d7dc: 1f20 03d5 | 1f00 80f2 | 1f00 80f2 | e003 1daa | 0500 0014 | 0400 0014 | 0300 0014 | 0200 0014 
  0x0000000118e9d7fc: 0100 0014 | fd03 00aa | f403 40f9 | 87f3 ff17 | 2101 8012 

  0x0000000118e9d810: ; ImmutableOopMap {rfp=Oop [0]=Oop [16]=Oop [40]=Oop }
                      ;*invokevirtual unlock {reexecute=0 rethrow=0 return_oop=0}
                      ; - java.lang.ref.ReferenceQueue::poll@35 (line 186)
                      ; - java.io.ClassCache::processQueue@4 (line 111)
                      ; - java.io.ClassCache::get@1 (line 82)
                      ; - java.io.ObjectStreamClass::lookup@19 (line 364)
                      ; - java.io.ObjectOutputStream::writeObject0@185 (line 1150)
                      ;   {runtime_call UncommonTrapBlob}
  0x0000000118e9d810: dcb5 aa97 

  0x0000000118e9d814: ;   {other}
  0x0000000118e9d814: 1f20 03d5 | 1f00 80f2 | 1f00 80f2 | f30f 00b9 | f663 01a9 | f933 02a9 | ef1b 00f9 | 2101 8012 
  0x0000000118e9d834: ; ImmutableOopMap {[0]=Oop [16]=Oop [24]=Oop [32]=Oop [40]=Oop [48]=Oop }
                      ;*invokeinterface invoke {reexecute=0 rethrow=0 return_oop=0}
                      ; - java.lang.reflect.Method::invoke@90 (line 580)
                      ; - java.io.ObjectStreamClass::invokeWriteObject@24 (line 1072)
                      ; - java.io.ObjectOutputStream::writeSerialData@119 (line 1529)
                      ; - java.io.ObjectOutputStream::writeOrdinaryObject@158 (line 1451)
                      ; - java.io.ObjectOutputStream::writeObject0@506 (line 1194)
                      ;   {runtime_call UncommonTrapBlob}
  0x0000000118e9d834: d3b5 aa97 

  0x0000000118e9d838: ;   {other}
  0x0000000118e9d838: 1f20 03d5 | 1f00 80f2 | 1f00 80f2 | 0b08 40b9 | 6a05 60d2 | e103 00aa | 0900 0014 | 0100 0014 
  0x0000000118e9d858: 0b08 40b9 | 6a05 60d2 | e103 00aa | 0400 0014 | 0a08 40b9 | 4a05 60d2 | e103 00aa | 4a29 40f9 
  0x0000000118e9d878: ;   {metadata('java/lang/ClassCastException')}
  0x0000000118e9d878: 0b98 93d2 | cb00 a0f2 | 6b00 c0f2 | 5f01 0beb | e104 0054 | ea03 01aa | fd03 0aaa | e10f 40f9 
  0x0000000118e9d898: e203 0aaa 

  0x0000000118e9d89c: ; ImmutableOopMap {rfp=Oop [0]=Oop [32]=Oop [48]=Oop [72]=NarrowOop [80]=Oop }
                      ;*invokevirtual isIllegalArgument {reexecute=0 rethrow=0 return_oop=0}
                      ; - jdk.internal.reflect.DirectMethodHandleAccessor::invoke@33 (line 132)
                      ; - java.lang.reflect.Method::invoke@90 (line 580)
                      ; - java.io.ObjectStreamClass::invokeWriteObject@24 (line 1072)
                      ; - java.io.ObjectOutputStream::writeSerialData@119 (line 1529)
                      ; - java.io.ObjectOutputStream::writeOrdinaryObject@158 (line 1451)
                      ; - java.io.ObjectOutputStream::writeObject0@506 (line 1194)
                      ;   {optimized virtual_call}
  0x0000000118e9d89c: 399a aa97 

  0x0000000118e9d8a0: ;   {other}
  0x0000000118e9d8a0: 1f20 03d5 | 1f00 80f2 | 1f00 80f2 | 4005 0034 | 80df 40f9 | 8ae7 40f9 | 0ba0 0091 | 7f01 0aeb 
  0x0000000118e9d8c0: a203 0054 | ea03 40b2 | 8bdf 00f9 | 0a00 00f9 

  0x0000000118e9d8d0: ;   {metadata('java/lang/IllegalArgumentException')}
  0x0000000118e9d8d0: ca00 a0d2 | 0afa 94f2 | 0a08 00b9 | 70c1 80f9 | 1f0c 00b9 | 0a40 0091 | 5f01 00f9 | 5ffd 00a9 
  0x0000000118e9d8f0: bf3a 03d5 | ea03 00aa | fd03 0aaa | e103 0aaa 

  0x0000000118e9d900: ;   {oop("argument type mismatch"{0x00000005d4dac5d0})}
  0x0000000118e9d900: 02ba 98d2 | 429b baf2 | a200 c0f2 

  0x0000000118e9d90c: ; ImmutableOopMap {rfp=Oop [0]=Oop [32]=Oop [48]=Oop [72]=NarrowOop [80]=Oop }
                      ;*invokespecial <init> {reexecute=0 rethrow=0 return_oop=0}
                      ; - jdk.internal.reflect.DirectMethodHandleAccessor::invoke@45 (line 134)
                      ; - java.lang.reflect.Method::invoke@90 (line 580)
                      ; - java.io.ObjectStreamClass::invokeWriteObject@24 (line 1072)
                      ; - java.io.ObjectOutputStream::writeSerialData@119 (line 1529)
                      ; - java.io.ObjectOutputStream::writeOrdinaryObject@158 (line 1451)
                      ; - java.io.ObjectOutputStream::writeObject0@506 (line 1194)
                      ;   {optimized virtual_call}
  0x0000000118e9d90c: 1d9a aa97 

  0x0000000118e9d910: ;   {other}
  0x0000000118e9d910: 1f20 03d5 | 1f00 80f2 | 1f00 80f2 | ea03 1daa | 25f3 ff17 

  0x0000000118e9d924: ; ImmutableOopMap {[0]=Oop [24]=Oop [32]=Oop [48]=Oop [72]=NarrowOop [80]=Oop }
                      ;*invokevirtual invokeImpl {reexecute=0 rethrow=0 return_oop=1}
                      ; - jdk.internal.reflect.DirectMethodHandleAccessor::invoke@24 (line 130)
                      ; - java.lang.reflect.Method::invoke@90 (line 580)
                      ; - java.io.ObjectStreamClass::invokeWriteObject@24 (line 1072)
                      ; - java.io.ObjectOutputStream::writeSerialData@119 (line 1529)
                      ; - java.io.ObjectOutputStream::writeOrdinaryObject@158 (line 1451)
                      ; - java.io.ObjectOutputStream::writeObject0@506 (line 1194)
                      ;   {runtime_call _rethrow_Java}
  0x0000000118e9d924: b735 ae97 

  0x0000000118e9d928: ;   {other}
  0x0000000118e9d928: 1f20 03d5 | 1f00 80f2 | 1f00 80f2 

  0x0000000118e9d934: ;   {metadata('java/lang/IllegalArgumentException')}
  0x0000000118e9d934: 01fa 94d2 | c100 a0f2 | 6100 c0f2 

  0x0000000118e9d940: ; ImmutableOopMap {[0]=Oop [32]=Oop [48]=Oop [72]=NarrowOop [80]=Oop }
                      ;*new {reexecute=0 rethrow=0 return_oop=1}
                      ; - jdk.internal.reflect.DirectMethodHandleAccessor::invoke@39 (line 134)
                      ; - java.lang.reflect.Method::invoke@90 (line 580)
                      ; - java.io.ObjectStreamClass::invokeWriteObject@24 (line 1072)
                      ; - java.io.ObjectOutputStream::writeSerialData@119 (line 1529)
                      ; - java.io.ObjectOutputStream::writeOrdinaryObject@158 (line 1451)
                      ; - java.io.ObjectOutputStream::writeObject0@506 (line 1194)
                      ;   {runtime_call _new_instance_Java}
  0x0000000118e9d940: f00d ae97 

  0x0000000118e9d944: ;   {other}
  0x0000000118e9d944: 1f20 03d5 | 1f00 80f2 | 1f00 80f2 | e8ff ff17 | 410d 8052 

  0x0000000118e9d958: ; ImmutableOopMap {rfp=Oop [0]=Oop [32]=Oop [48]=Oop [80]=Oop }
                      ;*new {reexecute=0 rethrow=0 return_oop=0}
                      ; - jdk.internal.reflect.DirectMethodHandleAccessor::invoke@49 (line 136)
                      ; - java.lang.reflect.Method::invoke@90 (line 580)
                      ; - java.io.ObjectStreamClass::invokeWriteObject@24 (line 1072)
                      ; - java.io.ObjectOutputStream::writeSerialData@119 (line 1529)
                      ; - java.io.ObjectOutputStream::writeOrdinaryObject@158 (line 1451)
                      ; - java.io.ObjectOutputStream::writeObject0@506 (line 1194)
                      ;   {runtime_call UncommonTrapBlob}
  0x0000000118e9d958: 8ab5 aa97 

  0x0000000118e9d95c: ;   {other}
  0x0000000118e9d95c: 1f20 03d5 | 1f00 80f2 | 1f00 80f2 | fd03 00aa | 410d 8052 

  0x0000000118e9d970: ; ImmutableOopMap {rfp=Oop [0]=Oop [32]=Oop [48]=Oop [80]=Oop }
                      ;*new {reexecute=0 rethrow=0 return_oop=0}
                      ; - jdk.internal.reflect.DirectMethodHandleAccessor::invoke@83 (line 118)
                      ; - java.lang.reflect.Method::invoke@102 (line 580)
                      ; - java.io.ObjectStreamClass::invokeWriteObject@24 (line 1072)
                      ; - java.io.ObjectOutputStream::writeSerialData@119 (line 1529)
                      ; - java.io.ObjectOutputStream::writeOrdinaryObject@158 (line 1451)
                      ; - java.io.ObjectOutputStream::writeObject0@506 (line 1194)
                      ;   {runtime_call UncommonTrapBlob}
  0x0000000118e9d970: 84b5 aa97 

  0x0000000118e9d974: ;   {other}
  0x0000000118e9d974: 1f20 03d5 | 1f00 80f2 | 1f00 80f2 | fd03 00aa | 4109 8012 

  0x0000000118e9d988: ; ImmutableOopMap {rfp=Oop [0]=Oop [32]=Oop [48]=Oop [64]=Oop [80]=Oop }
                      ;*astore_3 {reexecute=0 rethrow=0 return_oop=0}
                      ; - jdk.internal.reflect.DirectMethodHandleAccessor::invoke@27 (line 104)
                      ; - java.lang.reflect.Method::invoke@102 (line 580)
                      ; - java.io.ObjectStreamClass::invokeWriteObject@24 (line 1072)
                      ; - java.io.ObjectOutputStream::writeSerialData@119 (line 1529)
                      ; - java.io.ObjectOutputStream::writeOrdinaryObject@158 (line 1451)
                      ; - java.io.ObjectOutputStream::writeObject0@506 (line 1194)
                      ;   {runtime_call UncommonTrapBlob}
  0x0000000118e9d988: 7eb5 aa97 

  0x0000000118e9d98c: ;   {other}
  0x0000000118e9d98c: 1f20 03d5 | 1f00 80f2 | 1f00 80f2 | fd03 00aa | e123 40f9 | e203 00aa 

  0x0000000118e9d9a4: ; ImmutableOopMap {rfp=Oop [0]=Oop [32]=Oop [48]=Oop [72]=NarrowOop [80]=Oop }
                      ;*invokevirtual isIllegalArgument {reexecute=0 rethrow=0 return_oop=0}
                      ; - jdk.internal.reflect.DirectMethodHandleAccessor::invoke@58 (line 112)
                      ; - java.lang.reflect.Method::invoke@102 (line 580)
                      ; - java.io.ObjectStreamClass::invokeWriteObject@24 (line 1072)
                      ; - java.io.ObjectOutputStream::writeSerialData@119 (line 1529)
                      ; - java.io.ObjectOutputStream::writeOrdinaryObject@158 (line 1451)
                      ; - java.io.ObjectOutputStream::writeObject0@506 (line 1194)
                      ;   {optimized virtual_call}
  0x0000000118e9d9a4: f799 aa97 

  0x0000000118e9d9a8: ;   {other}
  0x0000000118e9d9a8: 1f20 03d5 | 1f00 80f2 | 1f00 80f2 | 8004 0034 | 80df 40f9 | 8ae7 40f9 | 0ba0 0091 | 7f01 0aeb 
  0x0000000118e9d9c8: e202 0054 | ea03 40b2 | 8bdf 00f9 | 0a00 00f9 

  0x0000000118e9d9d8: ;   {metadata('java/lang/IllegalArgumentException')}
  0x0000000118e9d9d8: ca00 a0d2 | 0afa 94f2 | 0a08 00b9 | 70c1 80f9 | 1f0c 00b9 | 0a40 0091 | 5f01 00f9 | 5ffd 00a9 
  0x0000000118e9d9f8: bf3a 03d5 | ea03 00aa | ea0b 00f9 | e103 0aaa | e203 1daa 

  0x0000000118e9da0c: ; ImmutableOopMap {[0]=Oop [16]=Oop [32]=Oop [48]=Oop [72]=NarrowOop [80]=Oop }
                      ;*invokespecial <init> {reexecute=0 rethrow=0 return_oop=0}
                      ; - jdk.internal.reflect.DirectMethodHandleAccessor::invoke@69 (line 113)
                      ; - java.lang.reflect.Method::invoke@102 (line 580)
                      ; - java.io.ObjectStreamClass::invokeWriteObject@24 (line 1072)
                      ; - java.io.ObjectOutputStream::writeSerialData@119 (line 1529)
                      ; - java.io.ObjectOutputStream::writeOrdinaryObject@158 (line 1451)
                      ; - java.io.ObjectOutputStream::writeObject0@506 (line 1194)
                      ;   {optimized virtual_call}
  0x0000000118e9da0c: dd99 aa97 

  0x0000000118e9da10: ;   {other}
  0x0000000118e9da10: 1f20 03d5 | 1f00 80f2 | 1f00 80f2 | ea0b 40f9 | e5f2 ff17 

  0x0000000118e9da24: ;   {metadata('java/lang/IllegalArgumentException')}
  0x0000000118e9da24: 01fa 94d2 | c100 a0f2 | 6100 c0f2 

  0x0000000118e9da30: ; ImmutableOopMap {rfp=Oop [0]=Oop [32]=Oop [48]=Oop [72]=NarrowOop [80]=Oop }
                      ;*new {reexecute=0 rethrow=0 return_oop=1}
                      ; - jdk.internal.reflect.DirectMethodHandleAccessor::invoke@64 (line 113)
                      ; - java.lang.reflect.Method::invoke@102 (line 580)
                      ; - java.io.ObjectStreamClass::invokeWriteObject@24 (line 1072)
                      ; - java.io.ObjectOutputStream::writeSerialData@119 (line 1529)
                      ; - java.io.ObjectOutputStream::writeOrdinaryObject@158 (line 1451)
                      ; - java.io.ObjectOutputStream::writeObject0@506 (line 1194)
                      ;   {runtime_call _new_instance_Java}
  0x0000000118e9da30: b40d ae97 

  0x0000000118e9da34: ;   {other}
  0x0000000118e9da34: 1f20 03d5 | 1f00 80f2 | 1f00 80f2 | eeff ff17 | 410d 8052 

  0x0000000118e9da48: ; ImmutableOopMap {rfp=Oop [0]=Oop [32]=Oop [48]=Oop [80]=Oop }
                      ;*new {reexecute=0 rethrow=0 return_oop=0}
                      ; - jdk.internal.reflect.DirectMethodHandleAccessor::invoke@73 (line 115)
                      ; - java.lang.reflect.Method::invoke@102 (line 580)
                      ; - java.io.ObjectStreamClass::invokeWriteObject@24 (line 1072)
                      ; - java.io.ObjectOutputStream::writeSerialData@119 (line 1529)
                      ; - java.io.ObjectOutputStream::writeOrdinaryObject@158 (line 1451)
                      ; - java.io.ObjectOutputStream::writeObject0@506 (line 1194)
                      ;   {runtime_call UncommonTrapBlob}
  0x0000000118e9da48: 4eb5 aa97 

  0x0000000118e9da4c: ;   {other}
  0x0000000118e9da4c: 1f20 03d5 | 1f00 80f2 | 1f00 80f2 | 2101 8012 

  0x0000000118e9da5c: ; ImmutableOopMap {[0]=Oop [32]=Oop [48]=Oop [80]=Oop }
                      ;*invokevirtual containsKey {reexecute=0 rethrow=0 return_oop=0}
                      ; - java.util.HashSet::contains@5 (line 213)
                      ; - java.lang.Module::allows@8 (line 751)
                      ; - java.lang.Module::isStaticallyExportedOrOpen@60 (line 736)
                      ; - java.lang.Module::implIsExportedOrOpen@70 (line 711)
                      ; - java.lang.Module::isExported@14 (line 593)
                      ; - jdk.internal.reflect.Reflection::verifyModuleAccess@20 (line 249)
                      ; - jdk.internal.reflect.Reflection::verifyMemberAccess@22 (line 146)
                      ; - java.lang.reflect.AccessibleObject::slowVerifyAccess@16 (line 755)
                      ; - java.lang.reflect.AccessibleObject::verifyAccess@51 (line 741)
                      ; - java.lang.reflect.AccessibleObject::checkAccess@6 (line 713)
                      ; - java.lang.reflect.Method::invoke@60 (line 571)
                      ; - java.io.ObjectStreamClass::invokeWriteObject@24 (line 1072)
                      ; - java.io.ObjectOutputStream::writeSerialData@119 (line 1529)
                      ; - java.io.ObjectOutputStream::writeOrdinaryObject@158 (line 1451)
                      ; - java.io.ObjectOutputStream::writeObject0@506 (line 1194)
                      ;   {runtime_call UncommonTrapBlob}
  0x0000000118e9da5c: 49b5 aa97 

  0x0000000118e9da60: ;   {other}
  0x0000000118e9da60: 1f20 03d5 | 1f00 80f2 | 1f00 80f2 | 2101 8012 

  0x0000000118e9da70: ; ImmutableOopMap {[0]=Oop [24]=Oop [32]=Oop [48]=Oop [80]=Oop }
                      ;*invokevirtual type {reexecute=0 rethrow=0 return_oop=0}
                      ; - java.lang.invoke.Invokers::checkExactType@1 (line 529)
                      ; - java.lang.invoke.LambdaForm$MH/0x0000000301002800::invokeExact_MT@11
                      ; - jdk.internal.reflect.DirectMethodHandleAccessor::invokeImpl@136 (line 178)
                      ; - jdk.internal.reflect.DirectMethodHandleAccessor::invoke@24 (line 130)
                      ; - java.lang.reflect.Method::invoke@90 (line 580)
                      ; - java.io.ObjectStreamClass::invokeWriteObject@24 (line 1072)
                      ; - java.io.ObjectOutputStream::writeSerialData@119 (line 1529)
                      ; - java.io.ObjectOutputStream::writeOrdinaryObject@158 (line 1451)
                      ; - java.io.ObjectOutputStream::writeObject0@506 (line 1194)
                      ;   {runtime_call UncommonTrapBlob}
  0x0000000118e9da70: 44b5 aa97 

  0x0000000118e9da74: ;   {other}
  0x0000000118e9da74: 1f20 03d5 | 1f00 80f2 | 1f00 80f2 | fd03 0faa | 2101 8012 

  0x0000000118e9da88: ; ImmutableOopMap {rfp=Oop [0]=Oop [32]=Oop [48]=Oop [80]=Oop }
                      ;*getfield customized {reexecute=1 rethrow=0 return_oop=0}
                      ; - (reexecute) java.lang.invoke.Invokers::checkCustomized@12 (line 626)
                      ; - java.lang.invoke.LambdaForm$MH/0x0000000301002800::invokeExact_MT@15
                      ; - jdk.internal.reflect.DirectMethodHandleAccessor::invokeImpl@136 (line 178)
                      ; - jdk.internal.reflect.DirectMethodHandleAccessor::invoke@24 (line 130)
                      ; - java.lang.reflect.Method::invoke@90 (line 580)
                      ; - java.io.ObjectStreamClass::invokeWriteObject@24 (line 1072)
                      ; - java.io.ObjectOutputStream::writeSerialData@119 (line 1529)
                      ; - java.io.ObjectOutputStream::writeOrdinaryObject@158 (line 1451)
                      ; - java.io.ObjectOutputStream::writeObject0@506 (line 1194)
                      ;   {runtime_call UncommonTrapBlob}
  0x0000000118e9da88: 3eb5 aa97 

  0x0000000118e9da8c: ;   {other}
  0x0000000118e9da8c: 1f20 03d5 | 1f00 80f2 | 1f00 80f2 | 1000 0014 | ea13 40f9 | 4a19 40b9 | 41f1 7dd3 | e017 00f9 
  0x0000000118e9daac: c101 00b4 

  0x0000000118e9dab0: ; ImmutableOopMap {rfp=Oop [0]=Oop [16]=Oop [24]=Oop [40]=Oop }
                      ;*invokevirtual unlock {reexecute=0 rethrow=0 return_oop=0}
                      ; - java.lang.ref.ReferenceQueue::poll@35 (line 186)
                      ; - java.io.ClassCache::processQueue@4 (line 111)
                      ; - java.io.ClassCache::get@1 (line 82)
                      ; - java.io.ObjectStreamClass::lookup@19 (line 364)
                      ; - java.io.ObjectOutputStream::writeObject0@185 (line 1150)
                      ;   {optimized virtual_call}
  0x0000000118e9dab0: b499 aa97 

  0x0000000118e9dab4: ;   {other}
  0x0000000118e9dab4: 1f20 03d5 | 1f00 80f2 | 1f00 80f2 | e017 40f9 | 0500 0014 | 0400 0014 | 0300 0014 | 0200 0014 
  0x0000000118e9dad4: 0100 0014 | fd03 00aa | f403 40f9 | d1f2 ff17 | 2101 8012 

  0x0000000118e9dae8: ; ImmutableOopMap {rfp=Oop [0]=Oop [16]=Oop [24]=Oop [40]=Oop }
                      ;*invokevirtual unlock {reexecute=0 rethrow=0 return_oop=0}
                      ; - java.lang.ref.ReferenceQueue::poll@35 (line 186)
                      ; - java.io.ClassCache::processQueue@4 (line 111)
                      ; - java.io.ClassCache::get@1 (line 82)
                      ; - java.io.ObjectStreamClass::lookup@19 (line 364)
                      ; - java.io.ObjectOutputStream::writeObject0@185 (line 1150)
                      ;   {runtime_call UncommonTrapBlob}
  0x0000000118e9dae8: 26b5 aa97 

  0x0000000118e9daec: ;   {other}
  0x0000000118e9daec: 1f20 03d5 | 1f00 80f2 | 1f00 80f2 | fd03 00aa | 4109 8012 

  0x0000000118e9db00: ; ImmutableOopMap {rfp=Oop [0]=Oop [24]=Oop [32]=Oop [48]=Oop [80]=Oop }
                      ;*astore {reexecute=0 rethrow=0 return_oop=0}
                      ; - jdk.internal.reflect.DirectMethodHandleAccessor::invoke@28 (line 131)
                      ; - java.lang.reflect.Method::invoke@90 (line 580)
                      ; - java.io.ObjectStreamClass::invokeWriteObject@24 (line 1072)
                      ; - java.io.ObjectOutputStream::writeSerialData@119 (line 1529)
                      ; - java.io.ObjectOutputStream::writeOrdinaryObject@158 (line 1451)
                      ; - java.io.ObjectOutputStream::writeObject0@506 (line 1194)
                      ;   {runtime_call UncommonTrapBlob}
  0x0000000118e9db00: 20b5 aa97 

  0x0000000118e9db04: ;   {other}
  0x0000000118e9db04: 1f20 03d5 | 1f00 80f2 | 1f00 80f2 | fd03 00aa | 410d 8052 

  0x0000000118e9db18: ; ImmutableOopMap {rfp=Oop [0]=Oop [32]=Oop [48]=Oop [80]=Oop }
                      ;*new {reexecute=0 rethrow=0 return_oop=0}
                      ; - jdk.internal.reflect.DirectMethodHandleAccessor::invoke@92 (line 145)
                      ; - java.lang.reflect.Method::invoke@90 (line 580)
                      ; - java.io.ObjectStreamClass::invokeWriteObject@24 (line 1072)
                      ; - java.io.ObjectOutputStream::writeSerialData@119 (line 1529)
                      ; - java.io.ObjectOutputStream::writeOrdinaryObject@158 (line 1451)
                      ; - java.io.ObjectOutputStream::writeObject0@506 (line 1194)
                      ;   {runtime_call UncommonTrapBlob}
  0x0000000118e9db18: 1ab5 aa97 

  0x0000000118e9db1c: ;   {other}
  0x0000000118e9db1c: 1f20 03d5 | 1f00 80f2 | 1f00 80f2 | fd03 00aa | e10f 40f9 | e203 00aa 

  0x0000000118e9db34: ; ImmutableOopMap {rfp=Oop [0]=Oop [32]=Oop [48]=Oop [72]=NarrowOop [80]=Oop }
                      ;*invokevirtual isIllegalArgument {reexecute=0 rethrow=0 return_oop=0}
                      ; - jdk.internal.reflect.DirectMethodHandleAccessor::invoke@64 (line 139)
                      ; - java.lang.reflect.Method::invoke@90 (line 580)
                      ; - java.io.ObjectStreamClass::invokeWriteObject@24 (line 1072)
                      ; - java.io.ObjectOutputStream::writeSerialData@119 (line 1529)
                      ; - java.io.ObjectOutputStream::writeOrdinaryObject@158 (line 1451)
                      ; - java.io.ObjectOutputStream::writeObject0@506 (line 1194)
                      ;   {optimized virtual_call}
  0x0000000118e9db34: 9399 aa97 

  0x0000000118e9db38: ;   {other}
  0x0000000118e9db38: 1f20 03d5 | 1f00 80f2 | 1f00 80f2 | 8004 0034 | 80df 40f9 | 8ae7 40f9 | 0ba0 0091 | 7f01 0aeb 
  0x0000000118e9db58: e202 0054 | ea03 40b2 | 8bdf 00f9 

  0x0000000118e9db64: ;   {metadata('java/lang/IllegalArgumentException')}
  0x0000000118e9db64: cc00 a0d2 | 0cfa 94f2 | 0a00 00f9 | 0c08 00b9 | 70c1 80f9 | 1f0c 00b9 | 0a40 0091 | 5f01 00f9 
  0x0000000118e9db84: 5ffd 00a9 | bf3a 03d5 | ea03 00aa | ea0b 00f9 | e103 0aaa | e203 1daa 

  0x0000000118e9db9c: ; ImmutableOopMap {[0]=Oop [16]=Oop [32]=Oop [48]=Oop [72]=NarrowOop [80]=Oop }
                      ;*invokespecial <init> {reexecute=0 rethrow=0 return_oop=0}
                      ; - jdk.internal.reflect.DirectMethodHandleAccessor::invoke@76 (line 140)
                      ; - java.lang.reflect.Method::invoke@90 (line 580)
                      ; - java.io.ObjectStreamClass::invokeWriteObject@24 (line 1072)
                      ; - java.io.ObjectOutputStream::writeSerialData@119 (line 1529)
                      ; - java.io.ObjectOutputStream::writeOrdinaryObject@158 (line 1451)
                      ; - java.io.ObjectOutputStream::writeObject0@506 (line 1194)
                      ;   {optimized virtual_call}
  0x0000000118e9db9c: 7999 aa97 

  0x0000000118e9dba0: ;   {other}
  0x0000000118e9dba0: 1f20 03d5 | 1f00 80f2 | 1f00 80f2 | ea0b 40f9 | 81f2 ff17 

  0x0000000118e9dbb4: ;   {metadata('java/lang/IllegalArgumentException')}
  0x0000000118e9dbb4: 01fa 94d2 | c100 a0f2 | 6100 c0f2 

  0x0000000118e9dbc0: ; ImmutableOopMap {rfp=Oop [0]=Oop [32]=Oop [48]=Oop [72]=NarrowOop [80]=Oop }
                      ;*new {reexecute=0 rethrow=0 return_oop=1}
                      ; - jdk.internal.reflect.DirectMethodHandleAccessor::invoke@70 (line 140)
                      ; - java.lang.reflect.Method::invoke@90 (line 580)
                      ; - java.io.ObjectStreamClass::invokeWriteObject@24 (line 1072)
                      ; - java.io.ObjectOutputStream::writeSerialData@119 (line 1529)
                      ; - java.io.ObjectOutputStream::writeOrdinaryObject@158 (line 1451)
                      ; - java.io.ObjectOutputStream::writeObject0@506 (line 1194)
                      ;   {runtime_call _new_instance_Java}
  0x0000000118e9dbc0: 500d ae97 

  0x0000000118e9dbc4: ;   {other}
  0x0000000118e9dbc4: 1f20 03d5 | 1f00 80f2 | 1f00 80f2 | eeff ff17 | 410d 8052 

  0x0000000118e9dbd8: ; ImmutableOopMap {rfp=Oop [0]=Oop [32]=Oop [48]=Oop [80]=Oop }
                      ;*new {reexecute=0 rethrow=0 return_oop=0}
                      ; - jdk.internal.reflect.DirectMethodHandleAccessor::invoke@80 (line 142)
                      ; - java.lang.reflect.Method::invoke@90 (line 580)
                      ; - java.io.ObjectStreamClass::invokeWriteObject@24 (line 1072)
                      ; - java.io.ObjectOutputStream::writeSerialData@119 (line 1529)
                      ; - java.io.ObjectOutputStream::writeOrdinaryObject@158 (line 1451)
                      ; - java.io.ObjectOutputStream::writeObject0@506 (line 1194)
                      ;   {runtime_call UncommonTrapBlob}
  0x0000000118e9dbd8: eab4 aa97 

  0x0000000118e9dbdc: ;   {other}
  0x0000000118e9dbdc: 1f20 03d5 | 1f00 80f2 | 1f00 80f2 | ea03 00aa | 6200 0014 | ea03 00aa | 6000 0014 | ea03 00aa 
  0x0000000118e9dbfc: 5e00 0014 | ea03 00aa | 9b00 0014 | ea03 00aa | 5a00 0014 | ea03 00aa | 9700 0014 | ea03 00aa 
  0x0000000118e9dc1c: 9500 0014 | ea03 00aa | 5400 0014 | 0b08 40b9 

  0x0000000118e9dc2c: ;   {metadata('java/lang/reflect/InvocationTargetException')}
  0x0000000118e9dc2c: 8a20 a0d2 | 0add 94f2 | 7f01 0a6b | f303 00aa | e000 0054 

  0x0000000118e9dc40: ;   {metadata('java/lang/IllegalAccessException')}
  0x0000000118e9dc40: 8c20 a0d2 | 0c91 94f2 | 7f01 0c6b | 614b fe54 | fd03 00aa | 92f7 ff17 | fd03 00aa | 9d00 0014 
  0x0000000118e9dc60: ea03 00aa | 4400 0014 | ea03 00aa | 4200 0014 | ea03 00aa | 7f00 0014 | ea03 00aa | 8400 0014 
  0x0000000118e9dc80: ea03 00aa | 8200 0014 | ea03 00aa | 8000 0014 | ea03 00aa | 7e00 0014 | ea03 00aa | 7c00 0014 
  0x0000000118e9dca0: ea03 00aa | 7a00 0014 | ea03 00aa | 7800 0014 | ea03 00aa | 7600 0014 | ea03 00aa | 7400 0014 
  0x0000000118e9dcc0: ea03 00aa | 6b00 0014 | ea03 00aa | 7000 0014 | ea03 00aa | 6e00 0014 | ea03 00aa | 6c00 0014 
  0x0000000118e9dce0: ea03 00aa | 2400 0014 | ea03 00aa | 6800 0014 | ea03 00aa | 6600 0014 | ea03 00aa | 6400 0014 
  0x0000000118e9dd00: ea03 00aa | 6200 0014 | ea03 00aa | 6000 0014 | ea03 00aa | 5700 0014 | ea03 00aa | 5500 0014 
  0x0000000118e9dd20: ea03 00aa | 5300 0014 | ea03 00aa | 5800 0014 | ea03 00aa | 5600 0014 | ea03 00aa | 1b00 0014 
  0x0000000118e9dd40: ea03 00aa | 5200 0014 | ea03 00aa | 1700 0014 | ea03 00aa | 4e00 0014 | ea03 00aa | 4c00 0014 
  0x0000000118e9dd60: ea03 00aa | 4a00 0014 | ea03 00aa | 0200 0014 | ea03 00aa | f303 0aaa | 4a09 40b9 | 4a05 60d2 
  0x0000000118e9dd80: 4600 0014 | ea03 00aa | 4100 0014 | ea03 00aa | 3f00 0014 | ea03 00aa | 3d00 0014 | ea03 00aa 
  0x0000000118e9dda0: 3b00 0014 | ea03 00aa | f303 0aaa | 4a09 40b9 | 4a05 60d2 | 3900 0014 | ea03 00aa | 3400 0014 
  0x0000000118e9ddc0: ea03 00aa | 3200 0014 | 0b08 40b9 | f303 00aa | 6a05 60d2 | 3100 0014 | f303 00aa | 0400 0014 
  0x0000000118e9dde0: f303 00aa | 0200 0014 | f303 00aa | ed03 0391 | ec23 40f9 | aa01 40f9 | 5f01 1feb | 8002 0054 
  0x0000000118e9de00: 8b01 40f9 | ab00 0837 | eb03 0daa | 8afd abc8 | 7f01 0deb | 0e00 0014 | 6b09 00d1 | 6a45 40f9 
  0x0000000118e9de20: aa00 00b4 | 4a05 00d1 | 6a45 00f9 | 5f01 0aeb | 0700 0014 | 6829 49a9 | 0801 0aaa | 1f01 1feb 
  0x0000000118e9de40: 6800 00b5 | 6b01 0191 | 7ffd 9fc8 | 8100 0054 | 88ab 42f9 | 0805 00d1 | 88ab 02f9 | 4104 0054 
  0x0000000118e9de60: 6b0a 40b9 | 6a05 60d2 | 0c00 0014 | ea03 00aa | 4b09 40b9 | f303 0aaa | 6a05 60d2 | 0700 0014 
  0x0000000118e9de80: ea03 00aa | 0200 0014 | ea03 00aa | f303 0aaa | 4a09 40b9 | 4a05 60d2 | 4a29 40f9 

  0x0000000118e9de9c: ;   {metadata('java/lang/reflect/InvocationTargetException')}
  0x0000000118e9de9c: 0bdd 94d2 | 8b20 a0f2 | 6b00 c0f2 | 5f01 0beb | 0001 0054 

  0x0000000118e9deb0: ;   {metadata('java/lang/IllegalAccessException')}
  0x0000000118e9deb0: 0b91 94d2 | 8b20 a0f2 | 6b00 c0f2 | 5f01 0beb | c137 fe54 | fd03 13aa | f5f6 ff17 | fd03 13aa 
  0x0000000118e9ded0: 410a 8012 

  0x0000000118e9ded4: ; ImmutableOopMap {rfp=Oop [0]=Oop [32]=Oop [48]=Oop [80]=Oop }
                      ;*invokevirtual getCause {reexecute=0 rethrow=0 return_oop=0}
                      ; - java.io.ObjectStreamClass::invokeWriteObject@33 (line 1074)
                      ; - java.io.ObjectOutputStream::writeSerialData@119 (line 1529)
                      ; - java.io.ObjectOutputStream::writeOrdinaryObject@158 (line 1451)
                      ; - java.io.ObjectOutputStream::writeObject0@506 (line 1194)
                      ;   {runtime_call UncommonTrapBlob}
  0x0000000118e9ded4: 2bb4 aa97 

  0x0000000118e9ded8: ;   {other}
  0x0000000118e9ded8: 1f20 03d5 | 1f00 80f2 | 1f00 80f2 | e103 0391 | e203 1caa | e023 40f9 | c900 0010 | 89d7 01f9 
  0x0000000118e9def8: ;   {runtime_call SharedRuntime::complete_monitor_unlocking_C(oopDesc*, BasicLock*, JavaThread*)}
  0x0000000118e9def8: 8897 94d2 | 28e9 a0f2 | 2800 c0f2 | 0001 3fd6 

  0x0000000118e9df08: ;   {other}
  0x0000000118e9df08: 1f20 03d5 | 1f00 80f2 | 1f00 80f2 | d3ff ff17 

  0x0000000118e9df18: ;   {internal_word}
  0x0000000118e9df18: a846 fd10 | 8837 02f9 

  0x0000000118e9df20: ;   {runtime_call SafepointBlob}
  0x0000000118e9df20: 78b2 aa17 | 0830 9bd2 | 88f2 a2f2 | 2800 c0f2 | 0001 3fd6 | 40e9 ff17 

  0x0000000118e9df38: ;   {other}
  0x0000000118e9df38: 1900 0000 | 0000 0000 
[Stub Code]
  0x0000000118e9df40: ;   {no_reloc}
  0x0000000118e9df40: 4800 0058 | 0001 1fd6 | 8033 5a10 | 0100 0000 

  0x0000000118e9df50: ;   {trampoline_stub}
  0x0000000118e9df50: 4800 0058 | 0001 1fd6 | 304b a217 | 0100 0000 

  0x0000000118e9df60: ;   {trampoline_stub}
  0x0000000118e9df60: 4800 0058 | 0001 1fd6 | c09c 3318 | 0100 0000 

  0x0000000118e9df70: ;   {trampoline_stub}
  0x0000000118e9df70: 4800 0058 | 0001 1fd6 | 8041 9417 | 0100 0000 

  0x0000000118e9df80: ;   {trampoline_stub}
  0x0000000118e9df80: 4800 0058 | 0001 1fd6 | 8041 9417 | 0100 0000 

  0x0000000118e9df90: ;   {trampoline_stub}
  0x0000000118e9df90: 4800 0058 | 0001 1fd6 | d034 7418 | 0100 0000 

  0x0000000118e9dfa0: ;   {trampoline_stub}
  0x0000000118e9dfa0: 4800 0058 | 0001 1fd6 | 304b a217 | 0100 0000 

  0x0000000118e9dfb0: ;   {trampoline_stub}
  0x0000000118e9dfb0: 4800 0058 | 0001 1fd6 | 8044 9417 | 0100 0000 

  0x0000000118e9dfc0: ;   {trampoline_stub}
  0x0000000118e9dfc0: 4800 0058 | 0001 1fd6 | 0015 2412 | 0100 0000 

  0x0000000118e9dfd0: ;   {trampoline_stub}
  0x0000000118e9dfd0: 4800 0058 | 0001 1fd6 | 60ea e918 | 0100 0000 

  0x0000000118e9dfe0: ;   {trampoline_stub}
  0x0000000118e9dfe0: 4800 0058 | 0001 1fd6 | 804b 5c10 | 0100 0000 

  0x0000000118e9dff0: ;   {trampoline_stub}
  0x0000000118e9dff0: 4800 0058 | 0001 1fd6 | 8041 9417 | 0100 0000 

  0x0000000118e9e000: ;   {static_stub}
  0x0000000118e9e000: df3f 03d5 

  0x0000000118e9e004: ;   {metadata(nullptr)}
  0x0000000118e9e004: 0c00 80d2 | 0c00 a0f2 | 0c00 c0f2 | 0800 80d2 | 0800 a0f2 | 0800 c0f2 | 0001 1fd6 

  0x0000000118e9e020: ;   {trampoline_stub}
  0x0000000118e9e020: 4800 0058 | 0001 1fd6 | 0092 f811 | 0100 0000 

  0x0000000118e9e030: ;   {trampoline_stub}
  0x0000000118e9e030: 4800 0058 | 0001 1fd6 | 304b a217 | 0100 0000 

  0x0000000118e9e040: ;   {trampoline_stub}
  0x0000000118e9e040: 4800 0058 | 0001 1fd6 | 8041 9417 | 0100 0000 

  0x0000000118e9e050: ;   {trampoline_stub}
  0x0000000118e9e050: 4800 0058 | 0001 1fd6 | 8041 9417 | 0100 0000 

  0x0000000118e9e060: ;   {trampoline_stub}
  0x0000000118e9e060: 4800 0058 | 0001 1fd6 | 8047 9417 | 0100 0000 

  0x0000000118e9e070: ;   {trampoline_stub}
  0x0000000118e9e070: 4800 0058 | 0001 1fd6 | 8041 9417 | 0100 0000 

  0x0000000118e9e080: ;   {trampoline_stub}
  0x0000000118e9e080: 4800 0058 | 0001 1fd6 | 8044 9417 | 0100 0000 

  0x0000000118e9e090: ;   {trampoline_stub}
  0x0000000118e9e090: 4800 0058 | 0001 1fd6 | 8041 9417 | 0100 0000 

  0x0000000118e9e0a0: ;   {static_stub}
  0x0000000118e9e0a0: df3f 03d5 

  0x0000000118e9e0a4: ;   {metadata(nullptr)}
  0x0000000118e9e0a4: 0c00 80d2 | 0c00 a0f2 | 0c00 c0f2 | 0800 80d2 | 0800 a0f2 | 0800 c0f2 | 0001 1fd6 

  0x0000000118e9e0c0: ;   {trampoline_stub}
  0x0000000118e9e0c0: 4800 0058 | 0001 1fd6 | 8041 9417 | 0100 0000 

  0x0000000118e9e0d0: ;   {trampoline_stub}
  0x0000000118e9e0d0: 4800 0058 | 0001 1fd6 | c073 4518 | 0100 0000 

  0x0000000118e9e0e0: ;   {trampoline_stub}
  0x0000000118e9e0e0: 4800 0058 | 0001 1fd6 | 00e5 ea17 | 0100 0000 

  0x0000000118e9e0f0: ;   {trampoline_stub}
  0x0000000118e9e0f0: 4800 0058 | 0001 1fd6 | 8047 9417 | 0100 0000 

  0x0000000118e9e100: ;   {trampoline_stub}
  0x0000000118e9e100: 4800 0058 | 0001 1fd6 | 8041 9417 | 0100 0000 

  0x0000000118e9e110: ;   {trampoline_stub}
  0x0000000118e9e110: 4800 0058 | 0001 1fd6 | 8033 5a10 | 0100 0000 

  0x0000000118e9e120: ;   {trampoline_stub}
  0x0000000118e9e120: 4800 0058 | 0001 1fd6 | 304b a217 | 0100 0000 

  0x0000000118e9e130: ;   {trampoline_stub}
  0x0000000118e9e130: 4800 0058 | 0001 1fd6 | 501f bd18 | 0100 0000 

  0x0000000118e9e140: ;   {trampoline_stub}
  0x0000000118e9e140: 4800 0058 | 0001 1fd6 | 8041 9417 | 0100 0000 

  0x0000000118e9e150: ;   {trampoline_stub}
  0x0000000118e9e150: 4800 0058 | 0001 1fd6 | 8044 a010 | 0100 0000 

  0x0000000118e9e160: ;   {trampoline_stub}
  0x0000000118e9e160: 4800 0058 | 0001 1fd6 | 8041 9417 | 0100 0000 

  0x0000000118e9e170: ;   {trampoline_stub}
  0x0000000118e9e170: 4800 0058 | 0001 1fd6 | 8041 9417 | 0100 0000 

  0x0000000118e9e180: ;   {static_stub}
  0x0000000118e9e180: df3f 03d5 

  0x0000000118e9e184: ;   {metadata(nullptr)}
  0x0000000118e9e184: 0c00 80d2 | 0c00 a0f2 | 0c00 c0f2 | 0800 80d2 | 0800 a0f2 | 0800 c0f2 | 0001 1fd6 

  0x0000000118e9e1a0: ;   {trampoline_stub}
  0x0000000118e9e1a0: 4800 0058 | 0001 1fd6 | 8041 9417 | 0100 0000 

  0x0000000118e9e1b0: ;   {trampoline_stub}
  0x0000000118e9e1b0: 4800 0058 | 0001 1fd6 | 8041 9417 | 0100 0000 

  0x0000000118e9e1c0: ;   {static_stub}
  0x0000000118e9e1c0: df3f 03d5 

  0x0000000118e9e1c4: ;   {metadata(nullptr)}
  0x0000000118e9e1c4: 0c00 80d2 | 0c00 a0f2 | 0c00 c0f2 | 0800 80d2 | 0800 a0f2 | 0800 c0f2 | 0001 1fd6 

  0x0000000118e9e1e0: ;   {trampoline_stub}
  0x0000000118e9e1e0: 4800 0058 | 0001 1fd6 | 50fc eb17 | 0100 0000 

  0x0000000118e9e1f0: ;   {trampoline_stub}
  0x0000000118e9e1f0: 4800 0058 | 0001 1fd6 | 50fc eb17 | 0100 0000 

  0x0000000118e9e200: ;   {trampoline_stub}
  0x0000000118e9e200: 4800 0058 | 0001 1fd6 | c0ea e918 | 0100 0000 

  0x0000000118e9e210: ;   {trampoline_stub}
  0x0000000118e9e210: 4800 0058 | 0001 1fd6 | d03f 3d18 | 0100 0000 

  0x0000000118e9e220: ;   {trampoline_stub}
  0x0000000118e9e220: 4800 0058 | 0001 1fd6 | 20eb e918 | 0100 0000 

  0x0000000118e9e230: ;   {trampoline_stub}
  0x0000000118e9e230: 4800 0058 | 0001 1fd6 | 8041 9417 | 0100 0000 

  0x0000000118e9e240: ;   {trampoline_stub}
  0x0000000118e9e240: 4800 0058 | 0001 1fd6 | 8041 9417 | 0100 0000 

  0x0000000118e9e250: ;   {trampoline_stub}
  0x0000000118e9e250: 4800 0058 | 0001 1fd6 | 8047 9417 | 0100 0000 

  0x0000000118e9e260: ;   {trampoline_stub}
  0x0000000118e9e260: 4800 0058 | 0001 1fd6 | 8041 9417 | 0100 0000 

  0x0000000118e9e270: ;   {trampoline_stub}
  0x0000000118e9e270: 4800 0058 | 0001 1fd6 | 8041 9417 | 0100 0000 

  0x0000000118e9e280: ;   {trampoline_stub}
  0x0000000118e9e280: 4800 0058 | 0001 1fd6 | 8041 9417 | 0100 0000 

  0x0000000118e9e290: ;   {trampoline_stub}
  0x0000000118e9e290: 4800 0058 | 0001 1fd6 | 8041 9417 | 0100 0000 

  0x0000000118e9e2a0: ;   {trampoline_stub}
  0x0000000118e9e2a0: 4800 0058 | 0001 1fd6 | 8047 9417 | 0100 0000 

  0x0000000118e9e2b0: ;   {trampoline_stub}
  0x0000000118e9e2b0: 4800 0058 | 0001 1fd6 | 8041 9417 | 0100 0000 

  0x0000000118e9e2c0: ;   {static_stub}
  0x0000000118e9e2c0: df3f 03d5 

  0x0000000118e9e2c4: ;   {metadata(nullptr)}
  0x0000000118e9e2c4: 0c00 80d2 | 0c00 a0f2 | 0c00 c0f2 | 0800 80d2 | 0800 a0f2 | 0800 c0f2 | 0001 1fd6 

  0x0000000118e9e2e0: ;   {trampoline_stub}
  0x0000000118e9e2e0: 4800 0058 | 0001 1fd6 | 00bf bf12 | 0100 0000 

  0x0000000118e9e2f0: ;   {trampoline_stub}
  0x0000000118e9e2f0: 4800 0058 | 0001 1fd6 | c039 0a12 | 0100 0000 

  0x0000000118e9e300: ;   {trampoline_stub}
  0x0000000118e9e300: 4800 0058 | 0001 1fd6 | 8041 9417 | 0100 0000 

  0x0000000118e9e310: ;   {trampoline_stub}
  0x0000000118e9e310: 4800 0058 | 0001 1fd6 | c0a2 1312 | 0100 0000 

  0x0000000118e9e320: ;   {trampoline_stub}
  0x0000000118e9e320: 4800 0058 | 0001 1fd6 | 8041 9417 | 0100 0000 

  0x0000000118e9e330: ;   {trampoline_stub}
  0x0000000118e9e330: 4800 0058 | 0001 1fd6 | 8041 9417 | 0100 0000 

  0x0000000118e9e340: ;   {trampoline_stub}
  0x0000000118e9e340: 4800 0058 | 0001 1fd6 | 8041 9417 | 0100 0000 

  0x0000000118e9e350: ;   {static_stub}
  0x0000000118e9e350: df3f 03d5 

  0x0000000118e9e354: ;   {metadata(nullptr)}
  0x0000000118e9e354: 0c00 80d2 | 0c00 a0f2 | 0c00 c0f2 | 0800 80d2 | 0800 a0f2 | 0800 c0f2 | 0001 1fd6 

  0x0000000118e9e370: ;   {trampoline_stub}
  0x0000000118e9e370: 4800 0058 | 0001 1fd6 | 8041 9417 | 0100 0000 

  0x0000000118e9e380: ;   {trampoline_stub}
  0x0000000118e9e380: 4800 0058 | 0001 1fd6 | 8041 9417 | 0100 0000 

  0x0000000118e9e390: ;   {static_stub}
  0x0000000118e9e390: df3f 03d5 

  0x0000000118e9e394: ;   {metadata(nullptr)}
  0x0000000118e9e394: 0c00 80d2 | 0c00 a0f2 | 0c00 c0f2 | 0800 80d2 | 0800 a0f2 | 0800 c0f2 | 0001 1fd6 

  0x0000000118e9e3b0: ;   {trampoline_stub}
  0x0000000118e9e3b0: 4800 0058 | 0001 1fd6 | 8041 9417 | 0100 0000 

  0x0000000118e9e3c0: ;   {trampoline_stub}
  0x0000000118e9e3c0: 4800 0058 | 0001 1fd6 | 50fc eb17 | 0100 0000 

  0x0000000118e9e3d0: ;   {trampoline_stub}
  0x0000000118e9e3d0: 4800 0058 | 0001 1fd6 | 50fc eb17 | 0100 0000 

  0x0000000118e9e3e0: ;   {trampoline_stub}
  0x0000000118e9e3e0: 4800 0058 | 0001 1fd6 | 8041 9417 | 0100 0000 

  0x0000000118e9e3f0: ;   {trampoline_stub}
  0x0000000118e9e3f0: 4800 0058 | 0001 1fd6 | 8047 9417 | 0100 0000 

  0x0000000118e9e400: ;   {trampoline_stub}
  0x0000000118e9e400: 4800 0058 | 0001 1fd6 | 8047 9417 | 0100 0000 

  0x0000000118e9e410: ;   {trampoline_stub}
  0x0000000118e9e410: 4800 0058 | 0001 1fd6 | 8041 9417 | 0100 0000 

  0x0000000118e9e420: ;   {static_stub}
  0x0000000118e9e420: df3f 03d5 

  0x0000000118e9e424: ;   {metadata(nullptr)}
  0x0000000118e9e424: 0c00 80d2 | 0c00 a0f2 | 0c00 c0f2 | 0800 80d2 | 0800 a0f2 | 0800 c0f2 | 0001 1fd6 

  0x0000000118e9e440: ;   {trampoline_stub}
  0x0000000118e9e440: 4800 0058 | 0001 1fd6 | 8041 9417 | 0100 0000 

  0x0000000118e9e450: ;   {trampoline_stub}
  0x0000000118e9e450: 4800 0058 | 0001 1fd6 | 8041 9417 | 0100 0000 

  0x0000000118e9e460: ;   {trampoline_stub}
  0x0000000118e9e460: 4800 0058 | 0001 1fd6 | 8047 9417 | 0100 0000 

  0x0000000118e9e470: ;   {trampoline_stub}
  0x0000000118e9e470: 4800 0058 | 0001 1fd6 | 8041 9417 | 0100 0000 

  0x0000000118e9e480: ;   {trampoline_stub}
  0x0000000118e9e480: 4800 0058 | 0001 1fd6 | 8041 9417 | 0100 0000 

  0x0000000118e9e490: ;   {static_stub}
  0x0000000118e9e490: df3f 03d5 

  0x0000000118e9e494: ;   {metadata(nullptr)}
  0x0000000118e9e494: 0c00 80d2 | 0c00 a0f2 | 0c00 c0f2 | 0800 80d2 | 0800 a0f2 | 0800 c0f2 | 0001 1fd6 

  0x0000000118e9e4b0: ;   {trampoline_stub}
  0x0000000118e9e4b0: 4800 0058 | 0001 1fd6 | 8047 9417 | 0100 0000 

  0x0000000118e9e4c0: ;   {trampoline_stub}
  0x0000000118e9e4c0: 4800 0058 | 0001 1fd6 | 8047 9417 | 0100 0000 

  0x0000000118e9e4d0: ;   {trampoline_stub}
  0x0000000118e9e4d0: 4800 0058 | 0001 1fd6 | 8041 9417 | 0100 0000 

  0x0000000118e9e4e0: ;   {static_stub}
  0x0000000118e9e4e0: df3f 03d5 

  0x0000000118e9e4e4: ;   {metadata(nullptr)}
  0x0000000118e9e4e4: 0c00 80d2 | 0c00 a0f2 | 0c00 c0f2 | 0800 80d2 | 0800 a0f2 | 0800 c0f2 | 0001 1fd6 

  0x0000000118e9e500: ;   {trampoline_stub}
  0x0000000118e9e500: 4800 0058 | 0001 1fd6 | 8047 9417 | 0100 0000 

  0x0000000118e9e510: ;   {trampoline_stub}
  0x0000000118e9e510: 4800 0058 | 0001 1fd6 | 8047 9417 | 0100 0000 

  0x0000000118e9e520: ;   {trampoline_stub}
  0x0000000118e9e520: 4800 0058 | 0001 1fd6 | 8047 9417 | 0100 0000 

  0x0000000118e9e530: ;   {trampoline_stub}
  0x0000000118e9e530: 4800 0058 | 0001 1fd6 | 8041 9417 | 0100 0000 

  0x0000000118e9e540: ;   {static_stub}
  0x0000000118e9e540: df3f 03d5 

  0x0000000118e9e544: ;   {metadata(nullptr)}
  0x0000000118e9e544: 0c00 80d2 | 0c00 a0f2 | 0c00 c0f2 | 0800 80d2 | 0800 a0f2 | 0800 c0f2 | 0001 1fd6 

  0x0000000118e9e560: ;   {trampoline_stub}
  0x0000000118e9e560: 4800 0058 | 0001 1fd6 | 8047 9417 | 0100 0000 

  0x0000000118e9e570: ;   {trampoline_stub}
  0x0000000118e9e570: 4800 0058 | 0001 1fd6 | 8041 9417 | 0100 0000 

  0x0000000118e9e580: ;   {static_stub}
  0x0000000118e9e580: df3f 03d5 

  0x0000000118e9e584: ;   {metadata(nullptr)}
  0x0000000118e9e584: 0c00 80d2 | 0c00 a0f2 | 0c00 c0f2 | 0800 80d2 | 0800 a0f2 | 0800 c0f2 | 0001 1fd6 

  0x0000000118e9e5a0: ;   {trampoline_stub}
  0x0000000118e9e5a0: 4800 0058 | 0001 1fd6 | 8041 9417 | 0100 0000 

  0x0000000118e9e5b0: ;   {trampoline_stub}
  0x0000000118e9e5b0: 4800 0058 | 0001 1fd6 | 8041 9417 | 0100 0000 

  0x0000000118e9e5c0: ;   {trampoline_stub}
  0x0000000118e9e5c0: 4800 0058 | 0001 1fd6 | 8041 9417 | 0100 0000 

  0x0000000118e9e5d0: ;   {static_stub}
  0x0000000118e9e5d0: df3f 03d5 

  0x0000000118e9e5d4: ;   {metadata(nullptr)}
  0x0000000118e9e5d4: 0c00 80d2 | 0c00 a0f2 | 0c00 c0f2 | 0800 80d2 | 0800 a0f2 | 0800 c0f2 | 0001 1fd6 

  0x0000000118e9e5f0: ;   {trampoline_stub}
  0x0000000118e9e5f0: 4800 0058 | 0001 1fd6 | 8047 9417 | 0100 0000 

  0x0000000118e9e600: ;   {trampoline_stub}
  0x0000000118e9e600: 4800 0058 | 0001 1fd6 | 8041 9417 | 0100 0000 

  0x0000000118e9e610: ;   {trampoline_stub}
  0x0000000118e9e610: 4800 0058 | 0001 1fd6 | 8047 9417 | 0100 0000 

  0x0000000118e9e620: ;   {trampoline_stub}
  0x0000000118e9e620: 4800 0058 | 0001 1fd6 | 8047 9417 | 0100 0000 

  0x0000000118e9e630: ;   {trampoline_stub}
  0x0000000118e9e630: 4800 0058 | 0001 1fd6 | 8047 9417 | 0100 0000 

  0x0000000118e9e640: ;   {trampoline_stub}
  0x0000000118e9e640: 4800 0058 | 0001 1fd6 | 8041 9417 | 0100 0000 

  0x0000000118e9e650: ;   {trampoline_stub}
  0x0000000118e9e650: 4800 0058 | 0001 1fd6 | 8041 9417 | 0100 0000 

  0x0000000118e9e660: ;   {static_stub}
  0x0000000118e9e660: df3f 03d5 

  0x0000000118e9e664: ;   {metadata(nullptr)}
  0x0000000118e9e664: 0c00 80d2 | 0c00 a0f2 | 0c00 c0f2 | 0800 80d2 | 0800 a0f2 | 0800 c0f2 | 0001 1fd6 

  0x0000000118e9e680: ;   {trampoline_stub}
  0x0000000118e9e680: 4800 0058 | 0001 1fd6 | 8047 9417 | 0100 0000 

  0x0000000118e9e690: ;   {trampoline_stub}
  0x0000000118e9e690: 4800 0058 | 0001 1fd6 | 8047 9417 | 0100 0000 

  0x0000000118e9e6a0: ;   {trampoline_stub}
  0x0000000118e9e6a0: 4800 0058 | 0001 1fd6 | 8041 9417 | 0100 0000 

  0x0000000118e9e6b0: ;   {static_stub}
  0x0000000118e9e6b0: df3f 03d5 

  0x0000000118e9e6b4: ;   {metadata(nullptr)}
  0x0000000118e9e6b4: 0c00 80d2 | 0c00 a0f2 | 0c00 c0f2 | 0800 80d2 | 0800 a0f2 | 0800 c0f2 | 0001 1fd6 

  0x0000000118e9e6d0: ;   {trampoline_stub}
  0x0000000118e9e6d0: 4800 0058 | 0001 1fd6 | 8047 9417 | 0100 0000 

  0x0000000118e9e6e0: ;   {trampoline_stub}
  0x0000000118e9e6e0: 4800 0058 | 0001 1fd6 | 8041 9417 | 0100 0000 

  0x0000000118e9e6f0: ;   {trampoline_stub}
  0x0000000118e9e6f0: 4800 0058 | 0001 1fd6 | 8041 9417 | 0100 0000 

  0x0000000118e9e700: ;   {trampoline_stub}
  0x0000000118e9e700: 4800 0058 | 0001 1fd6 | 8041 9417 | 0100 0000 

  0x0000000118e9e710: ;   {static_stub}
  0x0000000118e9e710: df3f 03d5 

  0x0000000118e9e714: ;   {metadata(nullptr)}
  0x0000000118e9e714: 0c00 80d2 | 0c00 a0f2 | 0c00 c0f2 | 0800 80d2 | 0800 a0f2 | 0800 c0f2 | 0001 1fd6 

  0x0000000118e9e730: ;   {trampoline_stub}
  0x0000000118e9e730: 4800 0058 | 0001 1fd6 | 8041 9417 | 0100 0000 

  0x0000000118e9e740: ;   {trampoline_stub}
  0x0000000118e9e740: 4800 0058 | 0001 1fd6 | 8041 9417 | 0100 0000 

  0x0000000118e9e750: ;   {trampoline_stub}
  0x0000000118e9e750: 4800 0058 | 0001 1fd6 | 8041 9417 | 0100 0000 

  0x0000000118e9e760: ;   {trampoline_stub}
  0x0000000118e9e760: 4800 0058 | 0001 1fd6 | 8041 9417 | 0100 0000 

  0x0000000118e9e770: ;   {trampoline_stub}
  0x0000000118e9e770: 4800 0058 | 0001 1fd6 | 8041 9417 | 0100 0000 

  0x0000000118e9e780: ;   {static_stub}
  0x0000000118e9e780: df3f 03d5 

  0x0000000118e9e784: ;   {metadata(nullptr)}
  0x0000000118e9e784: 0c00 80d2 | 0c00 a0f2 | 0c00 c0f2 | 0800 80d2 | 0800 a0f2 | 0800 c0f2 | 0001 1fd6 

  0x0000000118e9e7a0: ;   {trampoline_stub}
  0x0000000118e9e7a0: 4800 0058 | 0001 1fd6 | 8041 9417 | 0100 0000 

  0x0000000118e9e7b0: ;   {trampoline_stub}
  0x0000000118e9e7b0: 4800 0058 | 0001 1fd6 | 8041 9417 | 0100 0000 

  0x0000000118e9e7c0: ;   {static_stub}
  0x0000000118e9e7c0: df3f 03d5 

  0x0000000118e9e7c4: ;   {metadata(nullptr)}
  0x0000000118e9e7c4: 0c00 80d2 | 0c00 a0f2 | 0c00 c0f2 | 0800 80d2 | 0800 a0f2 | 0800 c0f2 | 0001 1fd6 

  0x0000000118e9e7e0: ;   {static_stub}
  0x0000000118e9e7e0: df3f 03d5 

  0x0000000118e9e7e4: ;   {metadata(nullptr)}
  0x0000000118e9e7e4: 0c00 80d2 | 0c00 a0f2 | 0c00 c0f2 | 0800 80d2 | 0800 a0f2 | 0800 c0f2 | 0001 1fd6 

  0x0000000118e9e800: ;   {static_stub}
  0x0000000118e9e800: df3f 03d5 

  0x0000000118e9e804: ;   {metadata(nullptr)}
  0x0000000118e9e804: 0c00 80d2 | 0c00 a0f2 | 0c00 c0f2 | 0800 80d2 | 0800 a0f2 | 0800 c0f2 | 0001 1fd6 

  0x0000000118e9e820: ;   {static_stub}
  0x0000000118e9e820: df3f 03d5 

  0x0000000118e9e824: ;   {metadata(nullptr)}
  0x0000000118e9e824: 0c00 80d2 | 0c00 a0f2 | 0c00 c0f2 | 0800 80d2 | 0800 a0f2 | 0800 c0f2 | 0001 1fd6 

  0x0000000118e9e840: ;   {static_stub}
  0x0000000118e9e840: df3f 03d5 

  0x0000000118e9e844: ;   {metadata(nullptr)}
  0x0000000118e9e844: 0c00 80d2 | 0c00 a0f2 | 0c00 c0f2 | 0800 80d2 | 0800 a0f2 | 0800 c0f2 | 0001 1fd6 

  0x0000000118e9e860: ;   {static_stub}
  0x0000000118e9e860: df3f 03d5 

  0x0000000118e9e864: ;   {metadata(nullptr)}
  0x0000000118e9e864: 0c00 80d2 | 0c00 a0f2 | 0c00 c0f2 | 0800 80d2 | 0800 a0f2 | 0800 c0f2 | 0001 1fd6 

  0x0000000118e9e880: ;   {static_stub}
  0x0000000118e9e880: df3f 03d5 

  0x0000000118e9e884: ;   {metadata(nullptr)}
  0x0000000118e9e884: 0c00 80d2 | 0c00 a0f2 | 0c00 c0f2 | 0800 80d2 | 0800 a0f2 | 0800 c0f2 | 0001 1fd6 

  0x0000000118e9e8a0: ;   {static_stub}
  0x0000000118e9e8a0: df3f 03d5 

  0x0000000118e9e8a4: ;   {metadata(nullptr)}
  0x0000000118e9e8a4: 0c00 80d2 | 0c00 a0f2 | 0c00 c0f2 | 0800 80d2 | 0800 a0f2 | 0800 c0f2 | 0001 1fd6 

  0x0000000118e9e8c0: ;   {static_stub}
  0x0000000118e9e8c0: df3f 03d5 

  0x0000000118e9e8c4: ;   {metadata(nullptr)}
  0x0000000118e9e8c4: 0c00 80d2 | 0c00 a0f2 | 0c00 c0f2 | 0800 80d2 | 0800 a0f2 | 0800 c0f2 | 0001 1fd6 

  0x0000000118e9e8e0: ;   {static_stub}
  0x0000000118e9e8e0: df3f 03d5 

  0x0000000118e9e8e4: ;   {metadata(nullptr)}
  0x0000000118e9e8e4: 0c00 80d2 | 0c00 a0f2 | 0c00 c0f2 | 0800 80d2 | 0800 a0f2 | 0800 c0f2 | 0001 1fd6 

  0x0000000118e9e900: ;   {static_stub}
  0x0000000118e9e900: df3f 03d5 

  0x0000000118e9e904: ;   {metadata(nullptr)}
  0x0000000118e9e904: 0c00 80d2 | 0c00 a0f2 | 0c00 c0f2 | 0800 80d2 | 0800 a0f2 | 0800 c0f2 | 0001 1fd6 

  0x0000000118e9e920: ;   {static_stub}
  0x0000000118e9e920: df3f 03d5 

  0x0000000118e9e924: ;   {metadata(nullptr)}
  0x0000000118e9e924: 0c00 80d2 | 0c00 a0f2 | 0c00 c0f2 | 0800 80d2 | 0800 a0f2 | 0800 c0f2 | 0001 1fd6 

  0x0000000118e9e940: ;   {static_stub}
  0x0000000118e9e940: df3f 03d5 

  0x0000000118e9e944: ;   {metadata(nullptr)}
  0x0000000118e9e944: 0c00 80d2 | 0c00 a0f2 | 0c00 c0f2 | 0800 80d2 | 0800 a0f2 | 0800 c0f2 | 0001 1fd6 

  0x0000000118e9e960: ;   {static_stub}
  0x0000000118e9e960: df3f 03d5 

  0x0000000118e9e964: ;   {metadata(nullptr)}
  0x0000000118e9e964: 0c00 80d2 | 0c00 a0f2 | 0c00 c0f2 | 0800 80d2 | 0800 a0f2 | 0800 c0f2 | 0001 1fd6 

  0x0000000118e9e980: ;   {static_stub}
  0x0000000118e9e980: df3f 03d5 

  0x0000000118e9e984: ;   {metadata(nullptr)}
  0x0000000118e9e984: 0c00 80d2 | 0c00 a0f2 | 0c00 c0f2 | 0800 80d2 | 0800 a0f2 | 0800 c0f2 | 0001 1fd6 

  0x0000000118e9e9a0: ;   {static_stub}
  0x0000000118e9e9a0: df3f 03d5 

  0x0000000118e9e9a4: ;   {metadata(nullptr)}
  0x0000000118e9e9a4: 0c00 80d2 | 0c00 a0f2 | 0c00 c0f2 | 0800 80d2 | 0800 a0f2 | 0800 c0f2 | 0001 1fd6 

  0x0000000118e9e9c0: ;   {static_stub}
  0x0000000118e9e9c0: df3f 03d5 

  0x0000000118e9e9c4: ;   {metadata(nullptr)}
  0x0000000118e9e9c4: 0c00 80d2 | 0c00 a0f2 | 0c00 c0f2 | 0800 80d2 | 0800 a0f2 | 0800 c0f2 | 0001 1fd6 

  0x0000000118e9e9e0: ;   {static_stub}
  0x0000000118e9e9e0: df3f 03d5 

  0x0000000118e9e9e4: ;   {metadata(nullptr)}
  0x0000000118e9e9e4: 0c00 80d2 | 0c00 a0f2 | 0c00 c0f2 | 0800 80d2 | 0800 a0f2 | 0800 c0f2 | 0001 1fd6 

  0x0000000118e9ea00: ;   {static_stub}
  0x0000000118e9ea00: df3f 03d5 

  0x0000000118e9ea04: ;   {metadata(nullptr)}
  0x0000000118e9ea04: 0c00 80d2 | 0c00 a0f2 | 0c00 c0f2 | 0800 80d2 | 0800 a0f2 | 0800 c0f2 | 0001 1fd6 

  0x0000000118e9ea20: ;   {static_stub}
  0x0000000118e9ea20: df3f 03d5 

  0x0000000118e9ea24: ;   {metadata(nullptr)}
  0x0000000118e9ea24: 0c00 80d2 | 0c00 a0f2 | 0c00 c0f2 | 0800 80d2 | 0800 a0f2 | 0800 c0f2 | 0001 1fd6 

  0x0000000118e9ea40: ;   {static_stub}
  0x0000000118e9ea40: df3f 03d5 

  0x0000000118e9ea44: ;   {metadata(nullptr)}
  0x0000000118e9ea44: 0c00 80d2 | 0c00 a0f2 | 0c00 c0f2 | 0800 80d2 | 0800 a0f2 | 0800 c0f2 | 0001 1fd6 

  0x0000000118e9ea60: ;   {static_stub}
  0x0000000118e9ea60: df3f 03d5 

  0x0000000118e9ea64: ;   {metadata({method} {0x0000000126971bb0} 'writeEnum' '(Ljava/lang/Enum;Ljava/io/ObjectStreamClass;Z)V' in 'java/io/ObjectOutputStream')}
  0x0000000118e9ea64: 0c76 83d2 | ecd2 a4f2 | 2c00 c0f2 | 88fb 85d2 | 48f2 a2f2 | 2800 c0f2 | 0001 1fd6 

  0x0000000118e9ea80: ;   {static_stub}
  0x0000000118e9ea80: df3f 03d5 

  0x0000000118e9ea84: ;   {metadata(nullptr)}
  0x0000000118e9ea84: 0c00 80d2 | 0c00 a0f2 | 0c00 c0f2 | 0800 80d2 | 0800 a0f2 | 0800 c0f2 | 0001 1fd6 

  0x0000000118e9eaa0: ;   {static_stub}
  0x0000000118e9eaa0: df3f 03d5 

  0x0000000118e9eaa4: ;   {metadata(nullptr)}
  0x0000000118e9eaa4: 0c00 80d2 | 0c00 a0f2 | 0c00 c0f2 | 0800 80d2 | 0800 a0f2 | 0800 c0f2 | 0001 1fd6 

  0x0000000118e9eac0: ;   {static_stub}
  0x0000000118e9eac0: df3f 03d5 

  0x0000000118e9eac4: ;   {metadata({method} {0x0000000129b194b8} 'assign' '(Ljava/lang/Object;Ljava/lang/Object;)V' in 'java/io/ObjectOutputStream$ReplaceTable')}
  0x0000000118e9eac4: 0c97 92d2 | 2c36 a5f2 | 2c00 c0f2 | 082b 81d2 | 88f2 a2f2 | 2800 c0f2 | 0001 1fd6 

  0x0000000118e9eae0: ;   {static_stub}
  0x0000000118e9eae0: df3f 03d5 

  0x0000000118e9eae4: ;   {metadata(nullptr)}
  0x0000000118e9eae4: 0c00 80d2 | 0c00 a0f2 | 0c00 c0f2 | 0800 80d2 | 0800 a0f2 | 0800 c0f2 | 0001 1fd6 

  0x0000000118e9eb00: ;   {static_stub}
  0x0000000118e9eb00: df3f 03d5 

  0x0000000118e9eb04: ;   {metadata(nullptr)}
  0x0000000118e9eb04: 0c00 80d2 | 0c00 a0f2 | 0c00 c0f2 | 0800 80d2 | 0800 a0f2 | 0800 c0f2 | 0001 1fd6 

  0x0000000118e9eb20: ;   {static_stub}
  0x0000000118e9eb20: df3f 03d5 

  0x0000000118e9eb24: ;   {metadata({method} {0x000000012694a688} 'invokeWriteReplace' '(Ljava/lang/Object;)Ljava/lang/Object;' in 'java/io/ObjectStreamClass')}
  0x0000000118e9eb24: 0cd1 94d2 | 8cd2 a4f2 | 2c00 c0f2 | 88ba 92d2 | 88f2 a2f2 | 2800 c0f2 | 0001 1fd6 

  0x0000000118e9eb40: ;   {static_stub}
  0x0000000118e9eb40: df3f 03d5 

  0x0000000118e9eb44: ;   {metadata(nullptr)}
  0x0000000118e9eb44: 0c00 80d2 | 0c00 a0f2 | 0c00 c0f2 | 0800 80d2 | 0800 a0f2 | 0800 c0f2 | 0001 1fd6 

  0x0000000118e9eb60: ;   {static_stub}
  0x0000000118e9eb60: df3f 03d5 

  0x0000000118e9eb64: ;   {metadata(nullptr)}
  0x0000000118e9eb64: 0c00 80d2 | 0c00 a0f2 | 0c00 c0f2 | 0800 80d2 | 0800 a0f2 | 0800 c0f2 | 0001 1fd6 

  0x0000000118e9eb80: ;   {static_stub}
  0x0000000118e9eb80: df3f 03d5 

  0x0000000118e9eb84: ;   {metadata(nullptr)}
  0x0000000118e9eb84: 0c00 80d2 | 0c00 a0f2 | 0c00 c0f2 | 0800 80d2 | 0800 a0f2 | 0800 c0f2 | 0001 1fd6 

  0x0000000118e9eba0: ;   {static_stub}
  0x0000000118e9eba0: df3f 03d5 

  0x0000000118e9eba4: ;   {metadata(nullptr)}
  0x0000000118e9eba4: 0c00 80d2 | 0c00 a0f2 | 0c00 c0f2 | 0800 80d2 | 0800 a0f2 | 0800 c0f2 | 0001 1fd6 

  0x0000000118e9ebc0: ;   {static_stub}
  0x0000000118e9ebc0: df3f 03d5 

  0x0000000118e9ebc4: ;   {metadata(nullptr)}
  0x0000000118e9ebc4: 0c00 80d2 | 0c00 a0f2 | 0c00 c0f2 | 0800 80d2 | 0800 a0f2 | 0800 c0f2 | 0001 1fd6 

  0x0000000118e9ebe0: ;   {static_stub}
  0x0000000118e9ebe0: df3f 03d5 

  0x0000000118e9ebe4: ;   {metadata(nullptr)}
  0x0000000118e9ebe4: 0c00 80d2 | 0c00 a0f2 | 0c00 c0f2 | 0800 80d2 | 0800 a0f2 | 0800 c0f2 | 0001 1fd6 

  0x0000000118e9ec00: ;   {static_stub}
  0x0000000118e9ec00: df3f 03d5 

  0x0000000118e9ec04: ;   {metadata(nullptr)}
  0x0000000118e9ec04: 0c00 80d2 | 0c00 a0f2 | 0c00 c0f2 | 0800 80d2 | 0800 a0f2 | 0800 c0f2 | 0001 1fd6 

  0x0000000118e9ec20: ;   {static_stub}
  0x0000000118e9ec20: df3f 03d5 

  0x0000000118e9ec24: ;   {metadata(nullptr)}
  0x0000000118e9ec24: 0c00 80d2 | 0c00 a0f2 | 0c00 c0f2 | 0800 80d2 | 0800 a0f2 | 0800 c0f2 | 0001 1fd6 

  0x0000000118e9ec40: ;   {static_stub}
  0x0000000118e9ec40: df3f 03d5 

  0x0000000118e9ec44: ;   {metadata(nullptr)}
  0x0000000118e9ec44: 0c00 80d2 | 0c00 a0f2 | 0c00 c0f2 | 0800 80d2 | 0800 a0f2 | 0800 c0f2 | 0001 1fd6 

  0x0000000118e9ec60: ;   {static_stub}
  0x0000000118e9ec60: df3f 03d5 

  0x0000000118e9ec64: ;   {metadata(nullptr)}
  0x0000000118e9ec64: 0c00 80d2 | 0c00 a0f2 | 0c00 c0f2 | 0800 80d2 | 0800 a0f2 | 0800 c0f2 | 0001 1fd6 

  0x0000000118e9ec80: ;   {static_stub}
  0x0000000118e9ec80: df3f 03d5 

  0x0000000118e9ec84: ;   {metadata(nullptr)}
  0x0000000118e9ec84: 0c00 80d2 | 0c00 a0f2 | 0c00 c0f2 | 0800 80d2 | 0800 a0f2 | 0800 c0f2 | 0001 1fd6 

  0x0000000118e9eca0: ;   {static_stub}
  0x0000000118e9eca0: df3f 03d5 

  0x0000000118e9eca4: ;   {metadata(nullptr)}
  0x0000000118e9eca4: 0c00 80d2 | 0c00 a0f2 | 0c00 c0f2 | 0800 80d2 | 0800 a0f2 | 0800 c0f2 | 0001 1fd6 

  0x0000000118e9ecc0: ;   {static_stub}
  0x0000000118e9ecc0: df3f 03d5 

  0x0000000118e9ecc4: ;   {metadata(nullptr)}
  0x0000000118e9ecc4: 0c00 80d2 | 0c00 a0f2 | 0c00 c0f2 | 0800 80d2 | 0800 a0f2 | 0800 c0f2 | 0001 1fd6 

  0x0000000118e9ece0: ;   {static_stub}
  0x0000000118e9ece0: df3f 03d5 

  0x0000000118e9ece4: ;   {metadata(nullptr)}
  0x0000000118e9ece4: 0c00 80d2 | 0c00 a0f2 | 0c00 c0f2 | 0800 80d2 | 0800 a0f2 | 0800 c0f2 | 0001 1fd6 

  0x0000000118e9ed00: ;   {static_stub}
  0x0000000118e9ed00: df3f 03d5 

  0x0000000118e9ed04: ;   {metadata(nullptr)}
  0x0000000118e9ed04: 0c00 80d2 | 0c00 a0f2 | 0c00 c0f2 | 0800 80d2 | 0800 a0f2 | 0800 c0f2 | 0001 1fd6 

  0x0000000118e9ed20: ;   {static_stub}
  0x0000000118e9ed20: df3f 03d5 

  0x0000000118e9ed24: ;   {metadata(nullptr)}
  0x0000000118e9ed24: 0c00 80d2 | 0c00 a0f2 | 0c00 c0f2 | 0800 80d2 | 0800 a0f2 | 0800 c0f2 | 0001 1fd6 

  0x0000000118e9ed40: ;   {static_stub}
  0x0000000118e9ed40: df3f 03d5 

  0x0000000118e9ed44: ;   {metadata(nullptr)}
  0x0000000118e9ed44: 0c00 80d2 | 0c00 a0f2 | 0c00 c0f2 | 0800 80d2 | 0800 a0f2 | 0800 c0f2 | 0001 1fd6 

  0x0000000118e9ed60: ;   {static_stub}
  0x0000000118e9ed60: df3f 03d5 

  0x0000000118e9ed64: ;   {metadata(nullptr)}
  0x0000000118e9ed64: 0c00 80d2 | 0c00 a0f2 | 0c00 c0f2 | 0800 80d2 | 0800 a0f2 | 0800 c0f2 | 0001 1fd6 

  0x0000000118e9ed80: ;   {static_stub}
  0x0000000118e9ed80: df3f 03d5 

  0x0000000118e9ed84: ;   {metadata(nullptr)}
  0x0000000118e9ed84: 0c00 80d2 | 0c00 a0f2 | 0c00 c0f2 | 0800 80d2 | 0800 a0f2 | 0800 c0f2 | 0001 1fd6 

  0x0000000118e9eda0: ;   {static_stub}
  0x0000000118e9eda0: df3f 03d5 

  0x0000000118e9eda4: ;   {metadata(nullptr)}
  0x0000000118e9eda4: 0c00 80d2 | 0c00 a0f2 | 0c00 c0f2 | 0800 80d2 | 0800 a0f2 | 0800 c0f2 | 0001 1fd6 

  0x0000000118e9edc0: ;   {static_stub}
  0x0000000118e9edc0: df3f 03d5 

  0x0000000118e9edc4: ;   {metadata(nullptr)}
  0x0000000118e9edc4: 0c00 80d2 | 0c00 a0f2 | 0c00 c0f2 | 0800 80d2 | 0800 a0f2 | 0800 c0f2 | 0001 1fd6 

  0x0000000118e9ede0: ;   {static_stub}
  0x0000000118e9ede0: df3f 03d5 

  0x0000000118e9ede4: ;   {metadata(nullptr)}
  0x0000000118e9ede4: 0c00 80d2 | 0c00 a0f2 | 0c00 c0f2 | 0800 80d2 | 0800 a0f2 | 0800 c0f2 | 0001 1fd6 

  0x0000000118e9ee00: ;   {static_stub}
  0x0000000118e9ee00: df3f 03d5 

  0x0000000118e9ee04: ;   {metadata(nullptr)}
  0x0000000118e9ee04: 0c00 80d2 | 0c00 a0f2 | 0c00 c0f2 | 0800 80d2 | 0800 a0f2 | 0800 c0f2 | 0001 1fd6 

  0x0000000118e9ee20: ;   {static_stub}
  0x0000000118e9ee20: df3f 03d5 

  0x0000000118e9ee24: ;   {metadata(nullptr)}
  0x0000000118e9ee24: 0c00 80d2 | 0c00 a0f2 | 0c00 c0f2 | 0800 80d2 | 0800 a0f2 | 0800 c0f2 | 0001 1fd6 
[Exception Handler]
  0x0000000118e9ee40: ;   {runtime_call ExceptionBlob}
  0x0000000118e9ee40: 300b ae17 
[Deopt Handler Code]
  0x0000000118e9ee44: 1e00 0010 

  0x0000000118e9ee48: ;   {runtime_call DeoptimizationBlob}
  0x0000000118e9ee48: 7eaf aa17 
[Deopt MH Handler Code]
  0x0000000118e9ee4c: 1e00 0010 

  0x0000000118e9ee50: ;   {runtime_call DeoptimizationBlob}
  0x0000000118e9ee50: 7caf aa17 | 0000 0000 
[/MachCode]


Compiled method (c2) 2496368 23207   !   4       java.io.ObjectOutputStream::writeObject (38 bytes)
 total in heap  [0x0000000118901f90,0x00000001189023a8] = 1048
 relocation     [0x00000001189020e0,0x0000000118902128] = 72
 main code      [0x0000000118902140,0x0000000118902260] = 288
 stub code      [0x0000000118902260,0x00000001189022d0] = 112
 metadata       [0x00000001189022d0,0x00000001189022f0] = 32
 scopes data    [0x00000001189022f0,0x0000000118902320] = 48
 scopes pcs     [0x0000000118902320,0x0000000118902370] = 80
 dependencies   [0x0000000118902370,0x0000000118902378] = 8
 handler table  [0x0000000118902378,0x00000001189023a8] = 48

[Constant Pool (empty)]

[MachCode]
[Entry Point]
  # {method} {0x000000012696eca8} 'writeObject' '(Ljava/lang/Object;)V' in 'java/io/ObjectOutputStream'
  # this:     c_rarg1:c_rarg1 
                        = 'java/io/ObjectOutputStream'
  # parm0:    c_rarg2:c_rarg2 
                        = 'java/lang/Object'
  #           [sp+0x30]  (sp of caller)
  0x0000000118902140: 2808 40b9 | 3f01 086b | 4000 0054 

  0x000000011890214c: ;   {runtime_call ic_miss_stub}
  0x000000011890214c: 4d07 c117 
[Verified Entry Point]
  0x0000000118902150: 1f20 03d5 | e953 40d1 | 3f01 00f9 | ffc3 00d1 | fd7b 02a9 | c807 0018 | 8923 40b9 | 1f01 09eb 
  0x0000000118902170: c106 0054 | 2b50 4039 | ea03 01aa | ab01 0035 | fd03 01aa | e303 1f2a 

  0x0000000118902188: ; ImmutableOopMap {rfp=Oop }
                      ;*invokevirtual writeObject0 {reexecute=0 rethrow=0 return_oop=0}
                      ; - java.io.ObjectOutputStream::writeObject@16 (line 358)
                      ;   {optimized virtual_call}
  0x0000000118902188: a258 1694 

  0x000000011890218c: ;   {other}
  0x000000011890218c: 1f20 03d5 | 9f3f 80f2 | 1f00 80f2 | fd7b 42a9 | ffc3 0091 

  0x00000001189021a0: ;   {poll_return}
  0x00000001189021a0: 882b 42f9 | ff63 28eb | a804 0054 | c003 5fd6 | 4117 8012 | fd03 0aaa | e203 00f9 | eb0b 00b9 
  0x00000001189021c0: ; ImmutableOopMap {rfp=Oop [0]=Oop }
                      ;*ifeq {reexecute=1 rethrow=0 return_oop=0}
                      ; - (reexecute) java.io.ObjectOutputStream::writeObject@4 (line 353)
                      ;   {runtime_call UncommonTrapBlob}
  0x00000001189021c0: 7023 c197 

  0x00000001189021c4: ;   {other}
  0x00000001189021c4: 1f20 03d5 | 9f46 80f2 | 1f20 80f2 | e103 00aa | 0e00 0014 | 0b08 40b9 | 6a05 60d2 | 4a25 40f9 
  0x00000001189021e4: ;   {metadata('java/io/IOException')}
  0x00000001189021e4: 0b8a 8ad2 | 8b20 a0f2 | 6b00 c0f2 | 5f01 0beb | e1fe ff54 | ec03 1daa | ea03 00aa | 8b11 40b9 
  0x0000000118902204: ab00 0034 | e103 0aaa | fd7b 42a9 | ffc3 0091 

  0x0000000118902214: ;   {runtime_call _rethrow_Java}
  0x0000000118902214: 7ba3 c417 | fd03 0aaa | e103 0caa | e203 1daa 

  0x0000000118902224: ; ImmutableOopMap {rfp=Oop }
                      ;*invokevirtual writeFatalException {reexecute=0 rethrow=0 return_oop=0}
                      ; - java.io.ObjectOutputStream::writeObject@32 (line 361)
                      ;   {optimized virtual_call}
  0x0000000118902224: d707 c197 

  0x0000000118902228: ;   {other}
  0x0000000118902228: 1f20 03d5 | 1f53 80f2 | 1f40 80f2 | ea03 1daa | f4ff ff17 

  0x000000011890223c: ;   {internal_word}
  0x000000011890223c: 28fb ff10 | 8837 02f9 

  0x0000000118902244: ;   {runtime_call SafepointBlob}
  0x0000000118902244: af21 c117 | 0830 9bd2 | 88f2 a2f2 | 2800 c0f2 | 0001 3fd6 | c7ff ff17 

  0x000000011890225c: ;   {other}
  0x000000011890225c: 1900 0000 
[Stub Code]
  0x0000000118902260: ;   {no_reloc}
  0x0000000118902260: 4800 0058 | 0001 1fd6 | 1084 e918 | 0100 0000 

  0x0000000118902270: ;   {trampoline_stub}
  0x0000000118902270: 4800 0058 | 0001 1fd6 | 8041 9417 | 0100 0000 

  0x0000000118902280: ;   {static_stub}
  0x0000000118902280: df3f 03d5 

  0x0000000118902284: ;   {metadata({method} {0x0000000126970cb8} 'writeObject0' '(Ljava/lang/Object;Z)V' in 'java/io/ObjectOutputStream')}
  0x0000000118902284: 0c97 81d2 | ecd2 a4f2 | 2c00 c0f2 | 083b 9dd2 | 68f2 a2f2 | 2800 c0f2 | 0001 1fd6 

  0x00000001189022a0: ;   {static_stub}
  0x00000001189022a0: df3f 03d5 

  0x00000001189022a4: ;   {metadata(nullptr)}
  0x00000001189022a4: 0c00 80d2 | 0c00 a0f2 | 0c00 c0f2 | 0800 80d2 | 0800 a0f2 | 0800 c0f2 | 0001 1fd6 
[Exception Handler]
  0x00000001189022c0: ;   {runtime_call ExceptionBlob}
  0x00000001189022c0: 107e c417 
[Deopt Handler Code]
  0x00000001189022c4: 1e00 0010 

  0x00000001189022c8: ;   {runtime_call DeoptimizationBlob}
  0x00000001189022c8: 5e22 c117 | 0000 0000 
[/MachCode]


Compiled method (c2) 2496370 28235       4       org.gradle.internal.serialize.DefaultSerializerRegistry$TaggedTypeSerializer::write (37 bytes)
 total in heap  [0x0000000118c91410,0x0000000118c92018] = 3080
 relocation     [0x0000000118c91560,0x0000000118c91608] = 168
 main code      [0x0000000118c91640,0x0000000118c91aa0] = 1120
 stub code      [0x0000000118c91aa0,0x0000000118c91b50] = 176
 oops           [0x0000000118c91b50,0x0000000118c91b58] = 8
 metadata       [0x0000000118c91b58,0x0000000118c91c08] = 176
 scopes data    [0x0000000118c91c08,0x0000000118c91e30] = 552
 scopes pcs     [0x0000000118c91e30,0x0000000118c91f60] = 304
 dependencies   [0x0000000118c91f60,0x0000000118c91f78] = 24
 handler table  [0x0000000118c91f78,0x0000000118c91fd8] = 96
 nul chk table  [0x0000000118c91fd8,0x0000000118c92018] = 64

[Constant Pool (empty)]

[MachCode]
[Entry Point]
  # {method} {0x00000001267866c8} 'write' '(Lorg/gradle/internal/serialize/Encoder;Ljava/lang/Object;)V' in 'org/gradle/internal/serialize/DefaultSerializerRegistry$TaggedTypeSerializer'
  # this:     c_rarg1:c_rarg1 
                        = 'org/gradle/internal/serialize/DefaultSerializerRegistry$TaggedTypeSerializer'
  # parm0:    c_rarg2:c_rarg2 
                        = 'org/gradle/internal/serialize/Encoder'
  # parm1:    c_rarg3:c_rarg3 
                        = 'java/lang/Object'
  #           [sp+0x60]  (sp of caller)
  0x0000000118c91640: 2808 40b9 | 3f01 086b | 4000 0054 

  0x0000000118c9164c: ;   {runtime_call ic_miss_stub}
  0x0000000118c9164c: 0dca b217 
[Verified Entry Point]
  0x0000000118c91650: 1f20 03d5 | e953 40d1 | 3f01 00f9 | ff83 01d1 | fd7b 05a9 | c821 0018 | 8923 40b9 | 1f01 09eb 
  0x0000000118c91670: c120 0054 | e203 00f9 

  0x0000000118c91678: ; implicit exception: dispatches to 0x0000000118c919f8
  0x0000000118c91678: 6b08 40b9 | 6b05 60d2 | 6b39 40f9 | 2a0c 40b9 | ee03 01aa | 4af1 7dd3 | 6f01 40f9 

  0x0000000118c91694: ; implicit exception: dispatches to 0x0000000118c91a0c
  0x0000000118c91694: 4b09 40b9 

  0x0000000118c91698: ;   {metadata('java/util/HashMap')}
  0x0000000118c91698: 0d01 a0d2 | 0dcf 96f2 | 7f01 0d6b | 6113 0054 | 4b25 40b9 | 6df1 7dd3 | ea01 40f9 

  0x0000000118c916b4: ; implicit exception: dispatches to 0x0000000118c91954
  0x0000000118c916b4: ac0d 40b9 | 4b05 4092 | 9f01 0071 | 8916 0054 | 9d05 0051 | 7f05 00f1 | 2110 0054 | 4afd 48d3 
  0x0000000118c916d4: 4079 0012 | c00f 0034 | 0240 404a | ab03 020a | aac9 2b8b | 4a11 40b9 | 41f1 7dd3 

  0x0000000118c916f0: ; implicit exception: dispatches to 0x0000000118c91954
  0x0000000118c916f0: 2b0c 40b9 | 7f01 026b | 2101 0054 | 2b10 40b9 | 6af1 7dd3 | 5f01 0feb | 6000 0054 | ff01 0aeb 
  0x0000000118c91710: 6100 0054 | e003 01aa | 1700 0014 | 2c18 40b9 | 80f1 7dd3 | 2a08 40b9 | 6011 00b4 

  0x0000000118c9172c: ;   {metadata('java/util/HashMap$TreeNode')}
  0x0000000118c9172c: 4b03 a0d2 | 0b18 83f2 | 5f01 0b6b | 810b 0054 | 2a28 40b9 | 4af1 7dd3 | 8a13 00b5 | fd03 03aa 
  0x0000000118c9174c: eebf 00a9 | e403 1faa | e303 0faa 

  0x0000000118c91758: ; ImmutableOopMap {rfp=Oop [0]=Oop [8]=Oop [16]=Oop }
                      ;*invokevirtual find {reexecute=0 rethrow=0 return_oop=1}
                      ; - java.util.HashMap$TreeNode::getTreeNode@18 (line 2048)
                      ; - java.util.HashMap::getNode@95 (line 582)
                      ; - java.util.HashMap::get@2 (line 564)
                      ; - org.gradle.internal.serialize.DefaultSerializerRegistry$TaggedTypeSerializer::map@5 (line 192)
                      ; - org.gradle.internal.serialize.DefaultSerializerRegistry$TaggedTypeSerializer::write@5 (line 169)
                      ;   {optimized virtual_call}
  0x0000000118c91758: 8aca b297 

  0x0000000118c9175c: ;   {other}
  0x0000000118c9175c: 1f20 03d5 | 9f69 80f2 | 1f00 80f2 | 200f 00b4 | e303 1daa | eebf 40a9 | 0a14 40b9 | 5df1 7dd3 
  0x0000000118c9177c: ; implicit exception: dispatches to 0x0000000118c91964
  0x0000000118c9177c: ab0b 40b9 

  0x0000000118c91780: ;   {metadata('org/gradle/internal/serialize/DefaultSerializerRegistry$TypeInfo')}
  0x0000000118c91780: aa22 a0d2 | 0a7b 83f2 | 7f01 0a6b | 8112 0054 | a20f 40b9 | ec03 40f9 

  0x0000000118c91798: ; implicit exception: dispatches to 0x0000000118c91a24
  0x0000000118c91798: 8b09 40b9 

  0x0000000118c9179c: ;   {metadata('org/gradle/internal/serialize/kryo/KryoBackedEncoder')}
  0x0000000118c9179c: ea22 a0d2 | 0a57 9bf2 | 7f01 0a6b | 410c 0054 | 8a11 40b9 | 41f1 7dd3 | 210a 00b4 | e333 00a9 
  0x0000000118c917bc: e303 0032 

  0x0000000118c917c0: ; ImmutableOopMap {rfp=Oop [0]=Oop [8]=Oop }
                      ;*invokevirtual writeVarInt {reexecute=0 rethrow=0 return_oop=0}
                      ; - com.esotericsoftware.kryo.io.Output::writeInt@3 (line 251)
                      ; - org.gradle.internal.serialize.kryo.KryoBackedEncoder::writeSmallInt@6 (line 69)
                      ; - org.gradle.internal.serialize.DefaultSerializerRegistry$TaggedTypeSerializer::write@14 (line 170)
                      ;   {optimized virtual_call}
  0x0000000118c917c0: 742c df97 

  0x0000000118c917c4: ;   {other}
  0x0000000118c917c4: 1f20 03d5 | 9f76 80f2 | 1f20 80f2 | aa17 40b9 | 4cf1 7dd3 

  0x0000000118c917d8: ; implicit exception: dispatches to 0x0000000118c91a3c
  0x0000000118c917d8: 8b09 40b9 | 6405 60d2 | 8a10 40f9 

  0x0000000118c917e4: ;   {metadata('org/gradle/internal/serialize/Serializer')}
  0x0000000118c917e4: 0016 9bd2 | a021 a0f2 | 6000 c0f2 | 5f01 00eb | 0102 0054 | e30b 40a9 | e103 0caa | 09b0 89d2 
  0x0000000118c91804: 2917 a1f2 | 2901 c0f2 

  0x0000000118c9180c: ; ImmutableOopMap {}
                      ;*invokeinterface write {reexecute=0 rethrow=0 return_oop=0}
                      ; - org.gradle.internal.serialize.DefaultSerializerRegistry$TaggedTypeSerializer::write@31 (line 171)
                      ;   {virtual_call}
  0x0000000118c9180c: 974b b697 

  0x0000000118c91810: ;   {other}
  0x0000000118c91810: 1f20 03d5 | 1f80 80f2 | 1f40 80f2 | fd7b 45a9 | ff83 0191 

  0x0000000118c91824: ;   {poll_return}
  0x0000000118c91824: 882b 42f9 | ff63 28eb | 8812 0054 | c003 5fd6 | e503 40b2 | 8950 40f9 | 8050 40fd | 8901 0836 
  0x0000000118c91844: 0054 7e5f | 0058 200e | 00b8 310e | 0300 669e | 8114 40f9 | 2578 63f8 | a500 00ca | 8500 00b4 
  0x0000000118c91864: 6900 1036 | 2905 c993 

  0x0000000118c9186c: ;   {runtime_call StubRoutines (final stubs)}
  0x0000000118c9186c: f3f0 b297 | 45fc ffb4 | fd03 0caa | 2104 8012 

  0x0000000118c9187c: ; ImmutableOopMap {rfp=Oop }
                      ;*checkcast {reexecute=0 rethrow=0 return_oop=0}
                      ; - org.gradle.internal.serialize.DefaultSerializerRegistry$TaggedTypeSerializer::write@26 (line 171)
                      ;   {runtime_call UncommonTrapBlob}
  0x0000000118c9187c: c1e5 b297 

  0x0000000118c91880: ;   {other}
  0x0000000118c91880: 1f20 03d5 | 1f8e 80f2 | 1f60 80f2 | 1f20 03d5 | 0a18 40b9 | 902f 42f9 

  0x0000000118c91898: ; ImmutableOopMap {r14=Oop r15=Oop c_rarg0=Oop c_rarg3=Oop [0]=Oop }
                      ;*ifnonnull {reexecute=1 rethrow=0 return_oop=0}
                      ; - (reexecute) java.util.HashMap::getNode@145 (line 587)
                      ; - java.util.HashMap::get@2 (line 564)
                      ; - org.gradle.internal.serialize.DefaultSerializerRegistry$TaggedTypeSerializer::map@5 (line 192)
                      ; - org.gradle.internal.serialize.DefaultSerializerRegistry$TaggedTypeSerializer::write@5 (line 169)
  0x0000000118c91898: 40f1 7dd3 

  0x0000000118c9189c: ;   {poll}
  0x0000000118c9189c: 1f02 40b9 | 4000 00b5 | 2c00 0014 | 0b0c 40b9 | 7f01 026b | 01ff ff54 | 0b10 40b9 | 6af1 7dd3 
  0x0000000118c918bc: 5f01 0feb | a0f5 ff54 | ff01 0aeb | 41fe ff54 | aaff ff17 | e387 00a9 | efb7 01a9 | e103 0faa 
  0x0000000118c918dc: ; ImmutableOopMap {[0]=Oop [8]=Oop [16]=Oop [24]=Oop [32]=Oop }
                      ;*invokevirtual hashCode {reexecute=0 rethrow=0 return_oop=0}
                      ; - java.util.HashMap::hash@9 (line 338)
                      ; - java.util.HashMap::getNode@23 (line 576)
                      ; - java.util.HashMap::get@2 (line 564)
                      ; - org.gradle.internal.serialize.DefaultSerializerRegistry$TaggedTypeSerializer::map@5 (line 192)
                      ; - org.gradle.internal.serialize.DefaultSerializerRegistry$TaggedTypeSerializer::write@5 (line 169)
                      ;   {optimized virtual_call}
  0x0000000118c918dc: 29ca b297 

  0x0000000118c918e0: ;   {other}
  0x0000000118c918e0: 1f20 03d5 | 1f9a 80f2 | 1fa0 80f2 | e3bb 40a9 | efb7 41a9 | 7aff ff17 | 2101 8012 | fd03 022a 
  0x0000000118c91900: ; ImmutableOopMap {}
                      ;*invokevirtual writeInt {reexecute=0 rethrow=0 return_oop=0}
                      ; - org.gradle.internal.serialize.kryo.KryoBackedEncoder::writeSmallInt@6 (line 69)
                      ; - org.gradle.internal.serialize.DefaultSerializerRegistry$TaggedTypeSerializer::write@14 (line 170)
                      ;   {runtime_call UncommonTrapBlob}
  0x0000000118c91900: a0e5 b297 

  0x0000000118c91904: ;   {other}
  0x0000000118c91904: 1f20 03d5 | 9f9e 80f2 | 1fc0 80f2 | 2104 8012 | fd03 02aa | e33b 00a9 | eabf 01a9 

  0x0000000118c91920: ; ImmutableOopMap {rfp=Oop [0]=Oop [8]=Oop [24]=Oop [32]=Oop }
                      ;*invokeinterface get {reexecute=0 rethrow=0 return_oop=0}
                      ; - org.gradle.internal.serialize.DefaultSerializerRegistry$TaggedTypeSerializer::map@5 (line 192)
                      ; - org.gradle.internal.serialize.DefaultSerializerRegistry$TaggedTypeSerializer::write@5 (line 169)
                      ;   {runtime_call UncommonTrapBlob}
  0x0000000118c91920: 98e5 b297 

  0x0000000118c91924: ;   {other}
  0x0000000118c91924: 1f20 03d5 | 9fa2 80f2 | 1fe0 80f2 | 2104 8012 | e307 00f9 | e21b 00b9 

  0x0000000118c9193c: ; ImmutableOopMap {rfp=Oop [0]=Oop [8]=Oop }
                      ;*invokeinterface writeSmallInt {reexecute=0 rethrow=0 return_oop=0}
                      ; - org.gradle.internal.serialize.DefaultSerializerRegistry$TaggedTypeSerializer::write@14 (line 170)
                      ;   {runtime_call UncommonTrapBlob}
  0x0000000118c9193c: 91e5 b297 

  0x0000000118c91940: ;   {other}
  0x0000000118c91940: 1f20 03d5 | 1fa6 80f2 | 1f00 81f2 | e303 1daa | eebf 40a9 | ea03 03aa | eb03 0eaa | ec03 0faa 
  0x0000000118c91960: 0400 0014 | ea03 03aa | eb03 0eaa | ec03 0faa | fd03 40f9 | 6101 8012 | ea2f 00a9 | ec0b 00f9 
  0x0000000118c91980: ; ImmutableOopMap {rfp=Oop [0]=Oop [8]=Oop [16]=Oop }
                      ;*checkcast {reexecute=0 rethrow=0 return_oop=0}
                      ; - org.gradle.internal.serialize.DefaultSerializerRegistry$TaggedTypeSerializer::map@10 (line 192)
                      ; - org.gradle.internal.serialize.DefaultSerializerRegistry$TaggedTypeSerializer::write@5 (line 169)
                      ;   {runtime_call UncommonTrapBlob}
  0x0000000118c91980: 80e5 b297 

  0x0000000118c91984: ;   {other}
  0x0000000118c91984: 1f20 03d5 | 9fae 80f2 | 1f20 81f2 | 4117 8012 | fd03 02aa | e33b 00a9 | ef0b 00f9 | ec1b 00b9 
  0x0000000118c919a4: ; ImmutableOopMap {rfp=Oop [0]=Oop [8]=Oop [16]=Oop }
                      ;*ifle {reexecute=1 rethrow=0 return_oop=0}
                      ; - (reexecute) java.util.HashMap::getNode@14 (line 575)
                      ; - java.util.HashMap::get@2 (line 564)
                      ; - org.gradle.internal.serialize.DefaultSerializerRegistry$TaggedTypeSerializer::map@5 (line 192)
                      ; - org.gradle.internal.serialize.DefaultSerializerRegistry$TaggedTypeSerializer::write@5 (line 169)
                      ;   {runtime_call UncommonTrapBlob}
  0x0000000118c919a4: 77e5 b297 

  0x0000000118c919a8: ;   {other}
  0x0000000118c919a8: 1f20 03d5 | 1fb3 80f2 | 1f40 81f2 | fd03 40f9 | e33b 00a9 | e10f 00f9 | e223 00b9 | efab 02a9 
  0x0000000118c919c8: 4117 8012 

  0x0000000118c919cc: ; ImmutableOopMap {rfp=Oop [0]=Oop [8]=Oop [24]=Oop [40]=Oop [48]=Oop }
                      ;*ifnull {reexecute=1 rethrow=0 return_oop=0}
                      ; - (reexecute) java.util.HashMap$TreeNode::getTreeNode@4 (line 2048)
                      ; - java.util.HashMap::getNode@95 (line 582)
                      ; - java.util.HashMap::get@2 (line 564)
                      ; - org.gradle.internal.serialize.DefaultSerializerRegistry$TaggedTypeSerializer::map@5 (line 192)
                      ; - org.gradle.internal.serialize.DefaultSerializerRegistry$TaggedTypeSerializer::write@5 (line 169)
                      ;   {runtime_call UncommonTrapBlob}
  0x0000000118c919cc: 6de5 b297 

  0x0000000118c919d0: ;   {other}
  0x0000000118c919d0: 1f20 03d5 | 1fb8 80f2 | 1f60 81f2 | 2104 8012 | e3bb 00a9 | ef0f 00f9 

  0x0000000118c919e8: ; ImmutableOopMap {rfp=Oop [0]=Oop [8]=Oop [16]=Oop [24]=Oop }
                      ;*checkcast {reexecute=0 rethrow=0 return_oop=0}
                      ; - org.gradle.internal.serialize.DefaultSerializerRegistry$TaggedTypeSerializer::map@10 (line 192)
                      ; - org.gradle.internal.serialize.DefaultSerializerRegistry$TaggedTypeSerializer::write@5 (line 169)
                      ;   {runtime_call UncommonTrapBlob}
  0x0000000118c919e8: 66e5 b297 

  0x0000000118c919ec: ;   {other}
  0x0000000118c919ec: 1f20 03d5 | 9fbb 80f2 | 1f80 81f2 | 2101 8012 

  0x0000000118c919fc: ; ImmutableOopMap {}
                      ;*invokevirtual getClass {reexecute=0 rethrow=0 return_oop=0}
                      ; - org.gradle.internal.serialize.DefaultSerializerRegistry$TaggedTypeSerializer::write@2 (line 169)
                      ;   {runtime_call UncommonTrapBlob}
  0x0000000118c919fc: 61e5 b297 

  0x0000000118c91a00: ;   {other}
  0x0000000118c91a00: 1f20 03d5 | 1fbe 80f2 | 1fa0 81f2 | 2101 8012 | fd03 0faa 

  0x0000000118c91a14: ; ImmutableOopMap {rfp=Oop }
                      ;*invokeinterface get {reexecute=0 rethrow=0 return_oop=0}
                      ; - org.gradle.internal.serialize.DefaultSerializerRegistry$TaggedTypeSerializer::map@5 (line 192)
                      ; - org.gradle.internal.serialize.DefaultSerializerRegistry$TaggedTypeSerializer::write@5 (line 169)
                      ;   {runtime_call UncommonTrapBlob}
  0x0000000118c91a14: 5be5 b297 

  0x0000000118c91a18: ;   {other}
  0x0000000118c91a18: 1f20 03d5 | 1fc1 80f2 | 1fc0 81f2 | 2101 8012 | fd03 022a 

  0x0000000118c91a2c: ; ImmutableOopMap {}
                      ;*invokeinterface writeSmallInt {reexecute=0 rethrow=0 return_oop=0}
                      ; - org.gradle.internal.serialize.DefaultSerializerRegistry$TaggedTypeSerializer::write@14 (line 170)
                      ;   {runtime_call UncommonTrapBlob}
  0x0000000118c91a2c: 55e5 b297 

  0x0000000118c91a30: ;   {other}
  0x0000000118c91a30: 1f20 03d5 | 1fc4 80f2 | 1fe0 81f2 | 6101 8012 | fd07 40f9 

  0x0000000118c91a44: ; ImmutableOopMap {rfp=Oop [0]=Oop }
                      ;*checkcast {reexecute=0 rethrow=0 return_oop=0}
                      ; - org.gradle.internal.serialize.DefaultSerializerRegistry$TaggedTypeSerializer::write@26 (line 171)
                      ;   {runtime_call UncommonTrapBlob}
  0x0000000118c91a44: 4fe5 b297 

  0x0000000118c91a48: ;   {other}
  0x0000000118c91a48: 1f20 03d5 | 1fc7 80f2 | 1f00 82f2 | e103 00aa | 0600 0014 | e103 00aa | 0400 0014 | e103 00aa 
  0x0000000118c91a68: 0200 0014 | e103 00aa | fd7b 45a9 | ff83 0191 

  0x0000000118c91a78: ;   {runtime_call _rethrow_Java}
  0x0000000118c91a78: 6265 b617 

  0x0000000118c91a7c: ;   {internal_word}
  0x0000000118c91a7c: 48ed ff10 | 8837 02f9 

  0x0000000118c91a84: ;   {runtime_call SafepointBlob}
  0x0000000118c91a84: 9fe3 b217 | 0830 9bd2 | 88f2 a2f2 | 2800 c0f2 | 0001 3fd6 | f7fe ff17 

  0x0000000118c91a9c: ;   {other}
  0x0000000118c91a9c: 1900 0000 
[Stub Code]
  0x0000000118c91aa0: ;   {no_reloc}
  0x0000000118c91aa0: 4800 0058 | 0001 1fd6 | 8041 9417 | 0100 0000 

  0x0000000118c91ab0: ;   {trampoline_stub}
  0x0000000118c91ab0: 4800 0058 | 0001 1fd6 | 90c9 4518 | 0100 0000 

  0x0000000118c91ac0: ;   {static_stub}
  0x0000000118c91ac0: df3f 03d5 

  0x0000000118c91ac4: ;   {metadata(nullptr)}
  0x0000000118c91ac4: 0c00 80d2 | 0c00 a0f2 | 0c00 c0f2 | 0800 80d2 | 0800 a0f2 | 0800 c0f2 | 0001 1fd6 

  0x0000000118c91ae0: ;   {trampoline_stub}
  0x0000000118c91ae0: 4800 0058 | 0001 1fd6 | 6846 a217 | 0100 0000 

  0x0000000118c91af0: ;   {trampoline_stub}
  0x0000000118c91af0: 4800 0058 | 0001 1fd6 | 8041 9417 | 0100 0000 

  0x0000000118c91b00: ;   {static_stub}
  0x0000000118c91b00: df3f 03d5 

  0x0000000118c91b04: ;   {metadata(nullptr)}
  0x0000000118c91b04: 0c00 80d2 | 0c00 a0f2 | 0c00 c0f2 | 0800 80d2 | 0800 a0f2 | 0800 c0f2 | 0001 1fd6 

  0x0000000118c91b20: ;   {static_stub}
  0x0000000118c91b20: df3f 03d5 

  0x0000000118c91b24: ;   {metadata(nullptr)}
  0x0000000118c91b24: 0c00 80d2 | 0c00 a0f2 | 0c00 c0f2 | 0800 80d2 | 0800 a0f2 | 0800 c0f2 | 0001 1fd6 
[Exception Handler]
  0x0000000118c91b40: ;   {runtime_call ExceptionBlob}
  0x0000000118c91b40: f03f b617 
[Deopt Handler Code]
  0x0000000118c91b44: 1e00 0010 

  0x0000000118c91b48: ;   {runtime_call DeoptimizationBlob}
  0x0000000118c91b48: 3ee4 b217 | 0000 0000 
[/MachCode]


---------------  P R O C E S S  ---------------

Threads class SMR info:
_java_thread_list=0x000000090ebefda0, length=55, elements={
0x00000001016bb2b0, 0x00000001016cf840, 0x0000000915148000, 0x0000000915148700,
0x0000000915148e00, 0x0000000915149500, 0x00000001016d2940, 0x00000001016d44c0,
0x0000000915149c00, 0x000000091514a300, 0x0000000915361c00, 0x0000000915362a00,
0x0000000915363100, 0x0000000915d34000, 0x0000000915d34700, 0x0000000915d35500,
0x0000000915fa5500, 0x0000000915fa5c00, 0x0000000915fa6a00, 0x0000000915fa7100,
0x0000000915fa7800, 0x0000000916018000, 0x0000000916018700, 0x0000000916018e00,
0x0000000916019500, 0x0000000916019c00, 0x000000091601a300, 0x000000091601aa00,
0x0000000916072300, 0x0000000916997800, 0x000000091776e300, 0x0000000916baf100,
0x0000000915c27100, 0x0000000915c25c00, 0x0000000916847800, 0x0000000916846a00,
0x0000000915361500, 0x0000000915363800, 0x0000000915c26300, 0x00000009181df100,
0x00000009167d7800, 0x00000009179f2a00, 0x00000009162e2300, 0x00000009162e3100,
0x00000009162e2a00, 0x0000000917d14000, 0x0000000917cc7800, 0x0000000916b1a300,
0x0000000916b18e00, 0x0000000916b19c00, 0x0000000916b1b100, 0x0000000916b1b800,
0x0000000916b1aa00, 0x0000000916b19500, 0x0000000917aa5c00
}

Java Threads: ( => current thread )
  0x00000001016bb2b0 JavaThread "main"                              [_thread_blocked, id=5635, stack(0x000000016f03c000,0x000000016f23f000) (2060K)]
  0x00000001016cf840 JavaThread "Reference Handler"          daemon [_thread_blocked, id=29955, stack(0x00000001701b4000,0x00000001703b7000) (2060K)]
  0x0000000915148000 JavaThread "Finalizer"                  daemon [_thread_blocked, id=29443, stack(0x00000001703c0000,0x00000001705c3000) (2060K)]
  0x0000000915148700 JavaThread "Signal Dispatcher"          daemon [_thread_blocked, id=24835, stack(0x00000001705cc000,0x00000001707cf000) (2060K)]
  0x0000000915148e00 JavaThread "Service Thread"             daemon [_thread_blocked, id=25347, stack(0x00000001707d8000,0x00000001709db000) (2060K)]
  0x0000000915149500 JavaThread "Monitor Deflation Thread"   daemon [_thread_blocked, id=29187, stack(0x00000001709e4000,0x0000000170be7000) (2060K)]
  0x00000001016d2940 JavaThread "C2 CompilerThread0"         daemon [_thread_blocked, id=25859, stack(0x0000000170bf0000,0x0000000170df3000) (2060K)]
  0x00000001016d44c0 JavaThread "C1 CompilerThread0"         daemon [_thread_blocked, id=28419, stack(0x0000000170dfc000,0x0000000170fff000) (2060K)]
  0x0000000915149c00 JavaThread "Common-Cleaner"             daemon [_thread_blocked, id=26115, stack(0x0000000171008000,0x000000017120b000) (2060K)]
  0x000000091514a300 JavaThread "Notification Thread"        daemon [_thread_blocked, id=27907, stack(0x0000000171214000,0x0000000171417000) (2060K)]
  0x0000000915361c00 JavaThread "Daemon health stats"               [_thread_blocked, id=33283, stack(0x0000000171e5c000,0x000000017205f000) (2060K)]
  0x0000000915362a00 JavaThread "Incoming local TCP Connector on port 50487"        [_thread_in_native, id=42243, stack(0x0000000172068000,0x000000017226b000) (2060K)]
  0x0000000915363100 JavaThread "Daemon periodic checks"            [_thread_blocked, id=33795, stack(0x0000000172274000,0x0000000172477000) (2060K)]
  0x0000000915d34000 JavaThread "Cache worker for journal cache (/Users/orly/.gradle/caches/journal-1)"        [_thread_blocked, id=36099, stack(0x00000001732d4000,0x00000001734d7000) (2060K)]
  0x0000000915d34700 JavaThread "File lock request listener"        [_thread_in_native, id=39683, stack(0x00000001734e0000,0x00000001736e3000) (2060K)]
  0x0000000915d35500 JavaThread "Cache worker for file hash cache (/Users/orly/.gradle/caches/9.5.0/fileHashes)"        [_thread_blocked, id=39171, stack(0x00000001736ec000,0x00000001738ef000) (2060K)]
  0x0000000915fa5500 JavaThread "File watcher server"        daemon [_thread_blocked, id=65027, stack(0x0000000174540000,0x0000000174743000) (2060K)]
  0x0000000915fa5c00 JavaThread "File watcher consumer"      daemon [_thread_blocked, id=64515, stack(0x000000017474c000,0x000000017494f000) (2060K)]
  0x0000000915fa6a00 JavaThread "jar transforms"                    [_thread_blocked, id=64003, stack(0x0000000174958000,0x0000000174b5b000) (2060K)]
  0x0000000915fa7100 JavaThread "jar transforms Thread 2"           [_thread_blocked, id=63491, stack(0x0000000174b64000,0x0000000174d67000) (2060K)]
  0x0000000915fa7800 JavaThread "jar transforms Thread 3"           [_thread_blocked, id=62979, stack(0x0000000174d70000,0x0000000174f73000) (2060K)]
  0x0000000916018000 JavaThread "jar transforms Thread 4"           [_thread_blocked, id=43779, stack(0x0000000174f7c000,0x000000017517f000) (2060K)]
  0x0000000916018700 JavaThread "jar transforms Thread 5"           [_thread_blocked, id=44035, stack(0x0000000175188000,0x000000017538b000) (2060K)]
  0x0000000916018e00 JavaThread "jar transforms Thread 6"           [_thread_blocked, id=44291, stack(0x0000000175394000,0x0000000175597000) (2060K)]
  0x0000000916019500 JavaThread "jar transforms Thread 7"           [_thread_blocked, id=44803, stack(0x00000001755a0000,0x00000001757a3000) (2060K)]
  0x0000000916019c00 JavaThread "jar transforms Thread 8"           [_thread_blocked, id=61955, stack(0x00000001757ac000,0x00000001759af000) (2060K)]
  0x000000091601a300 JavaThread "jar transforms Thread 9"           [_thread_blocked, id=45571, stack(0x00000001759b8000,0x0000000175bbb000) (2060K)]
  0x000000091601aa00 JavaThread "jar transforms Thread 10"          [_thread_blocked, id=46083, stack(0x0000000175bc4000,0x0000000175dc7000) (2060K)]
  0x0000000916072300 JavaThread "Cache worker for file content cache (/Users/orly/.gradle/caches/9.5.0/fileContent)"        [_thread_blocked, id=61699, stack(0x0000000175dd0000,0x0000000175fd3000) (2060K)]
  0x0000000916997800 JavaThread "Memory manager"                    [_thread_blocked, id=48411, stack(0x0000000176e30000,0x0000000177033000) (2060K)]
  0x000000091776e300 JavaThread "pool-3-thread-1"                   [_thread_blocked, id=57859, stack(0x0000000177c84000,0x0000000177e87000) (2060K)]
  0x0000000916baf100 JavaThread "pool-5-thread-1"                   [_thread_blocked, id=87043, stack(0x0000000179d44000,0x0000000179f47000) (2060K)]
  0x0000000915c27100 JavaThread "Daemon Thread 3"                   [_thread_blocked, id=65555, stack(0x0000000172480000,0x0000000172683000) (2060K)]
  0x0000000915c25c00 JavaThread "Daemon Thread 4"                   [_thread_blocked, id=50203, stack(0x0000000172898000,0x0000000172a9b000) (2060K)]
  0x0000000916847800 JavaThread "Handler for socket connection from /127.0.0.1:50487 to /127.0.0.1:51430"        [_thread_in_native, id=41231, stack(0x0000000172aa4000,0x0000000172ca7000) (2060K)]
  0x0000000916846a00 JavaThread "Cancel handler"                    [_thread_blocked, id=41507, stack(0x0000000172cb0000,0x0000000172eb3000) (2060K)]
  0x0000000915361500 JavaThread "Daemon worker Thread 3"            [_thread_blocked, id=41755, stack(0x0000000172ebc000,0x00000001730bf000) (2060K)]
  0x0000000915363800 JavaThread "Asynchronous log dispatcher for DefaultDaemonConnection: socket connection from /127.0.0.1:50487 to /127.0.0.1:51430"        [_thread_blocked, id=34343, stack(0x000000017268c000,0x000000017288f000) (2060K)]
  0x0000000915c26300 JavaThread "Stdin handler"                     [_thread_blocked, id=66147, stack(0x00000001730c8000,0x00000001732cb000) (2060K)]
=>0x00000009181df100 JavaThread "Daemon client event forwarder"        [_thread_in_Java, id=60963, stack(0x0000000174128000,0x000000017432b000) (2060K)]
  0x00000009167d7800 JavaThread "Cache worker for file hash cache (/Users/orly/AndroidStudioProjects/MaterialsSP/.gradle/9.5.0/fileHashes)"        [_thread_blocked, id=49955, stack(0x0000000174334000,0x0000000174537000) (2060K)]
  0x00000009179f2a00 JavaThread "Cache worker for Build Output Cleanup Cache (/Users/orly/AndroidStudioProjects/MaterialsSP/.gradle/buildOutputCleanup)"        [_thread_blocked, id=49187, stack(0x0000000175fdc000,0x00000001761df000) (2060K)]
  0x00000009162e2300 JavaThread "Cache worker for checksums cache (/Users/orly/AndroidStudioProjects/MaterialsSP/.gradle/9.5.0/checksums)"        [_thread_blocked, id=49427, stack(0x00000001761e8000,0x00000001763eb000) (2060K)]
  0x00000009162e3100 JavaThread "Cache worker for cache directory md-supplier (/Users/orly/.gradle/caches/9.5.0/md-supplier)"        [_thread_blocked, id=47907, stack(0x00000001763f4000,0x00000001765f7000) (2060K)]
  0x00000009162e2a00 JavaThread "Cache worker for cache directory md-rule (/Users/orly/.gradle/caches/9.5.0/md-rule)"        [_thread_blocked, id=54307, stack(0x0000000176600000,0x0000000176803000) (2060K)]
  0x0000000917d14000 JavaThread "Build operations"                  [_thread_blocked, id=47395, stack(0x000000017680c000,0x0000000176a0f000) (2060K)]
  0x0000000917cc7800 JavaThread "Build operations Thread 2"         [_thread_blocked, id=53523, stack(0x0000000176a18000,0x0000000176c1b000) (2060K)]
  0x0000000916b1a300 JavaThread "Build operations Thread 3"         [_thread_blocked, id=50739, stack(0x0000000176c24000,0x0000000176e27000) (2060K)]
  0x0000000916b18e00 JavaThread "Build operations Thread 4"         [_thread_blocked, id=57639, stack(0x000000017703c000,0x000000017723f000) (2060K)]
  0x0000000916b19c00 JavaThread "Build operations Thread 5"         [_thread_blocked, id=35355, stack(0x0000000177248000,0x000000017744b000) (2060K)]
  0x0000000916b1b100 JavaThread "Build operations Thread 6"         [_thread_blocked, id=66659, stack(0x0000000177454000,0x0000000177657000) (2060K)]
  0x0000000916b1b800 JavaThread "Build operations Thread 7"         [_thread_blocked, id=48147, stack(0x0000000177660000,0x0000000177863000) (2060K)]
  0x0000000916b1aa00 JavaThread "Build operations Thread 8"         [_thread_blocked, id=60427, stack(0x000000017786c000,0x0000000177a6f000) (2060K)]
  0x0000000916b19500 JavaThread "Build operations Thread 9"         [_thread_blocked, id=52235, stack(0x0000000177a78000,0x0000000177c7b000) (2060K)]
  0x0000000917aa5c00 JavaThread "Build operations Thread 10"        [_thread_blocked, id=50959, stack(0x0000000177e90000,0x0000000178093000) (2060K)]
Total: 55

Other Threads:
  0x0000000915105800 VMThread "VM Thread"                           [id=19971, stack(0x000000016fe90000,0x0000000170093000) (2060K)] _threads_hazard_ptr=0x000000090ebefda0
  0x00000001016ca2d0 WatcherThread "VM Periodic Task Thread"        [id=17155, stack(0x000000016fc84000,0x000000016fe87000) (2060K)]
  0x00000001016c2ed0 WorkerThread "GC Thread#0"                     [id=12291, stack(0x000000016f248000,0x000000016f44b000) (2060K)]
  0x000000091548e000 WorkerThread "GC Thread#1"                     [id=27395, stack(0x0000000171420000,0x0000000171623000) (2060K)]
  0x000000091548e400 WorkerThread "GC Thread#2"                     [id=27139, stack(0x000000017162c000,0x000000017182f000) (2060K)]
  0x000000091548e800 WorkerThread "GC Thread#3"                     [id=32771, stack(0x0000000171838000,0x0000000171a3b000) (2060K)]
  0x000000091548ec00 WorkerThread "GC Thread#4"                     [id=33027, stack(0x0000000171a44000,0x0000000171c47000) (2060K)]
  0x000000091548f000 WorkerThread "GC Thread#5"                     [id=42755, stack(0x0000000171c50000,0x0000000171e53000) (2060K)]
  0x0000000915e21000 WorkerThread "GC Thread#6"                     [id=38915, stack(0x00000001738f8000,0x0000000173afb000) (2060K)]
  0x0000000915e21400 WorkerThread "GC Thread#7"                     [id=38659, stack(0x0000000173b04000,0x0000000173d07000) (2060K)]
  0x0000000915e21800 WorkerThread "GC Thread#8"                     [id=36867, stack(0x0000000173d10000,0x0000000173f13000) (2060K)]
  0x00000001016c3860 ConcurrentGCThread "G1 Main Marker"            [id=14083, stack(0x000000016f454000,0x000000016f657000) (2060K)]
  0x00000001016c4110 WorkerThread "G1 Conc#0"                       [id=13315, stack(0x000000016f660000,0x000000016f863000) (2060K)]
  0x0000000915e8cc00 WorkerThread "G1 Conc#1"                       [id=37123, stack(0x0000000173f1c000,0x000000017411f000) (2060K)]
  0x0000000914c1cf00 ConcurrentGCThread "G1 Refine#0"               [id=13571, stack(0x000000016f86c000,0x000000016fa6f000) (2060K)]
  0x0000000915104400 ConcurrentGCThread "G1 Service"                [id=16643, stack(0x000000016fa78000,0x000000016fc7b000) (2060K)]
Total: 16

Threads with active compile tasks:
C2 CompilerThread0  2496378 28441       4       java.util.Hashtable$Enumerator::hasMoreElements (53 bytes)
C1 CompilerThread0  2496378 28572       3       org.gradle.api.internal.artifacts.configurations.ResolutionHost::getDisplayName (12 bytes)
Total: 2

VM state: synchronizing (normal execution)

VM Mutex/Monitor currently owned by a thread:  ([mutex/lock_event])
[0x0000000107983990] Threads_lock - owner thread: 0x0000000915105800

Heap address: 0x00000004d5000000, size: 4096 MB, Compressed Oops mode: Zero based, Oop shift amount: 3

CDS archive(s) mapped at: [0x0000000300000000-0x0000000300c94000-0x0000000300c94000), size 13189120, SharedBaseAddress: 0x0000000300000000, ArchiveRelocationMode: 1.
Compressed class space mapped at: 0x0000000301000000-0x0000000341000000, reserved size: 1073741824
Narrow klass base: 0x0000000300000000, Narrow klass shift: 0, Narrow klass range: 0x100000000

GC Precious Log:
 CardTable entry size: 512
 Card Set container configuration: InlinePtr #cards 4 size 8 Array Of Cards #cards 16 size 48 Howl #buckets 8 coarsen threshold 3686 Howl Bitmap #cards 512 size 80 coarsen threshold 460 Card regions per heap region 1 cards per card region 4096
 CPUs: 10 total, 10 available
 Memory: 16384M
 Large Page Support: Disabled
 NUMA Support: Disabled
 Compressed Oops: Enabled (Zero based)
 Heap Region Size: 2M
 Heap Min Capacity: 8M
 Heap Initial Capacity: 256M
 Heap Max Capacity: 4G
 Pre-touch: Disabled
 Parallel Workers: 9
 Concurrent Workers: 2
 Concurrent Refinement Workers: 9
 Periodic GC: Disabled

Heap:
 garbage-first heap   total 567296K, used 506131K [0x00000004d5000000, 0x00000005d5000000)
  region size 2048K, 88 young (180224K), 9 survivors (18432K)
 Metaspace       used 189485K, committed 192960K, reserved 1245184K
  class space    used 25237K, committed 27008K, reserved 1048576K

Heap Regions: E=young(eden), S=young(survivor), O=old, HS=humongous(starts), HC=humongous(continues), CS=collection set, F=free, TAMS=top-at-mark-start, PB=parsable bottom
|   0|0x00000004d5000000, 0x00000004d5200000, 0x00000004d5200000|100%|HS|  |TAMS 0x00000004d5000000| PB 0x00000004d5000000| Complete 
|   1|0x00000004d5200000, 0x00000004d5400000, 0x00000004d5400000|100%|HC|  |TAMS 0x00000004d5200000| PB 0x00000004d5200000| Complete 
|   2|0x00000004d5400000, 0x00000004d5600000, 0x00000004d5600000|100%| O|  |TAMS 0x00000004d5400000| PB 0x00000004d5400000| Untracked 
|   3|0x00000004d5600000, 0x00000004d5800000, 0x00000004d5800000|100%| O|  |TAMS 0x00000004d5600000| PB 0x00000004d5600000| Untracked 
|   4|0x00000004d5800000, 0x00000004d5a00000, 0x00000004d5a00000|100%| O|  |TAMS 0x00000004d5800000| PB 0x00000004d5800000| Untracked 
|   5|0x00000004d5a00000, 0x00000004d5c00000, 0x00000004d5c00000|100%| O|  |TAMS 0x00000004d5a00000| PB 0x00000004d5a00000| Untracked 
|   6|0x00000004d5c00000, 0x00000004d5e00000, 0x00000004d5e00000|100%| O|  |TAMS 0x00000004d5c00000| PB 0x00000004d5c00000| Untracked 
|   7|0x00000004d5e00000, 0x00000004d6000000, 0x00000004d6000000|100%| O|  |TAMS 0x00000004d5e00000| PB 0x00000004d5e00000| Untracked 
|   8|0x00000004d6000000, 0x00000004d6200000, 0x00000004d6200000|100%| O|Cm|TAMS 0x00000004d6000000| PB 0x00000004d6000000| Complete 
|   9|0x00000004d6200000, 0x00000004d6400000, 0x00000004d6400000|100%|HS|  |TAMS 0x00000004d6200000| PB 0x00000004d6200000| Complete 
|  10|0x00000004d6400000, 0x00000004d6600000, 0x00000004d6600000|100%|HC|  |TAMS 0x00000004d6400000| PB 0x00000004d6400000| Complete 
|  11|0x00000004d6600000, 0x00000004d6800000, 0x00000004d6800000|100%|HC|  |TAMS 0x00000004d6600000| PB 0x00000004d6600000| Complete 
|  12|0x00000004d6800000, 0x00000004d6a00000, 0x00000004d6a00000|100%|HC|  |TAMS 0x00000004d6800000| PB 0x00000004d6800000| Complete 
|  13|0x00000004d6a00000, 0x00000004d6c00000, 0x00000004d6c00000|100%|HS|  |TAMS 0x00000004d6a00000| PB 0x00000004d6a00000| Complete 
|  14|0x00000004d6c00000, 0x00000004d6e00000, 0x00000004d6e00000|100%|HC|  |TAMS 0x00000004d6c00000| PB 0x00000004d6c00000| Complete 
|  15|0x00000004d6e00000, 0x00000004d7000000, 0x00000004d7000000|100%|HC|  |TAMS 0x00000004d6e00000| PB 0x00000004d6e00000| Complete 
|  16|0x00000004d7000000, 0x00000004d7200000, 0x00000004d7200000|100%|HC|  |TAMS 0x00000004d7000000| PB 0x00000004d7000000| Complete 
|  17|0x00000004d7200000, 0x00000004d7400000, 0x00000004d7400000|100%| O|  |TAMS 0x00000004d7200000| PB 0x00000004d7200000| Untracked 
|  18|0x00000004d7400000, 0x00000004d7600000, 0x00000004d7600000|100%| O|  |TAMS 0x00000004d7400000| PB 0x00000004d7400000| Untracked 
|  19|0x00000004d7600000, 0x00000004d7800000, 0x00000004d7800000|100%| O|  |TAMS 0x00000004d7600000| PB 0x00000004d7600000| Untracked 
|  20|0x00000004d7800000, 0x00000004d7a00000, 0x00000004d7a00000|100%| O|  |TAMS 0x00000004d7800000| PB 0x00000004d7800000| Untracked 
|  21|0x00000004d7a00000, 0x00000004d7c00000, 0x00000004d7c00000|100%| O|  |TAMS 0x00000004d7a00000| PB 0x00000004d7a00000| Untracked 
|  22|0x00000004d7c00000, 0x00000004d7e00000, 0x00000004d7e00000|100%| O|  |TAMS 0x00000004d7c00000| PB 0x00000004d7c00000| Untracked 
|  23|0x00000004d7e00000, 0x00000004d8000000, 0x00000004d8000000|100%| O|  |TAMS 0x00000004d7e00000| PB 0x00000004d7e00000| Untracked 
|  24|0x00000004d8000000, 0x00000004d8200000, 0x00000004d8200000|100%| O|  |TAMS 0x00000004d8000000| PB 0x00000004d8000000| Untracked 
|  25|0x00000004d8200000, 0x00000004d8400000, 0x00000004d8400000|100%| O|  |TAMS 0x00000004d8200000| PB 0x00000004d8200000| Untracked 
|  26|0x00000004d8400000, 0x00000004d8600000, 0x00000004d8600000|100%| O|  |TAMS 0x00000004d8400000| PB 0x00000004d8400000| Untracked 
|  27|0x00000004d8600000, 0x00000004d8800000, 0x00000004d8800000|100%| O|  |TAMS 0x00000004d8600000| PB 0x00000004d8600000| Untracked 
|  28|0x00000004d8800000, 0x00000004d8a00000, 0x00000004d8a00000|100%| O|  |TAMS 0x00000004d8800000| PB 0x00000004d8800000| Untracked 
|  29|0x00000004d8a00000, 0x00000004d8c00000, 0x00000004d8c00000|100%| O|  |TAMS 0x00000004d8a00000| PB 0x00000004d8a00000| Untracked 
|  30|0x00000004d8c00000, 0x00000004d8e00000, 0x00000004d8e00000|100%| O|  |TAMS 0x00000004d8c00000| PB 0x00000004d8c00000| Untracked 
|  31|0x00000004d8e00000, 0x00000004d9000000, 0x00000004d9000000|100%| O|  |TAMS 0x00000004d8e00000| PB 0x00000004d8e00000| Untracked 
|  32|0x00000004d9000000, 0x00000004d9200000, 0x00000004d9200000|100%| O|  |TAMS 0x00000004d9000000| PB 0x00000004d9000000| Untracked 
|  33|0x00000004d9200000, 0x00000004d9400000, 0x00000004d9400000|100%| O|  |TAMS 0x00000004d9200000| PB 0x00000004d9200000| Untracked 
|  34|0x00000004d9400000, 0x00000004d9600000, 0x00000004d9600000|100%| O|  |TAMS 0x00000004d9400000| PB 0x00000004d9400000| Untracked 
|  35|0x00000004d9600000, 0x00000004d9800000, 0x00000004d9800000|100%| O|  |TAMS 0x00000004d9600000| PB 0x00000004d9600000| Untracked 
|  36|0x00000004d9800000, 0x00000004d9a00000, 0x00000004d9a00000|100%| O|  |TAMS 0x00000004d9800000| PB 0x00000004d9800000| Untracked 
|  37|0x00000004d9a00000, 0x00000004d9c00000, 0x00000004d9c00000|100%| O|  |TAMS 0x00000004d9a00000| PB 0x00000004d9a00000| Untracked 
|  38|0x00000004d9c00000, 0x00000004d9e00000, 0x00000004d9e00000|100%| O|  |TAMS 0x00000004d9c00000| PB 0x00000004d9c00000| Untracked 
|  39|0x00000004d9e00000, 0x00000004da000000, 0x00000004da000000|100%| O|  |TAMS 0x00000004d9e00000| PB 0x00000004d9e00000| Untracked 
|  40|0x00000004da000000, 0x00000004da200000, 0x00000004da200000|100%|HS|  |TAMS 0x00000004da000000| PB 0x00000004da000000| Complete 
|  41|0x00000004da200000, 0x00000004da400000, 0x00000004da400000|100%| O|  |TAMS 0x00000004da200000| PB 0x00000004da200000| Untracked 
|  42|0x00000004da400000, 0x00000004da600000, 0x00000004da600000|100%| O|  |TAMS 0x00000004da400000| PB 0x00000004da400000| Untracked 
|  43|0x00000004da600000, 0x00000004da800000, 0x00000004da800000|100%| O|  |TAMS 0x00000004da600000| PB 0x00000004da600000| Untracked 
|  44|0x00000004da800000, 0x00000004daa00000, 0x00000004daa00000|100%| O|  |TAMS 0x00000004da800000| PB 0x00000004da800000| Untracked 
|  45|0x00000004daa00000, 0x00000004dac00000, 0x00000004dac00000|100%| O|  |TAMS 0x00000004daa00000| PB 0x00000004daa00000| Untracked 
|  46|0x00000004dac00000, 0x00000004dae00000, 0x00000004dae00000|100%| O|  |TAMS 0x00000004dac00000| PB 0x00000004dac00000| Untracked 
|  47|0x00000004dae00000, 0x00000004db000000, 0x00000004db000000|100%|HS|  |TAMS 0x00000004dae00000| PB 0x00000004dae00000| Complete 
|  48|0x00000004db000000, 0x00000004db200000, 0x00000004db200000|100%| O|  |TAMS 0x00000004db000000| PB 0x00000004db000000| Untracked 
|  49|0x00000004db200000, 0x00000004db400000, 0x00000004db400000|100%| O|  |TAMS 0x00000004db200000| PB 0x00000004db200000| Untracked 
|  50|0x00000004db400000, 0x00000004db600000, 0x00000004db600000|100%| O|  |TAMS 0x00000004db400000| PB 0x00000004db400000| Untracked 
|  51|0x00000004db600000, 0x00000004db800000, 0x00000004db800000|100%| O|  |TAMS 0x00000004db600000| PB 0x00000004db600000| Untracked 
|  52|0x00000004db800000, 0x00000004dba00000, 0x00000004dba00000|100%| O|  |TAMS 0x00000004db800000| PB 0x00000004db800000| Untracked 
|  53|0x00000004dba00000, 0x00000004dbc00000, 0x00000004dbc00000|100%| O|  |TAMS 0x00000004dba00000| PB 0x00000004dba00000| Untracked 
|  54|0x00000004dbc00000, 0x00000004dbe00000, 0x00000004dbe00000|100%| O|  |TAMS 0x00000004dbc00000| PB 0x00000004dbc00000| Untracked 
|  55|0x00000004dbe00000, 0x00000004dc000000, 0x00000004dc000000|100%| O|  |TAMS 0x00000004dbe00000| PB 0x00000004dbe00000| Untracked 
|  56|0x00000004dc000000, 0x00000004dc200000, 0x00000004dc200000|100%| O|  |TAMS 0x00000004dc000000| PB 0x00000004dc000000| Untracked 
|  57|0x00000004dc200000, 0x00000004dc400000, 0x00000004dc400000|100%| O|  |TAMS 0x00000004dc200000| PB 0x00000004dc200000| Untracked 
|  58|0x00000004dc400000, 0x00000004dc600000, 0x00000004dc600000|100%| O|  |TAMS 0x00000004dc400000| PB 0x00000004dc400000| Untracked 
|  59|0x00000004dc600000, 0x00000004dc800000, 0x00000004dc800000|100%| O|  |TAMS 0x00000004dc600000| PB 0x00000004dc600000| Untracked 
|  60|0x00000004dc800000, 0x00000004dca00000, 0x00000004dca00000|100%| O|  |TAMS 0x00000004dc800000| PB 0x00000004dc800000| Untracked 
|  61|0x00000004dca00000, 0x00000004dcc00000, 0x00000004dcc00000|100%| O|  |TAMS 0x00000004dca00000| PB 0x00000004dca00000| Untracked 
|  62|0x00000004dcc00000, 0x00000004dce00000, 0x00000004dce00000|100%| O|  |TAMS 0x00000004dcc00000| PB 0x00000004dcc00000| Untracked 
|  63|0x00000004dce00000, 0x00000004dd000000, 0x00000004dd000000|100%| O|Cm|TAMS 0x00000004dce00000| PB 0x00000004dce00000| Complete 
|  64|0x00000004dd000000, 0x00000004dd200000, 0x00000004dd200000|100%| O|  |TAMS 0x00000004dd000000| PB 0x00000004dd000000| Untracked 
|  65|0x00000004dd200000, 0x00000004dd400000, 0x00000004dd400000|100%| O|  |TAMS 0x00000004dd200000| PB 0x00000004dd200000| Untracked 
|  66|0x00000004dd400000, 0x00000004dd600000, 0x00000004dd600000|100%| O|  |TAMS 0x00000004dd400000| PB 0x00000004dd400000| Untracked 
|  67|0x00000004dd600000, 0x00000004dd800000, 0x00000004dd800000|100%| O|  |TAMS 0x00000004dd600000| PB 0x00000004dd600000| Untracked 
|  68|0x00000004dd800000, 0x00000004dda00000, 0x00000004dda00000|100%| O|  |TAMS 0x00000004dd800000| PB 0x00000004dd800000| Untracked 
|  69|0x00000004dda00000, 0x00000004ddc00000, 0x00000004ddc00000|100%| O|  |TAMS 0x00000004dda00000| PB 0x00000004dda00000| Untracked 
|  70|0x00000004ddc00000, 0x00000004dde00000, 0x00000004dde00000|100%| O|  |TAMS 0x00000004ddc00000| PB 0x00000004ddc00000| Untracked 
|  71|0x00000004dde00000, 0x00000004de000000, 0x00000004de000000|100%| O|  |TAMS 0x00000004dde00000| PB 0x00000004dde00000| Untracked 
|  72|0x00000004de000000, 0x00000004de200000, 0x00000004de200000|100%| O|  |TAMS 0x00000004de000000| PB 0x00000004de000000| Untracked 
|  73|0x00000004de200000, 0x00000004de400000, 0x00000004de400000|100%| O|  |TAMS 0x00000004de200000| PB 0x00000004de200000| Untracked 
|  74|0x00000004de400000, 0x00000004de600000, 0x00000004de600000|100%| O|  |TAMS 0x00000004de400000| PB 0x00000004de400000| Untracked 
|  75|0x00000004de600000, 0x00000004de800000, 0x00000004de800000|100%| O|  |TAMS 0x00000004de600000| PB 0x00000004de600000| Untracked 
|  76|0x00000004de800000, 0x00000004dea00000, 0x00000004dea00000|100%| O|  |TAMS 0x00000004de800000| PB 0x00000004de800000| Untracked 
|  77|0x00000004dea00000, 0x00000004dec00000, 0x00000004dec00000|100%| O|  |TAMS 0x00000004dea00000| PB 0x00000004dea00000| Untracked 
|  78|0x00000004dec00000, 0x00000004dee00000, 0x00000004dee00000|100%| O|  |TAMS 0x00000004dec00000| PB 0x00000004dec00000| Untracked 
|  79|0x00000004dee00000, 0x00000004df000000, 0x00000004df000000|100%| O|  |TAMS 0x00000004dee00000| PB 0x00000004dee00000| Untracked 
|  80|0x00000004df000000, 0x00000004df200000, 0x00000004df200000|100%| O|  |TAMS 0x00000004df000000| PB 0x00000004df000000| Untracked 
|  81|0x00000004df200000, 0x00000004df400000, 0x00000004df400000|100%| O|  |TAMS 0x00000004df200000| PB 0x00000004df200000| Untracked 
|  82|0x00000004df400000, 0x00000004df600000, 0x00000004df600000|100%| O|  |TAMS 0x00000004df400000| PB 0x00000004df400000| Untracked 
|  83|0x00000004df600000, 0x00000004df800000, 0x00000004df800000|100%| O|  |TAMS 0x00000004df600000| PB 0x00000004df600000| Untracked 
|  84|0x00000004df800000, 0x00000004dfa00000, 0x00000004dfa00000|100%| O|  |TAMS 0x00000004df800000| PB 0x00000004df800000| Untracked 
|  85|0x00000004dfa00000, 0x00000004dfc00000, 0x00000004dfc00000|100%| O|  |TAMS 0x00000004dfa00000| PB 0x00000004dfa00000| Untracked 
|  86|0x00000004dfc00000, 0x00000004dfe00000, 0x00000004dfe00000|100%| O|  |TAMS 0x00000004dfc00000| PB 0x00000004dfc00000| Untracked 
|  87|0x00000004dfe00000, 0x00000004e0000000, 0x00000004e0000000|100%| O|  |TAMS 0x00000004dfe00000| PB 0x00000004dfe00000| Untracked 
|  88|0x00000004e0000000, 0x00000004e0200000, 0x00000004e0200000|100%| O|  |TAMS 0x00000004e0000000| PB 0x00000004e0000000| Untracked 
|  89|0x00000004e0200000, 0x00000004e0400000, 0x00000004e0400000|100%| O|  |TAMS 0x00000004e0200000| PB 0x00000004e0200000| Untracked 
|  90|0x00000004e0400000, 0x00000004e0600000, 0x00000004e0600000|100%| O|  |TAMS 0x00000004e0400000| PB 0x00000004e0400000| Untracked 
|  91|0x00000004e0600000, 0x00000004e0800000, 0x00000004e0800000|100%| O|  |TAMS 0x00000004e0600000| PB 0x00000004e0600000| Untracked 
|  92|0x00000004e0800000, 0x00000004e0a00000, 0x00000004e0a00000|100%| O|  |TAMS 0x00000004e0800000| PB 0x00000004e0800000| Untracked 
|  93|0x00000004e0a00000, 0x00000004e0c00000, 0x00000004e0c00000|100%| O|  |TAMS 0x00000004e0a00000| PB 0x00000004e0a00000| Untracked 
|  94|0x00000004e0c00000, 0x00000004e0e00000, 0x00000004e0e00000|100%| O|  |TAMS 0x00000004e0c00000| PB 0x00000004e0c00000| Untracked 
|  95|0x00000004e0e00000, 0x00000004e1000000, 0x00000004e1000000|100%| O|  |TAMS 0x00000004e0e00000| PB 0x00000004e0e00000| Untracked 
|  96|0x00000004e1000000, 0x00000004e1200000, 0x00000004e1200000|100%| O|  |TAMS 0x00000004e1000000| PB 0x00000004e1000000| Untracked 
|  97|0x00000004e1200000, 0x00000004e1400000, 0x00000004e1400000|100%| O|  |TAMS 0x00000004e1200000| PB 0x00000004e1200000| Untracked 
|  98|0x00000004e1400000, 0x00000004e1600000, 0x00000004e1600000|100%| O|  |TAMS 0x00000004e1400000| PB 0x00000004e1400000| Untracked 
|  99|0x00000004e1600000, 0x00000004e1800000, 0x00000004e1800000|100%| O|  |TAMS 0x00000004e1600000| PB 0x00000004e1600000| Untracked 
| 100|0x00000004e1800000, 0x00000004e1a00000, 0x00000004e1a00000|100%| O|  |TAMS 0x00000004e1800000| PB 0x00000004e1800000| Untracked 
| 101|0x00000004e1a00000, 0x00000004e1c00000, 0x00000004e1c00000|100%| O|  |TAMS 0x00000004e1a00000| PB 0x00000004e1a00000| Untracked 
| 102|0x00000004e1c00000, 0x00000004e1e00000, 0x00000004e1e00000|100%| O|  |TAMS 0x00000004e1c00000| PB 0x00000004e1c00000| Untracked 
| 103|0x00000004e1e00000, 0x00000004e2000000, 0x00000004e2000000|100%| O|  |TAMS 0x00000004e1e00000| PB 0x00000004e1e00000| Untracked 
| 104|0x00000004e2000000, 0x00000004e2200000, 0x00000004e2200000|100%| O|  |TAMS 0x00000004e2000000| PB 0x00000004e2000000| Untracked 
| 105|0x00000004e2200000, 0x00000004e2400000, 0x00000004e2400000|100%| O|  |TAMS 0x00000004e2200000| PB 0x00000004e2200000| Untracked 
| 106|0x00000004e2400000, 0x00000004e2600000, 0x00000004e2600000|100%| O|  |TAMS 0x00000004e2400000| PB 0x00000004e2400000| Untracked 
| 107|0x00000004e2600000, 0x00000004e2800000, 0x00000004e2800000|100%| O|  |TAMS 0x00000004e2600000| PB 0x00000004e2600000| Untracked 
| 108|0x00000004e2800000, 0x00000004e2a00000, 0x00000004e2a00000|100%| O|  |TAMS 0x00000004e2800000| PB 0x00000004e2800000| Untracked 
| 109|0x00000004e2a00000, 0x00000004e2c00000, 0x00000004e2c00000|100%| O|  |TAMS 0x00000004e2a00000| PB 0x00000004e2a00000| Untracked 
| 110|0x00000004e2c00000, 0x00000004e2e00000, 0x00000004e2e00000|100%| O|Cm|TAMS 0x00000004e2c00000| PB 0x00000004e2c00000| Complete 
| 111|0x00000004e2e00000, 0x00000004e3000000, 0x00000004e3000000|100%| O|  |TAMS 0x00000004e2e00000| PB 0x00000004e2e00000| Untracked 
| 112|0x00000004e3000000, 0x00000004e3200000, 0x00000004e3200000|100%| O|  |TAMS 0x00000004e3000000| PB 0x00000004e3000000| Untracked 
| 113|0x00000004e3200000, 0x00000004e3400000, 0x00000004e3400000|100%| O|  |TAMS 0x00000004e3200000| PB 0x00000004e3200000| Untracked 
| 114|0x00000004e3400000, 0x00000004e3600000, 0x00000004e3600000|100%| O|  |TAMS 0x00000004e3400000| PB 0x00000004e3400000| Untracked 
| 115|0x00000004e3600000, 0x00000004e3800000, 0x00000004e3800000|100%| O|  |TAMS 0x00000004e3600000| PB 0x00000004e3600000| Untracked 
| 116|0x00000004e3800000, 0x00000004e3a00000, 0x00000004e3a00000|100%| O|  |TAMS 0x00000004e3800000| PB 0x00000004e3800000| Untracked 
| 117|0x00000004e3a00000, 0x00000004e3c00000, 0x00000004e3c00000|100%| O|  |TAMS 0x00000004e3a00000| PB 0x00000004e3a00000| Untracked 
| 118|0x00000004e3c00000, 0x00000004e3e00000, 0x00000004e3e00000|100%| O|  |TAMS 0x00000004e3c00000| PB 0x00000004e3c00000| Untracked 
| 119|0x00000004e3e00000, 0x00000004e4000000, 0x00000004e4000000|100%| O|  |TAMS 0x00000004e3e00000| PB 0x00000004e3e00000| Untracked 
| 120|0x00000004e4000000, 0x00000004e4200000, 0x00000004e4200000|100%| O|  |TAMS 0x00000004e4000000| PB 0x00000004e4000000| Untracked 
| 121|0x00000004e4200000, 0x00000004e4400000, 0x00000004e4400000|100%| O|  |TAMS 0x00000004e4200000| PB 0x00000004e4200000| Untracked 
| 122|0x00000004e4400000, 0x00000004e4600000, 0x00000004e4600000|100%| O|  |TAMS 0x00000004e4400000| PB 0x00000004e4400000| Untracked 
| 123|0x00000004e4600000, 0x00000004e4800000, 0x00000004e4800000|100%| O|  |TAMS 0x00000004e4600000| PB 0x00000004e4600000| Untracked 
| 124|0x00000004e4800000, 0x00000004e4a00000, 0x00000004e4a00000|100%| O|  |TAMS 0x00000004e4800000| PB 0x00000004e4800000| Untracked 
| 125|0x00000004e4a00000, 0x00000004e4c00000, 0x00000004e4c00000|100%| O|  |TAMS 0x00000004e4a00000| PB 0x00000004e4a00000| Untracked 
| 126|0x00000004e4c00000, 0x00000004e4e00000, 0x00000004e4e00000|100%| O|  |TAMS 0x00000004e4c00000| PB 0x00000004e4c00000| Untracked 
| 127|0x00000004e4e00000, 0x00000004e5000000, 0x00000004e5000000|100%| O|Cm|TAMS 0x00000004e4e00000| PB 0x00000004e4e00000| Complete 
| 128|0x00000004e5000000, 0x00000004e5200000, 0x00000004e5200000|100%| O|  |TAMS 0x00000004e5000000| PB 0x00000004e5000000| Untracked 
| 129|0x00000004e5200000, 0x00000004e5400000, 0x00000004e5400000|100%| O|  |TAMS 0x00000004e5200000| PB 0x00000004e5200000| Untracked 
| 130|0x00000004e5400000, 0x00000004e5400000, 0x00000004e5600000|  0%| F|  |TAMS 0x00000004e5400000| PB 0x00000004e5400000| Untracked 
| 131|0x00000004e5600000, 0x00000004e5600000, 0x00000004e5800000|  0%| F|  |TAMS 0x00000004e5600000| PB 0x00000004e5600000| Untracked 
| 132|0x00000004e5800000, 0x00000004e5800000, 0x00000004e5a00000|  0%| F|  |TAMS 0x00000004e5800000| PB 0x00000004e5800000| Untracked 
| 133|0x00000004e5a00000, 0x00000004e5a00000, 0x00000004e5c00000|  0%| F|  |TAMS 0x00000004e5a00000| PB 0x00000004e5a00000| Untracked 
| 134|0x00000004e5c00000, 0x00000004e5e00000, 0x00000004e5e00000|100%| O|  |TAMS 0x00000004e5c00000| PB 0x00000004e5c00000| Untracked 
| 135|0x00000004e5e00000, 0x00000004e6000000, 0x00000004e6000000|100%| O|  |TAMS 0x00000004e5e00000| PB 0x00000004e5e00000| Untracked 
| 136|0x00000004e6000000, 0x00000004e6200000, 0x00000004e6200000|100%| O|  |TAMS 0x00000004e6000000| PB 0x00000004e6000000| Untracked 
| 137|0x00000004e6200000, 0x00000004e6400000, 0x00000004e6400000|100%| O|  |TAMS 0x00000004e6200000| PB 0x00000004e6200000| Untracked 
| 138|0x00000004e6400000, 0x00000004e6600000, 0x00000004e6600000|100%| O|  |TAMS 0x00000004e6400000| PB 0x00000004e6400000| Untracked 
| 139|0x00000004e6600000, 0x00000004e6600000, 0x00000004e6800000|  0%| F|  |TAMS 0x00000004e6600000| PB 0x00000004e6600000| Untracked 
| 140|0x00000004e6800000, 0x00000004e6800000, 0x00000004e6a00000|  0%| F|  |TAMS 0x00000004e6800000| PB 0x00000004e6800000| Untracked 
| 141|0x00000004e6a00000, 0x00000004e6a00000, 0x00000004e6c00000|  0%| F|  |TAMS 0x00000004e6a00000| PB 0x00000004e6a00000| Untracked 
| 142|0x00000004e6c00000, 0x00000004e6e00000, 0x00000004e6e00000|100%| O|  |TAMS 0x00000004e6c00000| PB 0x00000004e6c00000| Untracked 
| 143|0x00000004e6e00000, 0x00000004e7000000, 0x00000004e7000000|100%| O|Cm|TAMS 0x00000004e6e00000| PB 0x00000004e6e00000| Complete 
| 144|0x00000004e7000000, 0x00000004e7200000, 0x00000004e7200000|100%| O|Cm|TAMS 0x00000004e7000000| PB 0x00000004e7000000| Complete 
| 145|0x00000004e7200000, 0x00000004e7400000, 0x00000004e7400000|100%| O|  |TAMS 0x00000004e7200000| PB 0x00000004e7200000| Untracked 
| 146|0x00000004e7400000, 0x00000004e7600000, 0x00000004e7600000|100%| O|  |TAMS 0x00000004e7400000| PB 0x00000004e7400000| Untracked 
| 147|0x00000004e7600000, 0x00000004e7800000, 0x00000004e7800000|100%| O|  |TAMS 0x00000004e7600000| PB 0x00000004e7600000| Untracked 
| 148|0x00000004e7800000, 0x00000004e7800000, 0x00000004e7a00000|  0%| F|  |TAMS 0x00000004e7800000| PB 0x00000004e7800000| Untracked 
| 149|0x00000004e7a00000, 0x00000004e7a00000, 0x00000004e7c00000|  0%| F|  |TAMS 0x00000004e7a00000| PB 0x00000004e7a00000| Untracked 
| 150|0x00000004e7c00000, 0x00000004e7c00000, 0x00000004e7e00000|  0%| F|  |TAMS 0x00000004e7c00000| PB 0x00000004e7c00000| Untracked 
| 151|0x00000004e7e00000, 0x00000004e7e44d60, 0x00000004e8000000| 13%| S|CS|TAMS 0x00000004e7e00000| PB 0x00000004e7e00000| Complete 
| 152|0x00000004e8000000, 0x00000004e8200000, 0x00000004e8200000|100%| S|CS|TAMS 0x00000004e8000000| PB 0x00000004e8000000| Complete 
| 153|0x00000004e8200000, 0x00000004e8400000, 0x00000004e8400000|100%| S|CS|TAMS 0x00000004e8200000| PB 0x00000004e8200000| Complete 
| 154|0x00000004e8400000, 0x00000004e8600000, 0x00000004e8600000|100%| O|  |TAMS 0x00000004e8400000| PB 0x00000004e8400000| Untracked 
| 155|0x00000004e8600000, 0x00000004e8800000, 0x00000004e8800000|100%| S|CS|TAMS 0x00000004e8600000| PB 0x00000004e8600000| Complete 
| 156|0x00000004e8800000, 0x00000004e8a00000, 0x00000004e8a00000|100%| S|CS|TAMS 0x00000004e8800000| PB 0x00000004e8800000| Complete 
| 157|0x00000004e8a00000, 0x00000004e8c00000, 0x00000004e8c00000|100%| S|CS|TAMS 0x00000004e8a00000| PB 0x00000004e8a00000| Complete 
| 158|0x00000004e8c00000, 0x00000004e8e00000, 0x00000004e8e00000|100%| S|CS|TAMS 0x00000004e8c00000| PB 0x00000004e8c00000| Complete 
| 159|0x00000004e8e00000, 0x00000004e9000000, 0x00000004e9000000|100%| S|CS|TAMS 0x00000004e8e00000| PB 0x00000004e8e00000| Complete 
| 160|0x00000004e9000000, 0x00000004e9000000, 0x00000004e9200000|  0%| F|  |TAMS 0x00000004e9000000| PB 0x00000004e9000000| Untracked 
| 161|0x00000004e9200000, 0x00000004e9400000, 0x00000004e9400000|100%| O|  |TAMS 0x00000004e9200000| PB 0x00000004e9200000| Untracked 
| 162|0x00000004e9400000, 0x00000004e9600000, 0x00000004e9600000|100%| O|  |TAMS 0x00000004e9400000| PB 0x00000004e9400000| Untracked 
| 163|0x00000004e9600000, 0x00000004e9800000, 0x00000004e9800000|100%| O|  |TAMS 0x00000004e9600000| PB 0x00000004e9600000| Untracked 
| 164|0x00000004e9800000, 0x00000004e9a00000, 0x00000004e9a00000|100%| O|  |TAMS 0x00000004e9800000| PB 0x00000004e9800000| Untracked 
| 165|0x00000004e9a00000, 0x00000004e9c00000, 0x00000004e9c00000|100%| O|  |TAMS 0x00000004e9a00000| PB 0x00000004e9a00000| Untracked 
| 166|0x00000004e9c00000, 0x00000004e9c00000, 0x00000004e9e00000|  0%| F|  |TAMS 0x00000004e9c00000| PB 0x00000004e9c00000| Untracked 
| 167|0x00000004e9e00000, 0x00000004e9e00000, 0x00000004ea000000|  0%| F|  |TAMS 0x00000004e9e00000| PB 0x00000004e9e00000| Untracked 
| 168|0x00000004ea000000, 0x00000004ea000000, 0x00000004ea200000|  0%| F|  |TAMS 0x00000004ea000000| PB 0x00000004ea000000| Untracked 
| 169|0x00000004ea200000, 0x00000004ea200000, 0x00000004ea400000|  0%| F|  |TAMS 0x00000004ea200000| PB 0x00000004ea200000| Untracked 
| 170|0x00000004ea400000, 0x00000004ea400000, 0x00000004ea600000|  0%| F|  |TAMS 0x00000004ea400000| PB 0x00000004ea400000| Untracked 
| 171|0x00000004ea600000, 0x00000004ea800000, 0x00000004ea800000|100%| S|CS|TAMS 0x00000004ea600000| PB 0x00000004ea600000| Complete 
| 172|0x00000004ea800000, 0x00000004ea800000, 0x00000004eaa00000|  0%| F|  |TAMS 0x00000004ea800000| PB 0x00000004ea800000| Untracked 
| 173|0x00000004eaa00000, 0x00000004eaa00000, 0x00000004eac00000|  0%| F|  |TAMS 0x00000004eaa00000| PB 0x00000004eaa00000| Untracked 
| 174|0x00000004eac00000, 0x00000004eac00000, 0x00000004eae00000|  0%| F|  |TAMS 0x00000004eac00000| PB 0x00000004eac00000| Untracked 
| 175|0x00000004eae00000, 0x00000004eae00000, 0x00000004eb000000|  0%| F|  |TAMS 0x00000004eae00000| PB 0x00000004eae00000| Untracked 
| 176|0x00000004eb000000, 0x00000004eb000000, 0x00000004eb200000|  0%| F|  |TAMS 0x00000004eb000000| PB 0x00000004eb000000| Untracked 
| 177|0x00000004eb200000, 0x00000004eb200000, 0x00000004eb400000|  0%| F|  |TAMS 0x00000004eb200000| PB 0x00000004eb200000| Untracked 
| 178|0x00000004eb400000, 0x00000004eb400000, 0x00000004eb600000|  0%| F|  |TAMS 0x00000004eb400000| PB 0x00000004eb400000| Untracked 
| 179|0x00000004eb600000, 0x00000004eb600000, 0x00000004eb800000|  0%| F|  |TAMS 0x00000004eb600000| PB 0x00000004eb600000| Untracked 
| 180|0x00000004eb800000, 0x00000004eb800000, 0x00000004eba00000|  0%| F|  |TAMS 0x00000004eb800000| PB 0x00000004eb800000| Untracked 
| 181|0x00000004eba00000, 0x00000004eba00000, 0x00000004ebc00000|  0%| F|  |TAMS 0x00000004eba00000| PB 0x00000004eba00000| Untracked 
| 182|0x00000004ebc00000, 0x00000004ebc00000, 0x00000004ebe00000|  0%| F|  |TAMS 0x00000004ebc00000| PB 0x00000004ebc00000| Untracked 
| 183|0x00000004ebe00000, 0x00000004ebe1d678, 0x00000004ec000000|  5%| E|  |TAMS 0x00000004ebe00000| PB 0x00000004ebe00000| Complete 
| 184|0x00000004ec000000, 0x00000004ec200000, 0x00000004ec200000|100%| E|CS|TAMS 0x00000004ec000000| PB 0x00000004ec000000| Complete 
| 185|0x00000004ec200000, 0x00000004ec400000, 0x00000004ec400000|100%| E|CS|TAMS 0x00000004ec200000| PB 0x00000004ec200000| Complete 
| 186|0x00000004ec400000, 0x00000004ec600000, 0x00000004ec600000|100%| E|CS|TAMS 0x00000004ec400000| PB 0x00000004ec400000| Complete 
| 187|0x00000004ec600000, 0x00000004ec800000, 0x00000004ec800000|100%| E|  |TAMS 0x00000004ec600000| PB 0x00000004ec600000| Complete 
| 188|0x00000004ec800000, 0x00000004eca00000, 0x00000004eca00000|100%| E|CS|TAMS 0x00000004ec800000| PB 0x00000004ec800000| Complete 
| 189|0x00000004eca00000, 0x00000004ecc00000, 0x00000004ecc00000|100%| E|CS|TAMS 0x00000004eca00000| PB 0x00000004eca00000| Complete 
| 190|0x00000004ecc00000, 0x00000004ece00000, 0x00000004ece00000|100%| E|CS|TAMS 0x00000004ecc00000| PB 0x00000004ecc00000| Complete 
| 191|0x00000004ece00000, 0x00000004ed000000, 0x00000004ed000000|100%| E|CS|TAMS 0x00000004ece00000| PB 0x00000004ece00000| Complete 
| 192|0x00000004ed000000, 0x00000004ed200000, 0x00000004ed200000|100%| E|CS|TAMS 0x00000004ed000000| PB 0x00000004ed000000| Complete 
| 193|0x00000004ed200000, 0x00000004ed400000, 0x00000004ed400000|100%| E|CS|TAMS 0x00000004ed200000| PB 0x00000004ed200000| Complete 
| 194|0x00000004ed400000, 0x00000004ed600000, 0x00000004ed600000|100%| E|CS|TAMS 0x00000004ed400000| PB 0x00000004ed400000| Complete 
| 195|0x00000004ed600000, 0x00000004ed800000, 0x00000004ed800000|100%| E|CS|TAMS 0x00000004ed600000| PB 0x00000004ed600000| Complete 
| 196|0x00000004ed800000, 0x00000004eda00000, 0x00000004eda00000|100%| E|CS|TAMS 0x00000004ed800000| PB 0x00000004ed800000| Complete 
| 197|0x00000004eda00000, 0x00000004edc00000, 0x00000004edc00000|100%| E|CS|TAMS 0x00000004eda00000| PB 0x00000004eda00000| Complete 
| 198|0x00000004edc00000, 0x00000004ede00000, 0x00000004ede00000|100%| E|CS|TAMS 0x00000004edc00000| PB 0x00000004edc00000| Complete 
| 199|0x00000004ede00000, 0x00000004ee000000, 0x00000004ee000000|100%| E|CS|TAMS 0x00000004ede00000| PB 0x00000004ede00000| Complete 
| 200|0x00000004ee000000, 0x00000004ee200000, 0x00000004ee200000|100%| E|CS|TAMS 0x00000004ee000000| PB 0x00000004ee000000| Complete 
| 201|0x00000004ee200000, 0x00000004ee400000, 0x00000004ee400000|100%| E|CS|TAMS 0x00000004ee200000| PB 0x00000004ee200000| Complete 
| 202|0x00000004ee400000, 0x00000004ee600000, 0x00000004ee600000|100%| E|CS|TAMS 0x00000004ee400000| PB 0x00000004ee400000| Complete 
| 203|0x00000004ee600000, 0x00000004ee800000, 0x00000004ee800000|100%| E|CS|TAMS 0x00000004ee600000| PB 0x00000004ee600000| Complete 
| 204|0x00000004ee800000, 0x00000004eea00000, 0x00000004eea00000|100%| E|CS|TAMS 0x00000004ee800000| PB 0x00000004ee800000| Complete 
| 205|0x00000004eea00000, 0x00000004eec00000, 0x00000004eec00000|100%| E|CS|TAMS 0x00000004eea00000| PB 0x00000004eea00000| Complete 
| 206|0x00000004eec00000, 0x00000004eee00000, 0x00000004eee00000|100%| E|CS|TAMS 0x00000004eec00000| PB 0x00000004eec00000| Complete 
| 207|0x00000004eee00000, 0x00000004ef000000, 0x00000004ef000000|100%| E|CS|TAMS 0x00000004eee00000| PB 0x00000004eee00000| Complete 
| 208|0x00000004ef000000, 0x00000004ef200000, 0x00000004ef200000|100%| E|CS|TAMS 0x00000004ef000000| PB 0x00000004ef000000| Complete 
| 209|0x00000004ef200000, 0x00000004ef400000, 0x00000004ef400000|100%| E|CS|TAMS 0x00000004ef200000| PB 0x00000004ef200000| Complete 
| 210|0x00000004ef400000, 0x00000004ef600000, 0x00000004ef600000|100%| E|CS|TAMS 0x00000004ef400000| PB 0x00000004ef400000| Complete 
| 211|0x00000004ef600000, 0x00000004ef800000, 0x00000004ef800000|100%| E|CS|TAMS 0x00000004ef600000| PB 0x00000004ef600000| Complete 
| 212|0x00000004ef800000, 0x00000004efa00000, 0x00000004efa00000|100%| E|CS|TAMS 0x00000004ef800000| PB 0x00000004ef800000| Complete 
| 213|0x00000004efa00000, 0x00000004efc00000, 0x00000004efc00000|100%| E|CS|TAMS 0x00000004efa00000| PB 0x00000004efa00000| Complete 
| 214|0x00000004efc00000, 0x00000004efe00000, 0x00000004efe00000|100%| E|CS|TAMS 0x00000004efc00000| PB 0x00000004efc00000| Complete 
| 215|0x00000004efe00000, 0x00000004f0000000, 0x00000004f0000000|100%| E|CS|TAMS 0x00000004efe00000| PB 0x00000004efe00000| Complete 
| 216|0x00000004f0000000, 0x00000004f0200000, 0x00000004f0200000|100%| E|CS|TAMS 0x00000004f0000000| PB 0x00000004f0000000| Complete 
| 217|0x00000004f0200000, 0x00000004f0400000, 0x00000004f0400000|100%| E|CS|TAMS 0x00000004f0200000| PB 0x00000004f0200000| Complete 
| 218|0x00000004f0400000, 0x00000004f0600000, 0x00000004f0600000|100%| E|CS|TAMS 0x00000004f0400000| PB 0x00000004f0400000| Complete 
| 219|0x00000004f0600000, 0x00000004f0800000, 0x00000004f0800000|100%| E|CS|TAMS 0x00000004f0600000| PB 0x00000004f0600000| Complete 
| 220|0x00000004f0800000, 0x00000004f0a00000, 0x00000004f0a00000|100%| E|CS|TAMS 0x00000004f0800000| PB 0x00000004f0800000| Complete 
| 221|0x00000004f0a00000, 0x00000004f0c00000, 0x00000004f0c00000|100%| E|CS|TAMS 0x00000004f0a00000| PB 0x00000004f0a00000| Complete 
| 222|0x00000004f0c00000, 0x00000004f0e00000, 0x00000004f0e00000|100%| E|CS|TAMS 0x00000004f0c00000| PB 0x00000004f0c00000| Complete 
| 223|0x00000004f0e00000, 0x00000004f1000000, 0x00000004f1000000|100%| E|CS|TAMS 0x00000004f0e00000| PB 0x00000004f0e00000| Complete 
| 224|0x00000004f1000000, 0x00000004f1200000, 0x00000004f1200000|100%| E|CS|TAMS 0x00000004f1000000| PB 0x00000004f1000000| Complete 
| 225|0x00000004f1200000, 0x00000004f1400000, 0x00000004f1400000|100%| E|CS|TAMS 0x00000004f1200000| PB 0x00000004f1200000| Complete 
| 226|0x00000004f1400000, 0x00000004f1600000, 0x00000004f1600000|100%| E|CS|TAMS 0x00000004f1400000| PB 0x00000004f1400000| Complete 
| 227|0x00000004f1600000, 0x00000004f1800000, 0x00000004f1800000|100%| E|CS|TAMS 0x00000004f1600000| PB 0x00000004f1600000| Complete 
| 228|0x00000004f1800000, 0x00000004f1a00000, 0x00000004f1a00000|100%| E|CS|TAMS 0x00000004f1800000| PB 0x00000004f1800000| Complete 
| 229|0x00000004f1a00000, 0x00000004f1c00000, 0x00000004f1c00000|100%| E|CS|TAMS 0x00000004f1a00000| PB 0x00000004f1a00000| Complete 
| 230|0x00000004f1c00000, 0x00000004f1e00000, 0x00000004f1e00000|100%| E|CS|TAMS 0x00000004f1c00000| PB 0x00000004f1c00000| Complete 
| 231|0x00000004f1e00000, 0x00000004f2000000, 0x00000004f2000000|100%| E|CS|TAMS 0x00000004f1e00000| PB 0x00000004f1e00000| Complete 
| 232|0x00000004f2000000, 0x00000004f2200000, 0x00000004f2200000|100%| E|CS|TAMS 0x00000004f2000000| PB 0x00000004f2000000| Complete 
| 233|0x00000004f2200000, 0x00000004f2400000, 0x00000004f2400000|100%| E|CS|TAMS 0x00000004f2200000| PB 0x00000004f2200000| Complete 
| 234|0x00000004f2400000, 0x00000004f2600000, 0x00000004f2600000|100%| E|CS|TAMS 0x00000004f2400000| PB 0x00000004f2400000| Complete 
| 235|0x00000004f2600000, 0x00000004f2800000, 0x00000004f2800000|100%| E|CS|TAMS 0x00000004f2600000| PB 0x00000004f2600000| Complete 
| 236|0x00000004f2800000, 0x00000004f2a00000, 0x00000004f2a00000|100%| E|CS|TAMS 0x00000004f2800000| PB 0x00000004f2800000| Complete 
| 237|0x00000004f2a00000, 0x00000004f2c00000, 0x00000004f2c00000|100%| E|CS|TAMS 0x00000004f2a00000| PB 0x00000004f2a00000| Complete 
| 238|0x00000004f2c00000, 0x00000004f2e00000, 0x00000004f2e00000|100%| E|CS|TAMS 0x00000004f2c00000| PB 0x00000004f2c00000| Complete 
| 239|0x00000004f2e00000, 0x00000004f3000000, 0x00000004f3000000|100%| E|CS|TAMS 0x00000004f2e00000| PB 0x00000004f2e00000| Complete 
| 240|0x00000004f3000000, 0x00000004f3200000, 0x00000004f3200000|100%| E|CS|TAMS 0x00000004f3000000| PB 0x00000004f3000000| Complete 
| 241|0x00000004f3200000, 0x00000004f3400000, 0x00000004f3400000|100%| E|CS|TAMS 0x00000004f3200000| PB 0x00000004f3200000| Complete 
| 242|0x00000004f3400000, 0x00000004f3600000, 0x00000004f3600000|100%| E|CS|TAMS 0x00000004f3400000| PB 0x00000004f3400000| Complete 
| 243|0x00000004f3600000, 0x00000004f3800000, 0x00000004f3800000|100%| E|CS|TAMS 0x00000004f3600000| PB 0x00000004f3600000| Complete 
| 244|0x00000004f3800000, 0x00000004f3a00000, 0x00000004f3a00000|100%| E|CS|TAMS 0x00000004f3800000| PB 0x00000004f3800000| Complete 
| 245|0x00000004f3a00000, 0x00000004f3c00000, 0x00000004f3c00000|100%| E|CS|TAMS 0x00000004f3a00000| PB 0x00000004f3a00000| Complete 
| 246|0x00000004f3c00000, 0x00000004f3e00000, 0x00000004f3e00000|100%| E|CS|TAMS 0x00000004f3c00000| PB 0x00000004f3c00000| Complete 
| 247|0x00000004f3e00000, 0x00000004f4000000, 0x00000004f4000000|100%| E|CS|TAMS 0x00000004f3e00000| PB 0x00000004f3e00000| Complete 
| 248|0x00000004f4000000, 0x00000004f4200000, 0x00000004f4200000|100%| E|CS|TAMS 0x00000004f4000000| PB 0x00000004f4000000| Complete 
| 249|0x00000004f4200000, 0x00000004f4400000, 0x00000004f4400000|100%| E|CS|TAMS 0x00000004f4200000| PB 0x00000004f4200000| Complete 
| 250|0x00000004f4400000, 0x00000004f4600000, 0x00000004f4600000|100%| E|CS|TAMS 0x00000004f4400000| PB 0x00000004f4400000| Complete 
| 251|0x00000004f4600000, 0x00000004f4800000, 0x00000004f4800000|100%| E|CS|TAMS 0x00000004f4600000| PB 0x00000004f4600000| Complete 
| 252|0x00000004f4800000, 0x00000004f4a00000, 0x00000004f4a00000|100%| E|CS|TAMS 0x00000004f4800000| PB 0x00000004f4800000| Complete 
| 253|0x00000004f4a00000, 0x00000004f4c00000, 0x00000004f4c00000|100%| E|CS|TAMS 0x00000004f4a00000| PB 0x00000004f4a00000| Complete 
|2025|0x00000005d2200000, 0x00000005d2400000, 0x00000005d2400000|100%| O|Cm|TAMS 0x00000005d2200000| PB 0x00000005d2200000| Complete 
|2026|0x00000005d2400000, 0x00000005d2600000, 0x00000005d2600000|100%| O|Cm|TAMS 0x00000005d2400000| PB 0x00000005d2400000| Complete 
|2027|0x00000005d2600000, 0x00000005d2800000, 0x00000005d2800000|100%| O|  |TAMS 0x00000005d2600000| PB 0x00000005d2600000| Untracked 
|2028|0x00000005d2800000, 0x00000005d2a00000, 0x00000005d2a00000|100%| O|  |TAMS 0x00000005d2800000| PB 0x00000005d2800000| Untracked 
|2029|0x00000005d2a00000, 0x00000005d2c00000, 0x00000005d2c00000|100%| O|  |TAMS 0x00000005d2a00000| PB 0x00000005d2a00000| Untracked 
|2030|0x00000005d2c00000, 0x00000005d2e00000, 0x00000005d2e00000|100%| O|  |TAMS 0x00000005d2c00000| PB 0x00000005d2c00000| Untracked 
|2031|0x00000005d2e00000, 0x00000005d3000000, 0x00000005d3000000|100%| O|  |TAMS 0x00000005d2e00000| PB 0x00000005d2e00000| Untracked 
|2032|0x00000005d3000000, 0x00000005d3200000, 0x00000005d3200000|100%| E|CS|TAMS 0x00000005d3000000| PB 0x00000005d3000000| Complete 
|2033|0x00000005d3200000, 0x00000005d3400000, 0x00000005d3400000|100%| O|  |TAMS 0x00000005d3200000| PB 0x00000005d3200000| Untracked 
|2034|0x00000005d3400000, 0x00000005d3600000, 0x00000005d3600000|100%| E|CS|TAMS 0x00000005d3400000| PB 0x00000005d3400000| Complete 
|2035|0x00000005d3600000, 0x00000005d3800000, 0x00000005d3800000|100%| O|  |TAMS 0x00000005d3600000| PB 0x00000005d3600000| Untracked 
|2036|0x00000005d3800000, 0x00000005d3a00000, 0x00000005d3a00000|100%| E|CS|TAMS 0x00000005d3800000| PB 0x00000005d3800000| Complete 
|2037|0x00000005d3a00000, 0x00000005d3c00000, 0x00000005d3c00000|100%| E|CS|TAMS 0x00000005d3a00000| PB 0x00000005d3a00000| Complete 
|2038|0x00000005d3c00000, 0x00000005d3e00000, 0x00000005d3e00000|100%| E|CS|TAMS 0x00000005d3c00000| PB 0x00000005d3c00000| Complete 
|2039|0x00000005d3e00000, 0x00000005d4000000, 0x00000005d4000000|100%| E|CS|TAMS 0x00000005d3e00000| PB 0x00000005d3e00000| Complete 
|2040|0x00000005d4000000, 0x00000005d4200000, 0x00000005d4200000|100%| E|CS|TAMS 0x00000005d4000000| PB 0x00000005d4000000| Complete 
|2041|0x00000005d4200000, 0x00000005d4400000, 0x00000005d4400000|100%| O|  |TAMS 0x00000005d4200000| PB 0x00000005d4200000| Untracked 
|2042|0x00000005d4400000, 0x00000005d4600000, 0x00000005d4600000|100%| O|  |TAMS 0x00000005d4400000| PB 0x00000005d4400000| Untracked 
|2043|0x00000005d4600000, 0x00000005d4800000, 0x00000005d4800000|100%| O|  |TAMS 0x00000005d4600000| PB 0x00000005d4600000| Untracked 
|2044|0x00000005d4800000, 0x00000005d4a00000, 0x00000005d4a00000|100%| O|  |TAMS 0x00000005d4800000| PB 0x00000005d4800000| Untracked 
|2045|0x00000005d4a00000, 0x00000005d4c00000, 0x00000005d4c00000|100%| O|  |TAMS 0x00000005d4a00000| PB 0x00000005d4a00000| Untracked 
|2046|0x00000005d4c00000, 0x00000005d4e00000, 0x00000005d4e00000|100%| O|  |TAMS 0x00000005d4c00000| PB 0x00000005d4c00000| Untracked 
|2047|0x00000005d4e00000, 0x00000005d5000000, 0x00000005d5000000|100%| E|CS|TAMS 0x00000005d4e00000| PB 0x00000005d4e00000| Complete 

Card table byte_map: [0x000000010629c000,0x0000000106a9c000] _byte_map_base: 0x0000000103bf4000

Marking Bits: (CMBitMap*) 0x0000000914c1ca10
 Bits: [0x000000011f3d4000, 0x00000001233d4000)

Polling page: 0x0000000100e78000

Metaspace:

Usage:
  Non-class:    160.40 MB used.
      Class:     24.65 MB used.
       Both:    185.04 MB used.

Virtual space:
  Non-class space:      192.00 MB reserved,     162.06 MB ( 84%) committed,  3 nodes.
      Class space:        1.00 GB reserved,      26.38 MB (  3%) committed,  1 nodes.
             Both:        1.19 GB reserved,     188.44 MB ( 15%) committed. 

Chunk freelists:
   Non-Class:  13.92 MB
       Class:  5.50 MB
        Both:  19.42 MB

MaxMetaspaceSize: unlimited
CompressedClassSpaceSize: 1.00 GB
Initial GC threshold: 21.00 MB
Current GC threshold: 309.31 MB
CDS: on
 - commit_granule_bytes: 65536.
 - commit_granule_words: 8192.
 - virtual_space_node_default_size: 8388608.
 - enlarge_chunks_in_place: 1.
 - use_allocation_guard: 0.


Internal statistics:

num_allocs_failed_limit: 6.
num_arena_births: 6692.
num_arena_deaths: 6.
num_vsnodes_births: 4.
num_vsnodes_deaths: 0.
num_space_committed: 3012.
num_space_uncommitted: 0.
num_chunks_returned_to_freelist: 18.
num_chunks_taken_from_freelist: 15789.
num_chunk_merges: 7.
num_chunk_splits: 10180.
num_chunks_enlarged: 6254.
num_inconsistent_stats: 0.

CodeHeap 'non-profiled nmethods': size=120032Kb used=17107Kb max_used=17682Kb free=102924Kb
 bounds [0x0000000117e9c000, 0x0000000118fec000, 0x000000011f3d4000]
CodeHeap 'profiled nmethods': size=120016Kb used=42627Kb max_used=45524Kb free=77388Kb
 bounds [0x00000001103d4000, 0x0000000113054000, 0x0000000117908000]
CodeHeap 'non-nmethods': size=5712Kb used=2068Kb max_used=2184Kb free=3643Kb
 bounds [0x0000000117908000, 0x0000000117b78000, 0x0000000117e9c000]
CodeCache: size=245760Kb, used=61802Kb, max_used=65390Kb, free=183955Kb
 total_blobs=21580, nmethods=20480, adapters=1006, full_count=0
Compilation: enabled, stopped_count=0, restarted_count=0

Compilation events (20 events):
Event: 2496.193 Thread 0x00000001016d44c0 28543       3       org.gradle.kotlin.dsl.provider.ClassLoaderClassPathCache::access$fileFrom (6 bytes)
Event: 2496.193 Thread 0x00000001016d44c0 nmethod 28543 0x0000000112642390 code [0x0000000112642580, 0x0000000112642828]
Event: 2496.193 Thread 0x00000001016d44c0 28544       3       org.gradle.kotlin.dsl.provider.ClassLoaderClassPathCache::fileFrom (12 bytes)
Event: 2496.193 Thread 0x00000001016d44c0 nmethod 28544 0x0000000112828990 code [0x0000000112828b40, 0x0000000112828dc0]
Event: 2496.193 Thread 0x00000001016d44c0 28545       3       org.gradle.kotlin.dsl.provider.KotlinScriptClassPathProviderKt::access$toURI (5 bytes)
Event: 2496.193 Thread 0x00000001016d44c0 nmethod 28545 0x0000000112642010 code [0x00000001126421c0, 0x00000001126422f0]
Event: 2496.193 Thread 0x00000001016d44c0 28546   !   3       org.gradle.kotlin.dsl.provider.KotlinScriptClassPathProviderKt::toURI (67 bytes)
Event: 2496.194 Thread 0x00000001016d44c0 nmethod 28546 0x00000001113ed010 code [0x00000001113ed3c0, 0x00000001113ee178]
Event: 2496.194 Thread 0x00000001016d44c0 28547       3       java.io.File::<init> (196 bytes)
Event: 2496.194 Thread 0x00000001016d44c0 nmethod 28547 0x000000011104b190 code [0x000000011104b540, 0x000000011104c4d0]
Event: 2496.197 Thread 0x00000001016d44c0 28548       1       org.gradle.api.internal.tasks.properties.AbstractTypeScheme::getInspectionScheme (5 bytes)
Event: 2496.197 Thread 0x00000001016d44c0 nmethod 28548 0x000000011822e510 code [0x000000011822e680, 0x000000011822e728]
Event: 2496.197 Thread 0x00000001016d44c0 28549       3       org.gradle.api.internal.attributes.DefaultAttributesSchema::attribute (7 bytes)
Event: 2496.197 Thread 0x00000001016d44c0 nmethod 28549 0x00000001129c5290 code [0x00000001129c5440, 0x00000001129c56b0]
Event: 2496.199 Thread 0x00000001016d44c0 28550       1       org.gradle.initialization.DefaultProjectDescriptor::getName (5 bytes)
Event: 2496.199 Thread 0x00000001016d44c0 nmethod 28550 0x000000011822e210 code [0x000000011822e380, 0x000000011822e428]
Event: 2496.199 Thread 0x00000001016d44c0 28551       3       org.gradle.tooling.internal.adapter.ProtocolToModelAdapter$TypeSpecificMappingAction::collectInvokers (23 bytes)
Event: 2496.200 Thread 0x00000001016d44c0 nmethod 28551 0x0000000111145a90 code [0x0000000111145c80, 0x0000000111146038]
Event: 2496.201 Thread 0x00000001016d2940 nmethod 28439 0x0000000118295290 code [0x0000000118295680, 0x0000000118296a28]
Event: 2496.201 Thread 0x00000001016d2940 28484       4       java.util.concurrent.ConcurrentLinkedQueue::offer (120 bytes)

GC Heap History (20 events):
Event: 24.228 GC heap before
{Heap before GC invocations=44 (full 0):
 garbage-first heap   total 401408K, used 370101K [0x00000004d5000000, 0x00000005d5000000)
  region size 2048K, 69 young (141312K), 9 survivors (18432K)
 Metaspace       used 159800K, committed 162752K, reserved 1245184K
  class space    used 21918K, committed 23360K, reserved 1048576K
}
Event: 24.233 GC heap after
{Heap after GC invocations=45 (full 0):
 garbage-first heap   total 401408K, used 259935K [0x00000004d5000000, 0x00000005d5000000)
  region size 2048K, 6 young (12288K), 6 survivors (12288K)
 Metaspace       used 159800K, committed 162752K, reserved 1245184K
  class space    used 21918K, committed 23360K, reserved 1048576K
}
Event: 24.457 GC heap before
{Heap before GC invocations=46 (full 0):
 garbage-first heap   total 434176K, used 370527K [0x00000004d5000000, 0x00000005d5000000)
  region size 2048K, 60 young (122880K), 6 survivors (12288K)
 Metaspace       used 159949K, committed 162880K, reserved 1245184K
  class space    used 21939K, committed 23360K, reserved 1048576K
}
Event: 24.462 GC heap after
{Heap after GC invocations=47 (full 0):
 garbage-first heap   total 434176K, used 269890K [0x00000004d5000000, 0x00000005d5000000)
  region size 2048K, 5 young (10240K), 5 survivors (10240K)
 Metaspace       used 159949K, committed 162880K, reserved 1245184K
  class space    used 21939K, committed 23360K, reserved 1048576K
}
Event: 24.594 GC heap before
{Heap before GC invocations=47 (full 0):
 garbage-first heap   total 434176K, used 400962K [0x00000004d5000000, 0x00000005d5000000)
  region size 2048K, 69 young (141312K), 5 survivors (10240K)
 Metaspace       used 159986K, committed 162944K, reserved 1245184K
  class space    used 21939K, committed 23360K, reserved 1048576K
}
Event: 24.600 GC heap after
{Heap after GC invocations=48 (full 0):
 garbage-first heap   total 526336K, used 276737K [0x00000004d5000000, 0x00000005d5000000)
  region size 2048K, 9 young (18432K), 9 survivors (18432K)
 Metaspace       used 159986K, committed 162944K, reserved 1245184K
  class space    used 21939K, committed 23360K, reserved 1048576K
}
Event: 24.970 GC heap before
{Heap before GC invocations=48 (full 0):
 garbage-first heap   total 526336K, used 473345K [0x00000004d5000000, 0x00000005d5000000)
  region size 2048K, 105 young (215040K), 9 survivors (18432K)
 Metaspace       used 160368K, committed 163264K, reserved 1245184K
  class space    used 21981K, committed 23424K, reserved 1048576K
}
Event: 24.975 GC heap after
{Heap after GC invocations=49 (full 0):
 garbage-first heap   total 526336K, used 288674K [0x00000004d5000000, 0x00000005d5000000)
  region size 2048K, 11 young (22528K), 11 survivors (22528K)
 Metaspace       used 160368K, committed 163264K, reserved 1245184K
  class space    used 21981K, committed 23424K, reserved 1048576K
}
Event: 25.655 GC heap before
{Heap before GC invocations=49 (full 0):
 garbage-first heap   total 526336K, used 425890K [0x00000004d5000000, 0x00000005d5000000)
  region size 2048K, 80 young (163840K), 11 survivors (22528K)
 Metaspace       used 163803K, committed 166784K, reserved 1245184K
  class space    used 22343K, committed 23808K, reserved 1048576K
}
Event: 25.661 GC heap after
{Heap after GC invocations=50 (full 0):
 garbage-first heap   total 526336K, used 302470K [0x00000004d5000000, 0x00000005d5000000)
  region size 2048K, 12 young (24576K), 12 survivors (24576K)
 Metaspace       used 163803K, committed 166784K, reserved 1245184K
  class space    used 22343K, committed 23808K, reserved 1048576K
}
Event: 26.553 GC heap before
{Heap before GC invocations=51 (full 0):
 garbage-first heap   total 552960K, used 511366K [0x00000004d5000000, 0x00000005d5000000)
  region size 2048K, 101 young (206848K), 12 survivors (24576K)
 Metaspace       used 172286K, committed 175296K, reserved 1245184K
  class space    used 23280K, committed 24704K, reserved 1048576K
}
Event: 26.563 GC heap after
{Heap after GC invocations=52 (full 0):
 garbage-first heap   total 552960K, used 322340K [0x00000004d5000000, 0x00000005d5000000)
  region size 2048K, 13 young (26624K), 13 survivors (26624K)
 Metaspace       used 172286K, committed 175296K, reserved 1245184K
  class space    used 23280K, committed 24704K, reserved 1048576K
}
Event: 1853.696 GC heap before
{Heap before GC invocations=52 (full 0):
 garbage-first heap   total 552960K, used 516900K [0x00000004d5000000, 0x00000005d5000000)
  region size 2048K, 103 young (210944K), 13 survivors (26624K)
 Metaspace       used 185252K, committed 188608K, reserved 1245184K
  class space    used 24721K, committed 26432K, reserved 1048576K
}
Event: 1853.748 GC heap after
{Heap after GC invocations=53 (full 0):
 garbage-first heap   total 567296K, used 324003K [0x00000004d5000000, 0x00000005d5000000)
  region size 2048K, 6 young (12288K), 6 survivors (12288K)
 Metaspace       used 185252K, committed 188608K, reserved 1245184K
  class space    used 24721K, committed 26432K, reserved 1048576K
}
Event: 1854.012 GC heap before
{Heap before GC invocations=53 (full 0):
 garbage-first heap   total 567296K, used 520611K [0x00000004d5000000, 0x00000005d5000000)
  region size 2048K, 103 young (210944K), 6 survivors (12288K)
 Metaspace       used 186432K, committed 189824K, reserved 1245184K
  class space    used 24896K, committed 26624K, reserved 1048576K
}
Event: 1854.020 GC heap after
{Heap after GC invocations=54 (full 0):
 garbage-first heap   total 567296K, used 338833K [0x00000004d5000000, 0x00000005d5000000)
  region size 2048K, 13 young (26624K), 13 survivors (26624K)
 Metaspace       used 186432K, committed 189824K, reserved 1245184K
  class space    used 24896K, committed 26624K, reserved 1048576K
}
Event: 1854.189 GC heap before
{Heap before GC invocations=54 (full 0):
 garbage-first heap   total 567296K, used 523153K [0x00000004d5000000, 0x00000005d5000000)
  region size 2048K, 104 young (212992K), 13 survivors (26624K)
 Metaspace       used 186501K, committed 190016K, reserved 1245184K
  class space    used 24898K, committed 26688K, reserved 1048576K
}
Event: 1854.198 GC heap after
{Heap after GC invocations=55 (full 0):
 garbage-first heap   total 567296K, used 343879K [0x00000004d5000000, 0x00000005d5000000)
  region size 2048K, 6 young (12288K), 6 survivors (12288K)
 Metaspace       used 186501K, committed 190016K, reserved 1245184K
  class space    used 24898K, committed 26688K, reserved 1048576K
}
Event: 1854.353 GC heap before
{Heap before GC invocations=56 (full 0):
 garbage-first heap   total 567296K, used 526151K [0x00000004d5000000, 0x00000005d5000000)
  region size 2048K, 96 young (196608K), 6 survivors (12288K)
 Metaspace       used 186627K, committed 190144K, reserved 1245184K
  class space    used 24912K, committed 26688K, reserved 1048576K
}
Event: 1854.361 GC heap after
{Heap after GC invocations=57 (full 0):
 garbage-first heap   total 567296K, used 348435K [0x00000004d5000000, 0x00000005d5000000)
  region size 2048K, 9 young (18432K), 9 survivors (18432K)
 Metaspace       used 186627K, committed 190144K, reserved 1245184K
  class space    used 24912K, committed 26688K, reserved 1048576K
}

Dll operation events (13 events):
Event: 0.013 Loaded shared library /Users/orly/.gradle/jdks/amazon_com_inc_-21-aarch64-os_x.2/amazon-corretto-21.jdk/Contents/Home/lib/libjava.dylib
Event: 0.082 Loaded shared library /Users/orly/.gradle/jdks/amazon_com_inc_-21-aarch64-os_x.2/amazon-corretto-21.jdk/Contents/Home/lib/libzip.dylib
Event: 0.084 Loaded shared library /Users/orly/.gradle/jdks/amazon_com_inc_-21-aarch64-os_x.2/amazon-corretto-21.jdk/Contents/Home/lib/libinstrument.dylib
Event: 0.087 Loaded shared library /Users/orly/.gradle/jdks/amazon_com_inc_-21-aarch64-os_x.2/amazon-corretto-21.jdk/Contents/Home/lib/libnio.dylib
Event: 0.089 Loaded shared library /Users/orly/.gradle/jdks/amazon_com_inc_-21-aarch64-os_x.2/amazon-corretto-21.jdk/Contents/Home/lib/libzip.dylib
Event: 0.154 Loaded shared library /Users/orly/.gradle/jdks/amazon_com_inc_-21-aarch64-os_x.2/amazon-corretto-21.jdk/Contents/Home/lib/libjimage.dylib
Event: 0.254 Loaded shared library /Users/orly/.gradle/jdks/amazon_com_inc_-21-aarch64-os_x.2/amazon-corretto-21.jdk/Contents/Home/lib/libverify.dylib
Event: 0.265 Loaded shared library /Users/orly/.gradle/jdks/amazon_com_inc_-21-aarch64-os_x.2/amazon-corretto-21.jdk/Contents/Home/lib/libnet.dylib
Event: 0.270 Loaded shared library /Users/orly/.gradle/native/660c5614fbf4a5f2a75b1949f50a0caf5cd603558e7d8a26e50b933a0cfb79d1/osx-aarch64/libnative-platform.dylib
Event: 0.277 Loaded shared library /Users/orly/.gradle/native/0.2.8/aarch64-macos/libgradle-fileevents.dylib
Event: 0.703 Loaded shared library /Users/orly/.gradle/jdks/amazon_com_inc_-21-aarch64-os_x.2/amazon-corretto-21.jdk/Contents/Home/lib/libmanagement.dylib
Event: 0.707 Loaded shared library /Users/orly/.gradle/jdks/amazon_com_inc_-21-aarch64-os_x.2/amazon-corretto-21.jdk/Contents/Home/lib/libmanagement_ext.dylib
Event: 0.791 Loaded shared library /Users/orly/.gradle/jdks/amazon_com_inc_-21-aarch64-os_x.2/amazon-corretto-21.jdk/Contents/Home/lib/libextnet.dylib

Deoptimization events (20 events):
Event: 2496.193 Thread 0x0000000915361500 Uncommon trap: trap_request=0xffffffc6 fr.pc=0x0000000118a2ec38 relative=0x0000000000000938
Event: 2496.193 Thread 0x0000000915361500 Uncommon trap: reason=bimorphic_or_optimized_type_check action=maybe_recompile pc=0x0000000118a2ec38 method=org.gradle.internal.classloader.VisitableURLClassLoader.visit(Lorg/gradle/internal/classloader/ClassLoaderVisitor;)V @ 21 c2
Event: 2496.193 Thread 0x0000000915361500 DEOPT PACKING pc=0x0000000118a2ec38 sp=0x00000001730b6680
Event: 2496.193 Thread 0x0000000915361500 DEOPT UNPACKING pc=0x000000011794b01c sp=0x00000001730b6610 mode 2
Event: 2496.194 Thread 0x0000000915361500 Uncommon trap: trap_request=0xffffffde fr.pc=0x00000001180fa8b0 relative=0x0000000000000230
Event: 2496.194 Thread 0x0000000915361500 Uncommon trap: reason=class_check action=maybe_recompile pc=0x00000001180fa8b0 method=org.gradle.internal.classloader.ClassLoaderVisitor.visit(Ljava/lang/ClassLoader;)V @ 12 c2
Event: 2496.194 Thread 0x0000000915361500 DEOPT PACKING pc=0x00000001180fa8b0 sp=0x00000001730b5f00
Event: 2496.194 Thread 0x0000000915361500 DEOPT UNPACKING pc=0x000000011794b01c sp=0x00000001730b5e90 mode 2
Event: 2496.200 Thread 0x0000000915361500 Uncommon trap: trap_request=0xffffffde fr.pc=0x0000000118e57b64 relative=0x0000000000004ea4
Event: 2496.200 Thread 0x0000000915361500 Uncommon trap: reason=class_check action=maybe_recompile pc=0x0000000118e57b64 method=org.gradle.tooling.internal.adapter.ProtocolToModelAdapter$AdaptingMethodInvoker.invoke(Lorg/gradle/tooling/internal/adapter/MethodInvocation;)V @ 5 c2
Event: 2496.200 Thread 0x0000000915361500 DEOPT PACKING pc=0x0000000118e57b64 sp=0x00000001730ba820
Event: 2496.200 Thread 0x0000000915361500 DEOPT UNPACKING pc=0x000000011794b01c sp=0x00000001730ba670 mode 2
Event: 2496.200 Thread 0x0000000915361500 Uncommon trap: trap_request=0xffffffde fr.pc=0x0000000118e57b64 relative=0x0000000000004ea4
Event: 2496.200 Thread 0x0000000915361500 Uncommon trap: reason=class_check action=maybe_recompile pc=0x0000000118e57b64 method=org.gradle.tooling.internal.adapter.ProtocolToModelAdapter$AdaptingMethodInvoker.invoke(Lorg/gradle/tooling/internal/adapter/MethodInvocation;)V @ 5 c2
Event: 2496.200 Thread 0x0000000915361500 DEOPT PACKING pc=0x0000000118e57b64 sp=0x00000001730ba790
Event: 2496.200 Thread 0x0000000915361500 DEOPT UNPACKING pc=0x000000011794b01c sp=0x00000001730ba5e0 mode 2
Event: 2496.200 Thread 0x0000000915361500 Uncommon trap: trap_request=0xffffffde fr.pc=0x0000000118e57b64 relative=0x0000000000004ea4
Event: 2496.200 Thread 0x0000000915361500 Uncommon trap: reason=class_check action=maybe_recompile pc=0x0000000118e57b64 method=org.gradle.tooling.internal.adapter.ProtocolToModelAdapter$AdaptingMethodInvoker.invoke(Lorg/gradle/tooling/internal/adapter/MethodInvocation;)V @ 5 c2
Event: 2496.200 Thread 0x0000000915361500 DEOPT PACKING pc=0x0000000118e57b64 sp=0x00000001730ba790
Event: 2496.200 Thread 0x0000000915361500 DEOPT UNPACKING pc=0x000000011794b01c sp=0x00000001730ba5e0 mode 2

Classes loaded (20 events):
Event: 1854.566 Loading class sun/reflect/misc/MethodUtil$1
Event: 1854.566 Loading class sun/reflect/misc/MethodUtil$1 done
Event: 1854.573 Loading class java/io/FileWriter
Event: 1854.573 Loading class java/io/FileWriter done
Event: 1854.587 Loading class javax/management/MalformedObjectNameException
Event: 1854.587 Loading class javax/management/MalformedObjectNameException done
Event: 1854.587 Loading class javax/management/InstanceAlreadyExistsException
Event: 1854.587 Loading class javax/management/InstanceAlreadyExistsException done
Event: 1854.587 Loading class javax/management/MBeanRegistrationException
Event: 1854.587 Loading class javax/management/MBeanException
Event: 1854.587 Loading class javax/management/MBeanException done
Event: 1854.587 Loading class javax/management/MBeanRegistrationException done
Event: 1854.587 Loading class javax/management/NotCompliantMBeanException
Event: 1854.587 Loading class javax/management/NotCompliantMBeanException done
Event: 1854.587 Loading class javax/management/AttributeNotFoundException
Event: 1854.587 Loading class javax/management/AttributeNotFoundException done
Event: 1854.587 Loading class javax/management/ReflectionException
Event: 1854.587 Loading class javax/management/ReflectionException done
Event: 1854.587 Loading class javax/management/InstanceNotFoundException
Event: 1854.587 Loading class javax/management/InstanceNotFoundException done

Classes unloaded (15 events):
Event: 6.779 Thread 0x0000000915105800 Unloading class 0x00000003018598e8 '_BuildScript_$_run_closure1$_closure2'
Event: 6.779 Thread 0x0000000915105800 Unloading class 0x00000003018594f8 '_BuildScript_$_run_closure1'
Event: 6.779 Thread 0x0000000915105800 Unloading class 0x0000000301859000 '_BuildScript_'
Event: 6.779 Thread 0x0000000915105800 Unloading class 0x00000003018488e8 '_BuildScript_$_run_closure2'
Event: 6.779 Thread 0x0000000915105800 Unloading class 0x00000003018484f8 '_BuildScript_$_run_closure1'
Event: 6.779 Thread 0x0000000915105800 Unloading class 0x0000000301848000 '_BuildScript_'
Event: 10.574 Thread 0x0000000915105800 Unloading class 0x00000003018674b8 '_BuildScript_$_run_closure1$_closure3'
Event: 10.574 Thread 0x0000000915105800 Unloading class 0x00000003018670c8 '_BuildScript_$_run_closure1$_closure2'
Event: 10.574 Thread 0x0000000915105800 Unloading class 0x0000000301866cd8 '_BuildScript_$_run_closure1'
Event: 10.574 Thread 0x0000000915105800 Unloading class 0x00000003018667e0 '_BuildScript_'
Event: 10.574 Thread 0x0000000915105800 Unloading class 0x00000003018663f0 'JetGradlePlugin$_apply_closure1$_closure2$_closure3'
Event: 10.574 Thread 0x0000000915105800 Unloading class 0x0000000301866000 'JetGradlePlugin$_apply_closure1$_closure2'
Event: 10.574 Thread 0x0000000915105800 Unloading class 0x0000000301865400 'JetGradlePlugin$_apply_closure1'
Event: 10.574 Thread 0x0000000915105800 Unloading class 0x0000000301865ad0 'JetGradlePlugin'
Event: 10.574 Thread 0x0000000915105800 Unloading class 0x0000000301865800 'RegistryProcessor'

Classes redefined (0 events):
No events

Internal exceptions (20 events):
Event: 2495.971 Thread 0x0000000915361500 Exception <a 'java/lang/NoSuchMethodError'{0x00000004ed2e82c0}: static Lcom/android/tools/idea/gradle/project/sync/SelectedVariant;.<clinit>()V> (0x00000004ed2e82c0) 
thrown [src/hotspot/share/prims/jni.cpp, line 1111]
Event: 2495.972 Thread 0x0000000915361500 Exception <a 'java/lang/NoSuchMethodError'{0x00000004ed3098a8}: static Lcom/android/tools/idea/gradle/project/sync/VariantDetails;.<clinit>()V> (0x00000004ed3098a8) 
thrown [src/hotspot/share/prims/jni.cpp, line 1111]
Event: 2496.008 Thread 0x0000000915361500 Exception <a 'java/lang/ClassNotFoundException'{0x00000004ece2d1c0}: sync_studio_tooling1_2e4vca95huxnfmvrmon5dk2wwBeanInfo> (0x00000004ece2d1c0) 
thrown [src/hotspot/share/classfile/systemDictionary.cpp, line 313]
Event: 2496.008 Thread 0x0000000915361500 Exception <a 'java/lang/ClassNotFoundException'{0x00000004ece350e0}: sync_studio_tooling1_2e4vca95huxnfmvrmon5dk2wwCustomizer> (0x00000004ece350e0) 
thrown [src/hotspot/share/classfile/systemDictionary.cpp, line 313]
Event: 2496.020 Thread 0x0000000915361500 Exception <a 'java/lang/ClassNotFoundException'{0x00000004ece86e98}: sync_studio_tooling1_2e4vca95huxnfmvrmon5dk2ww$_run_closure1BeanInfo> (0x00000004ece86e98) 
thrown [src/hotspot/share/classfile/systemDictionary.cpp, line 313]
Event: 2496.020 Thread 0x0000000915361500 Exception <a 'java/lang/ClassNotFoundException'{0x00000004ece8edc8}: sync_studio_tooling1_2e4vca95huxnfmvrmon5dk2ww$_run_closure1Customizer> (0x00000004ece8edc8) 
thrown [src/hotspot/share/classfile/systemDictionary.cpp, line 313]
Event: 2496.057 Thread 0x0000000915361500 Exception <a 'java/lang/ClassNotFoundException'{0x00000004ecc20848}: sync_studio_tooling1_2e4vca95huxnfmvrmon5dk2wwBeanInfo> (0x00000004ecc20848) 
thrown [src/hotspot/share/classfile/systemDictionary.cpp, line 313]
Event: 2496.058 Thread 0x0000000915361500 Exception <a 'java/lang/ClassNotFoundException'{0x00000004ecc286f8}: sync_studio_tooling1_2e4vca95huxnfmvrmon5dk2wwCustomizer> (0x00000004ecc286f8) 
thrown [src/hotspot/share/classfile/systemDictionary.cpp, line 313]
Event: 2496.084 Thread 0x0000000915361500 Exception <a 'java/lang/ClassNotFoundException'{0x00000004ecb635b8}: ijInit1_7ojqc73weqlja3povlr1xn3bqBeanInfo> (0x00000004ecb635b8) 
thrown [src/hotspot/share/classfile/systemDictionary.cpp, line 313]
Event: 2496.084 Thread 0x0000000915361500 Exception <a 'java/lang/ClassNotFoundException'{0x00000004ecb6b270}: ijInit1_7ojqc73weqlja3povlr1xn3bqCustomizer> (0x00000004ecb6b270) 
thrown [src/hotspot/share/classfile/systemDictionary.cpp, line 313]
Event: 2496.091 Thread 0x0000000915361500 Exception <a 'java/lang/ClassNotFoundException'{0x00000004ecbc0150}: JetGradlePluginBeanInfo> (0x00000004ecbc0150) 
thrown [src/hotspot/share/classfile/systemDictionary.cpp, line 313]
Event: 2496.091 Thread 0x0000000915361500 Exception <a 'java/lang/ClassNotFoundException'{0x00000004ecbc9f28}: JetGradlePluginCustomizer> (0x00000004ecbc9f28) 
thrown [src/hotspot/share/classfile/systemDictionary.cpp, line 313]
Event: 2496.094 Thread 0x0000000915361500 Exception <a 'java/lang/ClassNotFoundException'{0x00000004ecbf16d8}: com/intellij/gradle/toolingExtension/impl/model/utilDummyModel/DummyModelBeanInfo> (0x00000004ecbf16d8) 
thrown [src/hotspot/share/classfile/systemDictionary.cpp, line 313]
Event: 2496.094 Thread 0x0000000915361500 Exception <a 'java/lang/ClassNotFoundException'{0x00000004ecbfa3d0}: com/intellij/gradle/toolingExtension/impl/model/utilDummyModel/DummyModelCustomizer> (0x00000004ecbfa3d0) 
thrown [src/hotspot/share/classfile/systemDictionary.cpp, line 313]
Event: 2496.099 Thread 0x0000000915361500 Exception <a 'java/lang/ClassNotFoundException'{0x00000004ec851710}: com/intellij/gradle/toolingExtension/impl/modelBuilder/ExtraModelBuilderBeanInfo> (0x00000004ec851710) 
thrown [src/hotspot/share/classfile/systemDictionary.cpp, line 313]
Event: 2496.100 Thread 0x0000000915361500 Exception <a 'java/lang/ClassNotFoundException'{0x00000004ec85a698}: com/intellij/gradle/toolingExtension/impl/modelBuilder/ExtraModelBuilderCustomizer> (0x00000004ec85a698) 
thrown [src/hotspot/share/classfile/systemDictionary.cpp, line 313]
Event: 2496.169 Thread 0x0000000915361500 Exception <a 'sun/nio/fs/UnixException'{0x00000004ec51ddd8}> (0x00000004ec51ddd8) 
thrown [src/hotspot/share/prims/jni.cpp, line 520]
Event: 2496.169 Thread 0x0000000915361500 Exception <a 'sun/nio/fs/UnixException'{0x00000004ec51f458}> (0x00000004ec51f458) 
thrown [src/hotspot/share/prims/jni.cpp, line 520]
Event: 2496.169 Thread 0x0000000915361500 Exception <a 'sun/nio/fs/UnixException'{0x00000004ec520ad0}> (0x00000004ec520ad0) 
thrown [src/hotspot/share/prims/jni.cpp, line 520]
Event: 2496.169 Thread 0x0000000915361500 Exception <a 'sun/nio/fs/UnixException'{0x00000004ec522140}> (0x00000004ec522140) 
thrown [src/hotspot/share/prims/jni.cpp, line 520]

ZGC Phase Switch (0 events):
No events

VM Operations (20 events):
Event: 1970.497 Executing safepoint VM operation: Cleanup
Event: 1970.498 Executing safepoint VM operation: Cleanup done
Event: 1986.555 Executing safepoint VM operation: Cleanup
Event: 1986.555 Executing safepoint VM operation: Cleanup done
Event: 2117.991 Executing safepoint VM operation: Cleanup
Event: 2117.992 Executing safepoint VM operation: Cleanup done
Event: 2184.222 Executing safepoint VM operation: Cleanup
Event: 2184.222 Executing safepoint VM operation: Cleanup done
Event: 2196.676 Executing non-safepoint VM operation: HandshakeAllThreads (Deoptimize)
Event: 2196.676 Executing non-safepoint VM operation: HandshakeAllThreads (Deoptimize) done
Event: 2197.679 Executing safepoint VM operation: Cleanup
Event: 2197.679 Executing safepoint VM operation: Cleanup done
Event: 2241.850 Executing safepoint VM operation: Cleanup
Event: 2241.850 Executing safepoint VM operation: Cleanup done
Event: 2401.449 Executing safepoint VM operation: Cleanup
Event: 2401.451 Executing safepoint VM operation: Cleanup done
Event: 2426.518 Executing safepoint VM operation: Cleanup
Event: 2426.518 Executing safepoint VM operation: Cleanup done
Event: 2496.049 Executing safepoint VM operation: ICBufferFull
Event: 2496.049 Executing safepoint VM operation: ICBufferFull done

Memory protections (20 events):
Event: 2495.922 Protecting memory [0x0000000172ebc000,0x0000000172ec8000] with protection modes 0
Event: 2495.922 Protecting memory [0x000000017268c000,0x0000000172698000] with protection modes 3
Event: 2495.926 Protecting memory [0x000000017268c000,0x0000000172698000] with protection modes 0
Event: 2495.927 Protecting memory [0x00000001730c8000,0x00000001730d4000] with protection modes 0
Event: 2495.927 Protecting memory [0x0000000174128000,0x0000000174134000] with protection modes 0
Event: 2495.942 Protecting memory [0x0000000174334000,0x0000000174340000] with protection modes 0
Event: 2495.944 Protecting memory [0x0000000175fdc000,0x0000000175fe8000] with protection modes 0
Event: 2495.981 Protecting memory [0x00000001761e8000,0x00000001761f4000] with protection modes 0
Event: 2495.987 Protecting memory [0x00000001763f4000,0x0000000176400000] with protection modes 0
Event: 2495.988 Protecting memory [0x0000000176600000,0x000000017660c000] with protection modes 0
Event: 2496.048 Protecting memory [0x000000017680c000,0x0000000176818000] with protection modes 0
Event: 2496.048 Protecting memory [0x0000000176a18000,0x0000000176a24000] with protection modes 0
Event: 2496.072 Protecting memory [0x0000000176c24000,0x0000000176c30000] with protection modes 0
Event: 2496.072 Protecting memory [0x000000017703c000,0x0000000177048000] with protection modes 0
Event: 2496.072 Protecting memory [0x0000000177248000,0x0000000177254000] with protection modes 0
Event: 2496.072 Protecting memory [0x0000000177454000,0x0000000177460000] with protection modes 0
Event: 2496.073 Protecting memory [0x0000000177660000,0x000000017766c000] with protection modes 0
Event: 2496.073 Protecting memory [0x000000017786c000,0x0000000177878000] with protection modes 0
Event: 2496.073 Protecting memory [0x0000000177a78000,0x0000000177a84000] with protection modes 0
Event: 2496.073 Protecting memory [0x0000000177e90000,0x0000000177e9c000] with protection modes 0

Nmethod flushes (20 events):
Event: 1854.180 Thread 0x0000000915105800 flushing  nmethod 0x000000011206cf90
Event: 1854.180 Thread 0x0000000915105800 flushing  nmethod 0x00000001120ea610
Event: 1854.180 Thread 0x0000000915105800 flushing  nmethod 0x00000001123b2c90
Event: 1854.180 Thread 0x0000000915105800 flushing  nmethod 0x0000000112437e90
Event: 1854.180 Thread 0x0000000915105800 flushing  nmethod 0x00000001124b5a90
Event: 1854.180 Thread 0x0000000915105800 flushing  nmethod 0x000000011258a710
Event: 1854.180 Thread 0x0000000915105800 flushing  nmethod 0x00000001125f9c90
Event: 1854.180 Thread 0x0000000915105800 flushing  nmethod 0x0000000112642010
Event: 1854.180 Thread 0x0000000915105800 flushing  nmethod 0x000000011264c510
Event: 1854.180 Thread 0x0000000915105800 flushing  nmethod 0x0000000112858110
Event: 1854.180 Thread 0x0000000915105800 flushing  nmethod 0x0000000112859110
Event: 1854.180 Thread 0x0000000915105800 flushing  nmethod 0x000000011285ba90
Event: 1854.180 Thread 0x0000000915105800 flushing  nmethod 0x0000000112860390
Event: 1854.180 Thread 0x0000000915105800 flushing  nmethod 0x0000000112a48710
Event: 1854.180 Thread 0x0000000915105800 flushing  nmethod 0x0000000112a48b10
Event: 1854.180 Thread 0x0000000915105800 flushing  nmethod 0x0000000112a4d490
Event: 1854.180 Thread 0x0000000915105800 flushing  nmethod 0x0000000112a4f310
Event: 1854.180 Thread 0x0000000915105800 flushing  nmethod 0x0000000112a50b10
Event: 1854.180 Thread 0x0000000915105800 flushing  nmethod 0x0000000112a59e90
Event: 1854.180 Thread 0x0000000915105800 flushing  nmethod 0x0000000112a5ba90

Events (20 events):
Event: 2495.922 Thread 0x0000000915c25c00 Thread added: 0x0000000915361500
Event: 2495.922 Thread 0x0000000915c26300 Thread exited: 0x0000000915c26300
Event: 2495.926 Thread 0x0000000915361500 Thread added: 0x0000000915363800
Event: 2495.927 Thread 0x0000000915361500 Thread added: 0x0000000915c26300
Event: 2495.927 Thread 0x0000000915361500 Thread added: 0x00000009181df100
Event: 2495.942 Thread 0x0000000915361500 Thread added: 0x00000009167d7800
Event: 2495.944 Thread 0x0000000915361500 Thread added: 0x00000009179f2a00
Event: 2495.981 Thread 0x0000000915361500 Thread added: 0x00000009162e2300
Event: 2495.987 Thread 0x0000000915361500 Thread added: 0x00000009162e3100
Event: 2495.988 Thread 0x0000000915361500 Thread added: 0x00000009162e2a00
Event: 2496.048 Thread 0x0000000915361500 Thread added: 0x0000000917d14000
Event: 2496.048 Thread 0x0000000915361500 Thread added: 0x0000000917cc7800
Event: 2496.072 Thread 0x0000000915361500 Thread added: 0x0000000916b1a300
Event: 2496.072 Thread 0x0000000915361500 Thread added: 0x0000000916b18e00
Event: 2496.072 Thread 0x0000000915361500 Thread added: 0x0000000916b19c00
Event: 2496.072 Thread 0x0000000915361500 Thread added: 0x0000000916b1b100
Event: 2496.073 Thread 0x0000000915361500 Thread added: 0x0000000916b1b800
Event: 2496.073 Thread 0x0000000915361500 Thread added: 0x0000000916b1aa00
Event: 2496.073 Thread 0x0000000915361500 Thread added: 0x0000000916b19500
Event: 2496.073 Thread 0x0000000915361500 Thread added: 0x0000000917aa5c00


Dynamic libraries:
0x0000000100e8c000 	/Users/orly/.gradle/jdks/amazon_com_inc_-21-aarch64-os_x.2/amazon-corretto-21.jdk/Contents/Home/lib/libjli.dylib
0x00000001aeaf0000 	/System/Library/Frameworks/Cocoa.framework/Versions/A/Cocoa
0x000000019370d000 	/System/Library/Frameworks/AppKit.framework/Versions/C/AppKit
0x0000000196d4e000 	/System/Library/Frameworks/CoreData.framework/Versions/A/CoreData
0x0000000190b02000 	/System/Library/Frameworks/Foundation.framework/Versions/C/Foundation
0x000000019f0ae000 	/usr/lib/libSystem.B.dylib
0x0000000194e31000 	/System/Library/PrivateFrameworks/UIFoundation.framework/Versions/A/UIFoundation
0x00000002483ae000 	/System/Library/PrivateFrameworks/CollectionViewCore.framework/Versions/A/CollectionViewCore
0x000000019c34f000 	/System/Library/PrivateFrameworks/XCTTargetBootstrap.framework/Versions/A/XCTTargetBootstrap
0x000000025ace1000 	/System/Library/PrivateFrameworks/GenerativeModels.framework/Versions/A/GenerativeModels
0x00000001a1ac6000 	/System/Library/PrivateFrameworks/InternationalSupport.framework/Versions/A/InternationalSupport
0x00000001a1e22000 	/System/Library/PrivateFrameworks/UserActivity.framework/Versions/A/UserActivity
0x00000001973de000 	/System/Library/PrivateFrameworks/BaseBoard.framework/Versions/A/BaseBoard
0x0000000251e90000 	/System/Library/PrivateFrameworks/FrontBoard.framework/Versions/A/FrontBoard
0x00000001a9830000 	/System/Library/PrivateFrameworks/FrontBoardServices.framework/Versions/A/FrontBoardServices
0x0000000293071000 	/usr/lib/libRosetta.dylib
0x000000028637f000 	/System/Library/PrivateFrameworks/UIIntelligenceSupport.framework/Versions/A/UIIntelligenceSupport
0x000000023c6bb000 	/System/Library/Frameworks/SwiftUICore.framework/Versions/A/SwiftUICore
0x000000028cf2b000 	/System/Library/PrivateFrameworks/WritingTools.framework/Versions/A/WritingTools
0x000000028bd22000 	/System/Library/PrivateFrameworks/WindowManagement.framework/Versions/A/WindowManagement
0x0000000190771000 	/System/Library/Frameworks/SystemConfiguration.framework/Versions/A/SystemConfiguration
0x00000001a0d31000 	/usr/lib/libspindump.dylib
0x0000000194fea000 	/System/Library/Frameworks/UniformTypeIdentifiers.framework/Versions/A/UniformTypeIdentifiers
0x000000019e301000 	/usr/lib/libbsm.0.dylib
0x0000000199adf000 	/usr/lib/libapp_launch_measurement.dylib
0x0000000198de9000 	/System/Library/PrivateFrameworks/CoreAnalytics.framework/Versions/A/CoreAnalytics
0x0000000199ae3000 	/System/Library/PrivateFrameworks/CoreAutoLayout.framework/Versions/A/CoreAutoLayout
0x000000019b8c8000 	/System/Library/Frameworks/Metal.framework/Versions/A/Metal
0x000000019cc8c000 	/usr/lib/liblangid.dylib
0x000000019c355000 	/System/Library/PrivateFrameworks/CoreSVG.framework/Versions/A/CoreSVG
0x0000000195a45000 	/System/Library/PrivateFrameworks/SkyLight.framework/Versions/A/SkyLight
0x0000000251bc0000 	/System/Library/PrivateFrameworks/FocusEngine.framework/Versions/A/FocusEngine
0x0000000195ffc000 	/System/Library/Frameworks/CoreGraphics.framework/Versions/A/CoreGraphics
0x000000024f5c9000 	/System/Library/PrivateFrameworks/DesignLibrary.framework/Versions/A/DesignLibrary
0x00000001a7ab1000 	/System/Library/Frameworks/Accelerate.framework/Versions/A/Accelerate
0x00000001a0b26000 	/System/Library/PrivateFrameworks/IconServices.framework/Versions/A/IconServices
0x000000019b8a0000 	/System/Library/Frameworks/IOSurface.framework/Versions/A/IOSurface
0x0000000198e19000 	/usr/lib/libDiagnosticMessagesClient.dylib
0x000000019eff8000 	/usr/lib/libz.1.dylib
0x00000001abf0c000 	/System/Library/Frameworks/ApplicationServices.framework/Versions/A/ApplicationServices
0x000000019c33a000 	/System/Library/PrivateFrameworks/DFRFoundation.framework/Versions/A/DFRFoundation
0x0000000192f5a000 	/usr/lib/libicucore.A.dylib
0x00000001a304f000 	/System/Library/Frameworks/AudioToolbox.framework/Versions/A/AudioToolbox
0x00000001a1dd0000 	/System/Library/PrivateFrameworks/DataDetectorsCore.framework/Versions/A/DataDetectorsCore
0x00000002872cc000 	/System/Library/PrivateFrameworks/UpdateCycle.framework/Versions/A/UpdateCycle
0x00000001c0a54000 	/System/Library/PrivateFrameworks/TextInput.framework/Versions/A/TextInput
0x0000000195989000 	/usr/lib/libMobileGestalt.dylib
0x000000019c03e000 	/System/Library/Frameworks/Carbon.framework/Versions/A/Frameworks/HIToolbox.framework/Versions/A/HIToolbox
0x0000000199343000 	/System/Library/Frameworks/QuartzCore.framework/Versions/A/QuartzCore
0x0000000192b3a000 	/System/Library/Frameworks/Security.framework/Versions/A/Security
0x00000001a7420000 	/System/Library/Frameworks/Carbon.framework/Versions/A/Frameworks/SpeechRecognition.framework/Versions/A/SpeechRecognition
0x00000001997aa000 	/System/Library/PrivateFrameworks/CoreUI.framework/Versions/A/CoreUI
0x00000001923a4000 	/System/Library/Frameworks/CoreAudio.framework/Versions/A/CoreAudio
0x0000000198f14000 	/System/Library/Frameworks/DiskArbitration.framework/Versions/A/DiskArbitration
0x00000001a12cf000 	/System/Library/PrivateFrameworks/MultitouchSupport.framework/Versions/A/MultitouchSupport
0x0000000195987000 	/usr/lib/libenergytrace.dylib
0x00000001b3baa000 	/System/Library/PrivateFrameworks/RenderBox.framework/Versions/A/RenderBox
0x00000001935b2000 	/System/Library/Frameworks/IOKit.framework/Versions/A/IOKit
0x00000001a7832000 	/System/Library/Frameworks/CoreServices.framework/Versions/A/CoreServices
0x0000000199a66000 	/System/Library/PrivateFrameworks/PerformanceAnalysis.framework/Versions/A/PerformanceAnalysis
0x0000000234fa1000 	/System/Library/Frameworks/OpenGL.framework/Versions/A/OpenGL
0x0000000199b2c000 	/usr/lib/libxml2.2.dylib
0x000000019e1e2000 	/System/Library/PrivateFrameworks/MobileKeyBag.framework/Versions/A/MobileKeyBag
0x000000018ede0000 	/usr/lib/libobjc.A.dylib
0x000000018f163000 	/usr/lib/libc++.1.dylib
0x00000001a77b0000 	/System/Library/Frameworks/Accessibility.framework/Versions/A/Accessibility
0x0000000196752000 	/System/Library/Frameworks/ColorSync.framework/Versions/A/ColorSync
0x000000018f293000 	/System/Library/Frameworks/CoreFoundation.framework/Versions/A/CoreFoundation
0x000000019c6d4000 	/System/Library/Frameworks/CoreImage.framework/Versions/A/CoreImage
0x000000019217a000 	/System/Library/Frameworks/CoreText.framework/Versions/A/CoreText
0x00000002369a2000 	/System/Library/Frameworks/CoreTransferable.framework/Versions/A/CoreTransferable
0x0000000236ebd000 	/System/Library/Frameworks/DataDetection.framework/Versions/A/DataDetection
0x0000000236ed4000 	/System/Library/Frameworks/DeveloperToolsSupport.framework/Versions/A/DeveloperToolsSupport
0x000000019c393000 	/System/Library/Frameworks/ImageIO.framework/Versions/A/ImageIO
0x000000023d618000 	/System/Library/Frameworks/Symbols.framework/Versions/A/Symbols
0x00000001c5dea000 	/System/Library/PrivateFrameworks/AttributeGraph.framework/Versions/A/AttributeGraph
0x00000001a990a000 	/System/Library/PrivateFrameworks/BoardServices.framework/Versions/A/BoardServices
0x00000001eb11d000 	/System/Library/PrivateFrameworks/FeatureFlags.framework/Versions/A/FeatureFlags
0x000000025b18c000 	/System/Library/PrivateFrameworks/Gestures.framework/Versions/A/Gestures
0x000000019f0b2000 	/System/Library/PrivateFrameworks/SoftLinking.framework/Versions/A/SoftLinking
0x00000001d4b10000 	/usr/lib/swift/libswiftAccelerate.dylib
0x00000001cac50000 	/usr/lib/swift/libswiftCompression.dylib
0x00000001a29a3000 	/usr/lib/swift/libswiftCore.dylib
0x00000001bcc6c000 	/usr/lib/swift/libswiftCoreFoundation.dylib
0x00000001bcccc000 	/usr/lib/swift/libswiftCoreImage.dylib
0x00000001a95a9000 	/usr/lib/swift/libswiftDispatch.dylib
0x00000001bcccd000 	/usr/lib/swift/libswiftIOKit.dylib
0x00000001cac42000 	/usr/lib/swift/libswiftMetal.dylib
0x00000001da454000 	/usr/lib/swift/libswiftOSLog.dylib
0x00000001ac583000 	/usr/lib/swift/libswiftObjectiveC.dylib
0x00000002947e0000 	/usr/lib/swift/libswiftObservation.dylib
0x00000001d0068000 	/usr/lib/swift/libswiftQuartzCore.dylib
0x00000002948a2000 	/usr/lib/swift/libswiftSpatial.dylib
0x000000029491c000 	/usr/lib/swift/libswiftSynchronization.dylib
0x00000001d4b00000 	/usr/lib/swift/libswiftUniformTypeIdentifiers.dylib
0x00000001bcc7f000 	/usr/lib/swift/libswiftXPC.dylib
0x0000000294962000 	/usr/lib/swift/libswift_Builtin_float.dylib
0x0000000294963000 	/usr/lib/swift/libswift_Concurrency.dylib
0x00000001ac587000 	/usr/lib/swift/libswiftos.dylib
0x00000001c07c6000 	/usr/lib/swift/libswiftsimd.dylib
0x000000019f359000 	/usr/lib/libcompression.dylib
0x00000001a1a2f000 	/System/Library/PrivateFrameworks/TextureIO.framework/Versions/A/TextureIO
0x00000001968fa000 	/System/Library/Frameworks/ApplicationServices.framework/Versions/A/Frameworks/HIServices.framework/Versions/A/HIServices
0x00000001a07b0000 	/usr/lib/libate.dylib
0x000000019f0a8000 	/usr/lib/system/libcache.dylib
0x000000019f063000 	/usr/lib/system/libcommonCrypto.dylib
0x000000019f08e000 	/usr/lib/system/libcompiler_rt.dylib
0x000000019f083000 	/usr/lib/system/libcopyfile.dylib
0x000000018ef96000 	/usr/lib/system/libcorecrypto.dylib
0x000000018f096000 	/usr/lib/system/libdispatch.dylib
0x000000018ee33000 	/usr/lib/system/libdyld.dylib
0x000000019f09e000 	/usr/lib/system/libkeymgr.dylib
0x000000019f046000 	/usr/lib/system/libmacho.dylib
0x000000019e2d9000 	/usr/lib/system/libquarantine.dylib
0x000000019f09b000 	/usr/lib/system/libremovefile.dylib
0x0000000195a09000 	/usr/lib/system/libsystem_asl.dylib
0x000000018ef1c000 	/usr/lib/system/libsystem_blocks.dylib
0x000000018f0e1000 	/usr/lib/system/libsystem_c.dylib
0x000000019f092000 	/usr/lib/system/libsystem_collections.dylib
0x000000019cc79000 	/usr/lib/system/libsystem_configuration.dylib
0x000000019b867000 	/usr/lib/system/libsystem_containermanager.dylib
0x000000019ea78000 	/usr/lib/system/libsystem_coreservices.dylib
0x0000000193230000 	/usr/lib/system/libsystem_darwin.dylib
0x0000000294c84000 	/usr/lib/system/libsystem_darwindirectory.dylib
0x000000019f09f000 	/usr/lib/system/libsystem_dnssd.dylib
0x0000000294c88000 	/usr/lib/system/libsystem_eligibility.dylib
0x000000018f0de000 	/usr/lib/system/libsystem_featureflags.dylib
0x000000018f263000 	/usr/lib/system/libsystem_info.dylib
0x000000019f007000 	/usr/lib/system/libsystem_m.dylib
0x000000018f045000 	/usr/lib/system/libsystem_malloc.dylib
0x000000019596c000 	/usr/lib/system/libsystem_networkextension.dylib
0x000000019369b000 	/usr/lib/system/libsystem_notify.dylib
0x000000019cc7e000 	/usr/lib/system/libsystem_sandbox.dylib
0x0000000294c93000 	/usr/lib/system/libsystem_sanitizers.dylib
0x000000019f097000 	/usr/lib/system/libsystem_secinit.dylib
0x000000018f20f000 	/usr/lib/system/libsystem_kernel.dylib
0x000000018f25a000 	/usr/lib/system/libsystem_platform.dylib
0x000000018f24d000 	/usr/lib/system/libsystem_pthread.dylib
0x00000001975c2000 	/usr/lib/system/libsystem_symptoms.dylib
0x000000018ef75000 	/usr/lib/system/libsystem_trace.dylib
0x0000000294c9b000 	/usr/lib/system/libsystem_trial.dylib
0x000000019f071000 	/usr/lib/system/libunwind.dylib
0x000000018ef20000 	/usr/lib/system/libxpc.dylib
0x000000018f1f4000 	/usr/lib/libc++abi.dylib
0x00000002944ed000 	/usr/lib/libswiftPrespecialized.dylib
0x000000019f0b0000 	/usr/lib/libfakelink.dylib
0x00000001955b6000 	/System/Library/Frameworks/CFNetwork.framework/Versions/A/CFNetwork
0x000000019f103000 	/usr/lib/libarchive.2.dylib
0x00000001a54a4000 	/System/Library/Frameworks/Combine.framework/Versions/A/Combine
0x00000002483d3000 	/System/Library/PrivateFrameworks/CollectionsInternal.framework/Versions/A/CollectionsInternal
0x0000000274419000 	/System/Library/PrivateFrameworks/ReflectionInternal.framework/Versions/A/ReflectionInternal
0x000000027536d000 	/System/Library/PrivateFrameworks/RuntimeInternal.framework/Versions/A/RuntimeInternal
0x00000001b9a2f000 	/usr/lib/swift/libswiftDarwin.dylib
0x0000000294930000 	/usr/lib/swift/libswiftSystem.dylib
0x00000002949ef000 	/usr/lib/swift/libswift_DarwinFoundation1.dylib
0x0000000294a93000 	/usr/lib/swift/libswift_StringProcessing.dylib
0x0000000193532000 	/System/Library/PrivateFrameworks/CoreServicesInternal.framework/Versions/A/CoreServicesInternal
0x000000019f07b000 	/usr/lib/liboah.dylib
0x00000001ab9b7000 	/System/Library/PrivateFrameworks/DiskImages.framework/Versions/A/DiskImages
0x00000001b94d3000 	/System/Library/Frameworks/NetFS.framework/Versions/A/NetFS
0x0000000199aa8000 	/System/Library/Frameworks/CoreServices.framework/Versions/A/Frameworks/FSEvents.framework/Versions/A/FSEvents
0x000000019323a000 	/System/Library/Frameworks/CoreServices.framework/Versions/A/Frameworks/CarbonCore.framework/Versions/A/CarbonCore
0x0000000198e88000 	/System/Library/Frameworks/CoreServices.framework/Versions/A/Frameworks/Metadata.framework/Versions/A/Metadata
0x000000019ea7f000 	/System/Library/Frameworks/CoreServices.framework/Versions/A/Frameworks/OSServices.framework/Versions/A/OSServices
0x000000019f1fb000 	/System/Library/Frameworks/CoreServices.framework/Versions/A/Frameworks/SearchKit.framework/Versions/A/SearchKit
0x000000019753c000 	/System/Library/Frameworks/CoreServices.framework/Versions/A/Frameworks/AE.framework/Versions/A/AE
0x000000018f7f2000 	/System/Library/Frameworks/CoreServices.framework/Versions/A/Frameworks/LaunchServices.framework/Versions/A/LaunchServices
0x00000001a0604000 	/System/Library/Frameworks/CoreServices.framework/Versions/A/Frameworks/DictionaryServices.framework/Versions/A/DictionaryServices
0x0000000199ab5000 	/System/Library/Frameworks/CoreServices.framework/Versions/A/Frameworks/SharedFileList.framework/Versions/A/SharedFileList
0x000000019f28e000 	/usr/lib/libapple_nghttp2.dylib
0x0000000197158000 	/usr/lib/libsqlite3.dylib
0x0000000197341000 	/System/Library/Frameworks/Accounts.framework/Versions/A/Accounts
0x00000001abbf9000 	/System/Library/PrivateFrameworks/AppSupport.framework/Versions/A/AppSupport
0x00000001bba1e000 	/System/Library/Frameworks/AVFoundation.framework/Versions/A/AVFoundation
0x00000001a36de000 	/System/Library/Frameworks/GSS.framework/Versions/A/GSS
0x00000001974d0000 	/System/Library/PrivateFrameworks/RunningBoardServices.framework/Versions/A/RunningBoardServices
0x00000001ac50b000 	/System/Library/PrivateFrameworks/StreamingZip.framework/Versions/A/StreamingZip
0x00000001975cb000 	/System/Library/Frameworks/Network.framework/Versions/A/Network
0x000000019f04a000 	/usr/lib/system/libkxld.dylib
0x00000002439a5000 	/System/Library/PrivateFrameworks/AppleKeyStore.framework/Versions/A/AppleKeyStore
0x0000000292d73000 	/usr/lib/libCoreEntitlements.dylib
0x0000000268ae5000 	/System/Library/PrivateFrameworks/MessageSecurity.framework/Versions/A/MessageSecurity
0x000000019713c000 	/System/Library/PrivateFrameworks/ProtocolBuffer.framework/Versions/A/ProtocolBuffer
0x00000001a89b8000 	/System/Library/PrivateFrameworks/SymptomDiagnosticReporter.framework/Versions/A/SymptomDiagnosticReporter
0x00000001a0849000 	/System/Library/PrivateFrameworks/CrashReporterSupport.framework/Versions/A/CrashReporterSupport
0x000000019ea5f000 	/System/Library/PrivateFrameworks/AppleFSCompression.framework/Versions/A/AppleFSCompression
0x000000019e2e9000 	/usr/lib/libcoretls.dylib
0x00000001a067a000 	/usr/lib/libcoretls_cfhelpers.dylib
0x000000019f353000 	/usr/lib/libpam.2.dylib
0x00000001a06f0000 	/usr/lib/libxar.1.dylib
0x00000001a067c000 	/System/Library/PrivateFrameworks/APFS.framework/Versions/A/APFS
0x0000000280af3000 	/System/Library/PrivateFrameworks/SwiftASN1Internal.framework/Versions/A/SwiftASN1Internal
0x00000001a06ff000 	/usr/lib/libutil.dylib
0x000000019cc87000 	/System/Library/PrivateFrameworks/AppleSystemInfo.framework/Versions/A/AppleSystemInfo
0x000000019dfb0000 	/System/Library/PrivateFrameworks/IOMobileFramebuffer.framework/Versions/A/IOMobileFramebuffer
0x00000001ab317000 	/System/Library/PrivateFrameworks/CoreWiFi.framework/Versions/A/CoreWiFi
0x00000001bcb2c000 	/System/Library/PrivateFrameworks/LoggingSupport.framework/Versions/A/LoggingSupport
0x00000001a3741000 	/System/Library/PrivateFrameworks/MobileAsset.framework/Versions/A/MobileAsset
0x00000001a89c8000 	/System/Library/PrivateFrameworks/PowerLog.framework/Versions/A/PowerLog
0x00000001a9e8a000 	/System/Library/PrivateFrameworks/Rapport.framework/Versions/A/Rapport
0x000000023c54e000 	/System/Library/Frameworks/SwiftData.framework/Versions/A/SwiftData
0x0000000199cd5000 	/System/Library/PrivateFrameworks/UserManagement.framework/Versions/A/UserManagement
0x00000001954dd000 	/usr/lib/libboringssl.dylib
0x00000001975b0000 	/usr/lib/libdns_services.dylib
0x00000001bbb52000 	/usr/lib/libquic.dylib
0x00000001a2934000 	/usr/lib/libusrtcp.dylib
0x000000024485f000 	/System/Library/PrivateFrameworks/AtomicsInternal.framework/Versions/A/AtomicsInternal
0x00000001e2f12000 	/System/Library/PrivateFrameworks/InternalSwiftProtobuf.framework/Versions/A/InternalSwiftProtobuf
0x00000002947b7000 	/usr/lib/swift/libswiftDistributed.dylib
0x000000019cc85000 	/System/Library/PrivateFrameworks/AggregateDictionary.framework/Versions/A/AggregateDictionary
0x000000024508f000 	/System/Library/PrivateFrameworks/BiomeLibrary.framework/Versions/A/BiomeLibrary
0x00000001cbcb5000 	/System/Library/PrivateFrameworks/BiomeStreams.framework/Versions/A/BiomeStreams
0x00000001c7d04000 	/System/Library/PrivateFrameworks/BiomeFoundation.framework/Versions/A/BiomeFoundation
0x00000001d1f62000 	/System/Library/PrivateFrameworks/BiomePubSub.framework/Versions/A/BiomePubSub
0x00000001ad4ee000 	/System/Library/PrivateFrameworks/ProactiveSupport.framework/Versions/A/ProactiveSupport
0x000000023e5ac000 	/System/Library/Frameworks/_LocationEssentials.framework/Versions/A/_LocationEssentials
0x00000001a065b000 	/usr/lib/liblzma.5.dylib
0x00000001abf0d000 	/System/Library/PrivateFrameworks/InternationalTextSearch.framework/Versions/A/InternationalTextSearch
0x00000001c41d7000 	/System/Library/PrivateFrameworks/SoftwareUpdateCoreSupport.framework/Versions/A/SoftwareUpdateCoreSupport
0x00000001cc754000 	/System/Library/PrivateFrameworks/SoftwareUpdateCoreConnect.framework/Versions/A/SoftwareUpdateCoreConnect
0x00000001abab1000 	/System/Library/PrivateFrameworks/RemoteServiceDiscovery.framework/Versions/A/RemoteServiceDiscovery
0x00000001c3dae000 	/System/Library/PrivateFrameworks/MSUDataAccessor.framework/Versions/A/MSUDataAccessor
0x00000001becff000 	/usr/lib/libbootpolicy.dylib
0x00000001abac8000 	/System/Library/PrivateFrameworks/RemoteXPC.framework/Versions/A/RemoteXPC
0x00000001cbb89000 	/usr/lib/libFDR.dylib
0x00000001d1b64000 	/usr/lib/libamsupport.dylib
0x0000000293069000 	/usr/lib/libReverseProxyDevice.dylib
0x0000000243213000 	/System/Library/PrivateFrameworks/AppleDeviceQuerySupport.framework/Versions/A/AppleDeviceQuerySupport
0x00000001d4d2e000 	/usr/lib/libpartition2_dynamic.dylib
0x000000019f26a000 	/System/Library/PrivateFrameworks/AppleSauce.framework/Versions/A/AppleSauce
0x0000000292c1e000 	/usr/lib/libAppleArchive.dylib
0x000000019ea6b000 	/usr/lib/libbz2.1.0.dylib
0x0000000198f1e000 	/System/Library/Frameworks/Accelerate.framework/Versions/A/Frameworks/vImage.framework/Versions/A/vImage
0x00000001a780d000 	/System/Library/Frameworks/Accelerate.framework/Versions/A/Frameworks/vecLib.framework/Versions/A/vecLib
0x00000001a0736000 	/System/Library/Frameworks/Accelerate.framework/Versions/A/Frameworks/vecLib.framework/Versions/A/libvMisc.dylib
0x000000018fcf6000 	/System/Library/Frameworks/Accelerate.framework/Versions/A/Frameworks/vecLib.framework/Versions/A/libBLAS.dylib
0x0000000199c13000 	/System/Library/Frameworks/CoreVideo.framework/Versions/A/CoreVideo
0x00000001a32ee000 	/System/Library/Frameworks/ApplicationServices.framework/Versions/A/Frameworks/ATS.framework/Versions/A/ATS
0x00000001a19bc000 	/System/Library/Frameworks/ApplicationServices.framework/Versions/A/Frameworks/PrintCore.framework/Versions/A/PrintCore
0x00000001a36a7000 	/System/Library/Frameworks/ApplicationServices.framework/Versions/A/Frameworks/QD.framework/Versions/A/QD
0x00000001a36a2000 	/System/Library/Frameworks/ApplicationServices.framework/Versions/A/Frameworks/ColorSyncLegacy.framework/Versions/A/ColorSyncLegacy
0x00000001a32c0000 	/System/Library/Frameworks/ApplicationServices.framework/Versions/A/Frameworks/SpeechSynthesis.framework/Versions/A/SpeechSynthesis
0x000000019bd6e000 	/System/Library/PrivateFrameworks/FontServices.framework/libFontParser.dylib
0x00000001ab7d9000 	/System/Library/PrivateFrameworks/BackBoardServices.framework/Versions/A/BackBoardServices
0x0000000244f94000 	/System/Library/PrivateFrameworks/BackBoardHIDEventFoundation.framework/Versions/A/BackBoardHIDEventFoundation
0x0000000191c96000 	/System/Library/Frameworks/CoreDisplay.framework/Versions/A/CoreDisplay
0x00000001a1315000 	/System/Library/Frameworks/VideoToolbox.framework/Versions/A/VideoToolbox
0x000000019f351000 	/System/Library/Frameworks/MetalPerformanceShaders.framework/Versions/A/MetalPerformanceShaders
0x0000000273323000 	/System/Library/PrivateFrameworks/ProDisplayLibrary.framework/Versions/A/ProDisplayLibrary
0x00000001af60e000 	/System/Library/PrivateFrameworks/IOSurfaceAccelerator.framework/Versions/A/IOSurfaceAccelerator
0x000000019b8bd000 	/System/Library/PrivateFrameworks/IOAccelerator.framework/Versions/A/IOAccelerator
0x000000019bbcc000 	/System/Library/Frameworks/CoreMedia.framework/Versions/A/CoreMedia
0x0000000195a21000 	/System/Library/PrivateFrameworks/TCC.framework/Versions/A/TCC
0x00000001a12cd000 	/System/Library/PrivateFrameworks/WatchdogClient.framework/Versions/A/WatchdogClient
0x00000001bcc4c000 	/usr/lib/swift/libswiftCoreAudio.dylib
0x00000001d8ca1000 	/usr/lib/swift/libswiftCoreMedia.dylib
0x000000029494a000 	/usr/lib/swift/libswiftVideoToolbox.dylib
0x00000001d1fc3000 	/System/Library/PrivateFrameworks/BiomeStorage.framework/Versions/A/BiomeStorage
0x00000002617d4000 	/System/Library/PrivateFrameworks/IntelligencePlatformLibrary.framework/Versions/A/IntelligencePlatformLibrary
0x00000002720e7000 	/System/Library/PrivateFrameworks/PoirotSchematizer.framework/Versions/A/PoirotSchematizer
0x000000024594a000 	/System/Library/PrivateFrameworks/BiomeSync.framework/Versions/A/BiomeSync
0x0000000245075000 	/System/Library/PrivateFrameworks/BiomeDSL.framework/Versions/A/BiomeDSL
0x0000000272155000 	/System/Library/PrivateFrameworks/PoirotUDFs.framework/Versions/A/PoirotUDFs
0x00000002949f2000 	/usr/lib/swift/libswift_DarwinFoundation2.dylib
0x00000002949f3000 	/usr/lib/swift/libswift_DarwinFoundation3.dylib
0x00000001a9e7f000 	/System/Library/PrivateFrameworks/CoreTime.framework/Versions/A/CoreTime
0x000000019f0e8000 	/usr/lib/libiconv.2.dylib
0x000000019f045000 	/usr/lib/libcharset.1.dylib
0x00000002720aa000 	/System/Library/PrivateFrameworks/PoirotSQLite.framework/Versions/A/PoirotSQLite
0x00000002949f4000 	/usr/lib/swift/libswift_RegexParser.dylib
0x0000000246f80000 	/System/Library/PrivateFrameworks/CascadeSets.framework/Versions/A/CascadeSets
0x00000001a38b8000 	/System/Library/PrivateFrameworks/CorePhoneNumbers.framework/Versions/A/CorePhoneNumbers
0x00000001a10c7000 	/System/Library/PrivateFrameworks/AppleJPEG.framework/Versions/A/AppleJPEG
0x00000001a0aa0000 	/usr/lib/libexpat.1.dylib
0x00000001a1892000 	/System/Library/Frameworks/ImageIO.framework/Versions/A/Resources/libPng.dylib
0x00000001a18bd000 	/System/Library/Frameworks/ImageIO.framework/Versions/A/Resources/libTIFF.dylib
0x00000001a19a5000 	/System/Library/Frameworks/ImageIO.framework/Versions/A/Resources/libGIF.dylib
0x00000001a110c000 	/System/Library/Frameworks/ImageIO.framework/Versions/A/Resources/libJP2.dylib
0x00000001a194c000 	/System/Library/Frameworks/ImageIO.framework/Versions/A/Resources/libJPEG.dylib
0x00000001a1943000 	/System/Library/Frameworks/ImageIO.framework/Versions/A/Resources/libRadiance.dylib
0x0000000257424000 	/System/Library/PrivateFrameworks/GPUCompiler.framework/Versions/32023/Libraries/libllvm-flatbuffers.dylib
0x0000000251e83000 	/System/Library/PrivateFrameworks/FramePacing.framework/Versions/A/FramePacing
0x0000000234f93000 	/System/Library/Frameworks/OpenGL.framework/Versions/A/Libraries/libCoreFSCache.dylib
0x0000000252fb1000 	/System/Library/PrivateFrameworks/GPUCompiler.framework/Versions/32023/Libraries/libGPUCompilerUtils.dylib
0x00000001a99d7000 	/System/Library/PrivateFrameworks/GraphicsServices.framework/Versions/A/GraphicsServices
0x0000000234ff2000 	/System/Library/Frameworks/OpenGL.framework/Versions/A/Libraries/libGLU.dylib
0x0000000234fb5000 	/System/Library/Frameworks/OpenGL.framework/Versions/A/Libraries/libGFXShared.dylib
0x0000000235182000 	/System/Library/Frameworks/OpenGL.framework/Versions/A/Libraries/libGL.dylib
0x0000000234fbe000 	/System/Library/Frameworks/OpenGL.framework/Versions/A/Libraries/libGLImage.dylib
0x0000000234fb2000 	/System/Library/Frameworks/OpenGL.framework/Versions/A/Libraries/libCVMSPluginSupport.dylib
0x0000000234f9b000 	/System/Library/Frameworks/OpenGL.framework/Versions/A/Libraries/libCoreVMClient.dylib
0x00000001a193e000 	/System/Library/PrivateFrameworks/GPUWrangler.framework/Versions/A/GPUWrangler
0x00000001a191e000 	/System/Library/PrivateFrameworks/IOPresentment.framework/Versions/A/IOPresentment
0x00000001a1946000 	/System/Library/PrivateFrameworks/DSExternalDisplay.framework/Versions/A/DSExternalDisplay
0x00000002889a9000 	/System/Library/PrivateFrameworks/VideoToolboxParavirtualizationSupport.framework/Versions/A/VideoToolboxParavirtualizationSupport
0x00000001a0a57000 	/System/Library/PrivateFrameworks/AppleVA.framework/Versions/A/AppleVA
0x000000023701e000 	/System/Library/Frameworks/ExtensionFoundation.framework/Versions/A/ExtensionFoundation
0x00000001a19ab000 	/System/Library/PrivateFrameworks/CMCaptureCore.framework/Versions/A/CMCaptureCore
0x00000001a0d24000 	/System/Library/PrivateFrameworks/AppServerSupport.framework/Versions/A/AppServerSupport
0x00000001a36b0000 	/System/Library/PrivateFrameworks/perfdata.framework/Versions/A/perfdata
0x0000000191db7000 	/System/Library/PrivateFrameworks/AudioToolboxCore.framework/Versions/A/AudioToolboxCore
0x000000019bba2000 	/System/Library/PrivateFrameworks/caulk.framework/Versions/A/caulk
0x00000001a32a6000 	/usr/lib/libAudioStatistics.dylib
0x00000001bbc47000 	/System/Library/PrivateFrameworks/SystemPolicy.framework/Versions/A/SystemPolicy
0x00000001a3554000 	/usr/lib/libSMC.dylib
0x00000001c35bd000 	/usr/lib/swift/libswiftCoreMIDI.dylib
0x00000001ae8fd000 	/System/Library/Frameworks/CoreMIDI.framework/Versions/A/CoreMIDI
0x00000001a186c000 	/usr/lib/libAudioToolboxUtility.dylib
0x00000001a36be000 	/usr/lib/libperfcheck.dylib
0x000000024492e000 	/System/Library/PrivateFrameworks/AudioAnalytics.framework/Versions/A/AudioAnalytics
0x00000001e2bfe000 	/System/Library/Frameworks/OSLog.framework/Versions/A/OSLog
0x000000026db57000 	/System/Library/PrivateFrameworks/OSEligibility.framework/Versions/A/OSEligibility
0x0000000238405000 	/System/Library/Frameworks/LightweightCodeRequirements.framework/Versions/A/LightweightCodeRequirements
0x00000001a09a0000 	/System/Library/PrivateFrameworks/PlugInKit.framework/Versions/A/PlugInKit
0x000000019e1fa000 	/System/Library/PrivateFrameworks/AssertionServices.framework/Versions/A/AssertionServices
0x00000001a0ac5000 	/System/Library/PrivateFrameworks/IconFoundation.framework/Versions/A/IconFoundation
0x000000025e360000 	/System/Library/PrivateFrameworks/IconRendering.framework/Versions/A/IconRendering
0x0000000275552000 	/System/Library/PrivateFrameworks/SFSymbols.framework/Versions/A/SFSymbols
0x00000001a0cd4000 	/System/Library/PrivateFrameworks/GraphVisualizer.framework/Versions/A/GraphVisualizer
0x0000000251d8e000 	/System/Library/PrivateFrameworks/FontServices.framework/Versions/A/FontServices
0x00000001a0ce4000 	/System/Library/PrivateFrameworks/OTSVG.framework/Versions/A/OTSVG
0x0000000199759000 	/System/Library/Frameworks/ApplicationServices.framework/Versions/A/Frameworks/ATS.framework/Versions/A/Resources/libFontRegistry.dylib
0x0000000293b43000 	/usr/lib/libhvf.dylib
0x000000026e7e4000 	/System/Library/PrivateFrameworks/ParsingInternal.framework/Versions/A/ParsingInternal
0x0000000251d92000 	/System/Library/PrivateFrameworks/FontServices.framework/libXTFontStaticRegistryData.dylib
0x000000019cbbf000 	/System/Library/Frameworks/MetalPerformanceShaders.framework/Versions/A/Frameworks/MPSCore.framework/Versions/A/MPSCore
0x000000019e9ca000 	/System/Library/Frameworks/MetalPerformanceShaders.framework/Versions/A/Frameworks/MPSImage.framework/Versions/A/MPSImage
0x000000019e389000 	/System/Library/Frameworks/MetalPerformanceShaders.framework/Versions/A/Frameworks/MPSNeuralNetwork.framework/Versions/A/MPSNeuralNetwork
0x000000019e7c8000 	/System/Library/Frameworks/MetalPerformanceShaders.framework/Versions/A/Frameworks/MPSMatrix.framework/Versions/A/MPSMatrix
0x000000019e5e0000 	/System/Library/Frameworks/MetalPerformanceShaders.framework/Versions/A/Frameworks/MPSRayIntersector.framework/Versions/A/MPSRayIntersector
0x000000019e7fa000 	/System/Library/Frameworks/MetalPerformanceShaders.framework/Versions/A/Frameworks/MPSNDArray.framework/Versions/A/MPSNDArray
0x000000023928a000 	/System/Library/Frameworks/MetalPerformanceShaders.framework/Versions/A/Frameworks/MPSFunctions.framework/Versions/A/MPSFunctions
0x000000023926b000 	/System/Library/Frameworks/MetalPerformanceShaders.framework/Versions/A/Frameworks/MPSBenchmarkLoop.framework/Versions/A/MPSBenchmarkLoop
0x000000023929e000 	/System/Library/Frameworks/MetalPerformanceShaders.framework/Versions/A/Frameworks/MPSHost.framework/Versions/A/MPSHost
0x000000018fb0d000 	/System/Library/PrivateFrameworks/MetalTools.framework/Versions/A/MetalTools
0x00000001c1eed000 	/System/Library/PrivateFrameworks/IOAccelMemoryInfo.framework/Versions/A/IOAccelMemoryInfo
0x00000001d045b000 	/System/Library/PrivateFrameworks/kperf.framework/Versions/A/kperf
0x00000001bcc48000 	/System/Library/PrivateFrameworks/GPURawCounter.framework/Versions/A/GPURawCounter
0x00000001ad679000 	/System/Library/PrivateFrameworks/ASEProcessing.framework/Versions/A/ASEProcessing
0x00000001de56a000 	/System/Library/PrivateFrameworks/Symbolication.framework/Versions/A/Symbolication
0x0000000271c95000 	/System/Library/PrivateFrameworks/PhotosensitivityProcessing.framework/Versions/A/PhotosensitivityProcessing
0x00000002755d8000 	/System/Library/PrivateFrameworks/SILManager.framework/Versions/A/SILManager
0x00000001a9d23000 	/System/Library/PrivateFrameworks/CoreSymbolication.framework/Versions/A/CoreSymbolication
0x00000001bcbbb000 	/System/Library/PrivateFrameworks/MallocStackLogging.framework/Versions/A/MallocStackLogging
0x00000001a9d01000 	/System/Library/PrivateFrameworks/DebugSymbols.framework/Versions/A/DebugSymbols
0x00000001cebac000 	/System/Library/PrivateFrameworks/OSAnalytics.framework/Versions/A/OSAnalytics
0x000000024fae9000 	/System/Library/PrivateFrameworks/DeviceRecovery.framework/Versions/A/DeviceRecovery
0x0000000284231000 	/System/Library/PrivateFrameworks/Tightbeam.framework/Versions/A/Tightbeam
0x00000001d529d000 	/System/Library/PrivateFrameworks/AFKUser.framework/Versions/A/AFKUser
0x000000019ee3c000 	/System/Library/Frameworks/UserNotifications.framework/Versions/A/UserNotifications
0x00000001c2684000 	/System/Library/PrivateFrameworks/SiriInstrumentation.framework/Versions/A/SiriInstrumentation
0x0000000277a68000 	/System/Library/PrivateFrameworks/SiriAnalytics.framework/Versions/A/SiriAnalytics
0x00000001bfde3000 	/System/Library/PrivateFrameworks/FeedbackLogger.framework/Versions/A/FeedbackLogger
0x00000001da6ed000 	/usr/lib/swift/libswiftAVFoundation.dylib
0x0000000286a5a000 	/System/Library/PrivateFrameworks/UnifiedAssetFramework.framework/Versions/A/UnifiedAssetFramework
0x00000001a3225000 	/System/Library/PrivateFrameworks/AudioSession.framework/Versions/A/AudioSession
0x00000001a0be5000 	/System/Library/PrivateFrameworks/MediaExperience.framework/Versions/A/MediaExperience
0x00000001a2ff9000 	/System/Library/PrivateFrameworks/AudioSession.framework/libSessionUtility.dylib
0x00000001a88ad000 	/System/Library/Frameworks/CoreBluetooth.framework/Versions/A/CoreBluetooth
0x000000019e06d000 	/System/Library/PrivateFrameworks/CoreUtils.framework/Versions/A/CoreUtils
0x00000001b48de000 	/System/Library/PrivateFrameworks/HID.framework/Versions/A/HID
0x000000024e9da000 	/System/Library/PrivateFrameworks/CoreUtilsExtras.framework/Versions/A/CoreUtilsExtras
0x000000025e2b5000 	/System/Library/PrivateFrameworks/IO80211.framework/Versions/A/IO80211
0x00000001a51f0000 	/System/Library/Frameworks/IOBluetooth.framework/Versions/A/IOBluetooth
0x00000002947ff000 	/usr/lib/swift/libswiftRegexBuilder.dylib
0x00000001a0840000 	/usr/lib/libIOReport.dylib
0x00000001eb1a2000 	/System/Library/PrivateFrameworks/WiFiPeerToPeer.framework/Versions/A/WiFiPeerToPeer
0x000000019e209000 	/System/Library/Frameworks/SecurityFoundation.framework/Versions/A/SecurityFoundation
0x0000000247034000 	/System/Library/PrivateFrameworks/Centauri.framework/Versions/A/Centauri
0x00000001904f1000 	/System/Library/PrivateFrameworks/Lexicon.framework/Versions/A/Lexicon
0x0000000293f93000 	/usr/lib/libmrc.dylib
0x000000025e320000 	/System/Library/PrivateFrameworks/IPConfiguration.framework/Versions/A/IPConfiguration
0x00000001ded41000 	/System/Library/PrivateFrameworks/Netrb.framework/Versions/A/Netrb
0x000000019e372000 	/usr/lib/libgermantok.dylib
0x000000019cdae000 	/System/Library/PrivateFrameworks/LinguisticData.framework/Versions/A/LinguisticData
0x00000001a8ab6000 	/System/Library/PrivateFrameworks/MediaKit.framework/Versions/A/MediaKit
0x00000001a8a04000 	/System/Library/Frameworks/DiscRecording.framework/Versions/A/DiscRecording
0x00000001a0abb000 	/usr/lib/libheimdal-asn1.dylib
0x00000001ac4e1000 	/System/Library/Frameworks/AudioUnit.framework/Versions/A/AudioUnit
0x0000000199a70000 	/System/Library/Frameworks/OpenDirectory.framework/Versions/A/OpenDirectory
0x0000000199a7e000 	/System/Library/Frameworks/OpenDirectory.framework/Versions/A/Frameworks/CFOpenDirectory.framework/Versions/A/CFOpenDirectory
0x00000001a5598000 	/System/Library/PrivateFrameworks/GeoServices.framework/Versions/A/GeoServices
0x00000001a2fbf000 	/System/Library/PrivateFrameworks/LocationSupport.framework/Versions/A/LocationSupport
0x000000025afde000 	/System/Library/PrivateFrameworks/GeoServicesCore.framework/Versions/A/GeoServicesCore
0x00000001b57e2000 	/System/Library/PrivateFrameworks/PhoneNumbers.framework/Versions/A/PhoneNumbers
0x0000000263766000 	/System/Library/PrivateFrameworks/LocationLogEncryption.framework/Versions/A/LocationLogEncryption
0x000000023550e000 	/System/Library/Frameworks/AVFAudio.framework/Versions/A/AVFAudio
0x0000000235652000 	/System/Library/Frameworks/AVRouting.framework/Versions/A/AVRouting
0x00000001b58fa000 	/usr/lib/libAccessibility.dylib
0x0000000262150000 	/System/Library/PrivateFrameworks/IsolatedCoreAudioClient.framework/Versions/A/IsolatedCoreAudioClient
0x000000024a7ce000 	/System/Library/PrivateFrameworks/CoreAudioOrchestration.framework/Versions/A/CoreAudioOrchestration
0x00000001a1e93000 	/System/Library/Frameworks/MediaToolbox.framework/Versions/A/MediaToolbox
0x00000001a8bdc000 	/System/Library/PrivateFrameworks/CoreAVCHD.framework/Versions/A/CoreAVCHD
0x00000001a7b00000 	/System/Library/Frameworks/MediaAccessibility.framework/Versions/A/MediaAccessibility
0x00000001a8bd8000 	/System/Library/PrivateFrameworks/Mangrove.framework/Versions/A/Mangrove
0x0000000246670000 	/System/Library/PrivateFrameworks/CMPhoto.framework/Versions/A/CMPhoto
0x00000001a93a5000 	/System/Library/Frameworks/CoreTelephony.framework/Versions/A/CoreTelephony
0x00000001a8bcb000 	/System/Library/PrivateFrameworks/CoreAUC.framework/Versions/A/CoreAUC
0x00000002437d6000 	/System/Library/PrivateFrameworks/AppleJPEGXL.framework/Versions/A/AppleJPEGXL
0x00000001a38c8000 	/usr/lib/libTelephonyUtilDynamic.dylib
0x00000001e5d1f000 	/System/Library/Frameworks/CryptoKit.framework/Versions/A/CryptoKit
0x00000001ac4dc000 	/System/Library/PrivateFrameworks/CryptoKitCBridging.framework/Versions/A/CryptoKitCBridging
0x00000001a99e9000 	/System/Library/Frameworks/CryptoTokenKit.framework/Versions/A/CryptoTokenKit
0x000000024f559000 	/System/Library/PrivateFrameworks/Dendrite.framework/Versions/A/Dendrite
0x00000001bc7ec000 	/System/Library/Frameworks/NaturalLanguage.framework/Versions/A/NaturalLanguage
0x00000001eb129000 	/usr/lib/swift/libswiftNaturalLanguage.dylib
0x000000024434d000 	/System/Library/PrivateFrameworks/AppleMobileFileIntegrity.framework/Versions/A/AppleMobileFileIntegrity
0x00000002930e1000 	/usr/lib/libTLE.dylib
0x00000001bcbed000 	/usr/lib/libmis.dylib
0x00000001f4871000 	/System/Library/PrivateFrameworks/ConfigProfileHelper.framework/Versions/A/ConfigProfileHelper
0x00000001ac66b000 	/System/Library/PrivateFrameworks/Espresso.framework/Versions/A/Espresso
0x000000019a200000 	/System/Library/Frameworks/CoreML.framework/Versions/A/CoreML
0x00000001e8fd5000 	/usr/lib/libedit.3.dylib
0x000000023231c000 	/System/Library/PrivateFrameworks/ANECompiler.framework/Versions/A/ANECompiler
0x00000001ae741000 	/System/Library/PrivateFrameworks/AppleNeuralEngine.framework/Versions/A/AppleNeuralEngine
0x0000000263884000 	/System/Library/PrivateFrameworks/MIL.framework/Versions/A/MIL
0x00000002392a4000 	/System/Library/Frameworks/MetalPerformanceShadersGraph.framework/Versions/A/MetalPerformanceShadersGraph
0x0000000263ff3000 	/System/Library/PrivateFrameworks/MLCompilerServices.framework/Versions/A/MLCompilerServices
0x00000001ad4bd000 	/System/Library/PrivateFrameworks/ANEServices.framework/Versions/A/ANEServices
0x00000001c1eb0000 	/usr/lib/libncurses.5.4.dylib
0x00000001936ae000 	/usr/lib/libsandbox.1.dylib
0x00000001a09e1000 	/usr/lib/libMatch.1.dylib
0x000000026d8d9000 	/System/Library/PrivateFrameworks/ODIE.framework/Versions/A/ODIE
0x0000000266c80000 	/System/Library/PrivateFrameworks/MLModelAsset.framework/Versions/A/MLModelAsset
0x0000000263f99000 	/System/Library/PrivateFrameworks/MLCompilerRuntime.framework/Versions/A/MLCompilerRuntime
0x000000019e635000 	/System/Library/Frameworks/MLCompute.framework/Versions/A/MLCompute
0x0000000263f1b000 	/System/Library/PrivateFrameworks/MLAssetIO.framework/Versions/A/MLAssetIO
0x00000002947d1000 	/usr/lib/swift/libswiftMLCompute.dylib
0x00000001a95c0000 	/System/Library/PrivateFrameworks/AVFCore.framework/Versions/A/AVFCore
0x00000001b31fb000 	/System/Library/PrivateFrameworks/AVFCapture.framework/Versions/A/AVFCapture
0x0000000246467000 	/System/Library/PrivateFrameworks/CMImaging.framework/Versions/A/CMImaging
0x00000001b343d000 	/System/Library/PrivateFrameworks/Quagga.framework/Versions/A/Quagga
0x00000001b356e000 	/System/Library/PrivateFrameworks/CMCapture.framework/Versions/A/CMCapture
0x00000001a3451000 	/System/Library/Frameworks/CoreMediaIO.framework/Versions/A/CoreMediaIO
0x00000002463a2000 	/System/Library/PrivateFrameworks/CMCaptureDevice.framework/Versions/A/CMCaptureDevice
0x00000001a0e1d000 	/System/Library/PrivateFrameworks/CoreBrightness.framework/Versions/A/CoreBrightness
0x000000024752b000 	/System/Library/PrivateFrameworks/CinematicFraming.framework/Versions/A/CinematicFraming
0x0000000269dbd000 	/System/Library/PrivateFrameworks/ModelManagerServices.framework/Versions/A/ModelManagerServices
0x00000001d7755000 	/System/Library/PrivateFrameworks/CPMS.framework/Versions/A/CPMS
0x0000000281961000 	/System/Library/PrivateFrameworks/SystemStatus.framework/Versions/A/SystemStatus
0x00000001bb61c000 	/System/Library/Frameworks/CoreMotion.framework/Versions/A/CoreMotion
0x00000001cbc34000 	/System/Library/PrivateFrameworks/TimeSync.framework/Versions/A/TimeSync
0x000000024ff21000 	/System/Library/PrivateFrameworks/DistributedSensing.framework/Versions/A/DistributedSensing
0x00000001c7013000 	/System/Library/PrivateFrameworks/MobileBluetooth.framework/Versions/A/MobileBluetooth
0x00000001cd8f8000 	/System/Library/PrivateFrameworks/IOKitten.framework/Versions/A/IOKitten
0x0000000243650000 	/System/Library/PrivateFrameworks/AppleIntelligenceReporting.framework/Versions/A/AppleIntelligenceReporting
0x000000019df7c000 	/System/Library/PrivateFrameworks/CoreEmoji.framework/Versions/A/CoreEmoji
0x0000000190805000 	/usr/lib/libCRFSuite.dylib
0x0000000191ae6000 	/System/Library/PrivateFrameworks/LanguageModeling.framework/Versions/A/LanguageModeling
0x000000019cc8e000 	/System/Library/PrivateFrameworks/CoreNLP.framework/Versions/A/CoreNLP
0x0000000196a63000 	/System/Library/PrivateFrameworks/Montreal.framework/Versions/A/Montreal
0x000000019f0f0000 	/usr/lib/libcmph.dylib
0x000000019e313000 	/usr/lib/libmecab.dylib
0x000000019f261000 	/usr/lib/libThaiTokenizer.dylib
0x000000025adc3000 	/System/Library/PrivateFrameworks/GenerativeModelsFoundation.framework/Versions/A/GenerativeModelsFoundation
0x0000000284736000 	/System/Library/PrivateFrameworks/TokenGeneration.framework/Versions/A/TokenGeneration
0x000000025ab97000 	/System/Library/PrivateFrameworks/GenerativeFunctions.framework/Versions/A/GenerativeFunctions
0x000000025abe5000 	/System/Library/PrivateFrameworks/GenerativeFunctionsFoundation.framework/Versions/A/GenerativeFunctionsFoundation
0x0000000269a7e000 	/System/Library/PrivateFrameworks/ModelCatalog.framework/Versions/A/ModelCatalog
0x0000000276c82000 	/System/Library/PrivateFrameworks/SensitiveContentAnalysisML.framework/Versions/A/SensitiveContentAnalysisML
0x000000025ac7b000 	/System/Library/PrivateFrameworks/GenerativeFunctionsInstrumentation.framework/Versions/A/GenerativeFunctionsInstrumentation
0x0000000273aab000 	/System/Library/PrivateFrameworks/PromptKit.framework/Versions/A/PromptKit
0x00000002734c1000 	/System/Library/PrivateFrameworks/ProactiveDaemonSupport.framework/Versions/A/ProactiveDaemonSupport
0x000000028496e000 	/System/Library/PrivateFrameworks/TokenGenerationCore.framework/Versions/A/TokenGenerationCore
0x00000001bd6bb000 	/System/Library/PrivateFrameworks/Trial.framework/Versions/A/Trial
0x00000001bd63c000 	/System/Library/PrivateFrameworks/TrialProto.framework/Versions/A/TrialProto
0x000000024327a000 	/System/Library/PrivateFrameworks/AppleFlatBuffers.framework/Versions/A/AppleFlatBuffers
0x0000000276f52000 	/System/Library/PrivateFrameworks/SentencePieceInternal.framework/Versions/A/SentencePieceInternal
0x00000001a7b5a000 	/System/Library/Frameworks/Vision.framework/Versions/A/Vision
0x000000024e678000 	/System/Library/PrivateFrameworks/CoreSceneUnderstanding.framework/Versions/A/CoreSceneUnderstanding
0x00000002895bf000 	/System/Library/PrivateFrameworks/VisionCore.framework/Versions/A/VisionCore
0x00000001c5fa1000 	/System/Library/Frameworks/Vision.framework/libfaceCore.dylib
0x00000001c6abb000 	/System/Library/PrivateFrameworks/Futhark.framework/Versions/A/Futhark
0x00000001caa09000 	/System/Library/PrivateFrameworks/InertiaCam.framework/Versions/A/InertiaCam
0x00000001c6848000 	/System/Library/PrivateFrameworks/TextRecognition.framework/Versions/A/TextRecognition
0x00000001a087e000 	/System/Library/PrivateFrameworks/CVNLP.framework/Versions/A/CVNLP
0x00000001e30e9000 	/System/Library/PrivateFrameworks/HIDDisplay.framework/Versions/A/HIDDisplay
0x00000001a1977000 	/System/Library/Frameworks/ApplicationServices.framework/Versions/A/Frameworks/ATSUI.framework/Versions/A/ATSUI
0x00000001a3635000 	/usr/lib/libcups.2.dylib
0x00000001a36cc000 	/System/Library/Frameworks/Kerberos.framework/Versions/A/Kerberos
0x00000001a333c000 	/usr/lib/libresolv.9.dylib
0x00000001a0d38000 	/System/Library/PrivateFrameworks/Heimdal.framework/Versions/A/Heimdal
0x00000001ac4e0000 	/System/Library/Frameworks/Kerberos.framework/Versions/A/Libraries/libHeimdalProxy.dylib
0x00000001a3730000 	/System/Library/PrivateFrameworks/CommonAuth.framework/Versions/A/CommonAuth
0x00000001b57ee000 	/System/Library/PrivateFrameworks/AXCoreUtilities.framework/Versions/A/AXCoreUtilities
0x0000000292be1000 	/usr/lib/libAXSafeCategoryBundle.dylib
0x000000023d632000 	/System/Library/Frameworks/TabularData.framework/Versions/A/TabularData
0x00000002444fd000 	/System/Library/PrivateFrameworks/ArgumentParserInternal.framework/Versions/A/ArgumentParserInternal
0x000000019de3e000 	/System/Library/Frameworks/Accelerate.framework/Versions/A/Frameworks/vecLib.framework/Versions/A/libvDSP.dylib
0x000000019f433000 	/System/Library/Frameworks/Accelerate.framework/Versions/A/Frameworks/vecLib.framework/Versions/A/libLAPACK.dylib
0x000000019e375000 	/System/Library/Frameworks/Accelerate.framework/Versions/A/Frameworks/vecLib.framework/Versions/A/libLinearAlgebra.dylib
0x000000019f2a7000 	/System/Library/Frameworks/Accelerate.framework/Versions/A/Frameworks/vecLib.framework/Versions/A/libSparseBLAS.dylib
0x000000019f42e000 	/System/Library/Frameworks/Accelerate.framework/Versions/A/Frameworks/vecLib.framework/Versions/A/libQuadrature.dylib
0x000000019cdb5000 	/System/Library/Frameworks/Accelerate.framework/Versions/A/Frameworks/vecLib.framework/Versions/A/libBNNS.dylib
0x0000000190601000 	/System/Library/Frameworks/Accelerate.framework/Versions/A/Frameworks/vecLib.framework/Versions/A/libSparse.dylib
0x00000001a3694000 	/System/Library/PrivateFrameworks/NetAuth.framework/Versions/A/NetAuth
0x0000000199c94000 	/System/Library/PrivateFrameworks/login.framework/Versions/A/Frameworks/loginsupport.framework/Versions/A/loginsupport
0x000000019e2dd000 	/usr/lib/libCheckFix.dylib
0x0000000198e1b000 	/System/Library/PrivateFrameworks/MetadataUtilities.framework/Versions/A/MetadataUtilities
0x000000025eda7000 	/System/Library/PrivateFrameworks/InstalledContentLibrary.framework/Versions/A/InstalledContentLibrary
0x0000000193572000 	/System/Library/PrivateFrameworks/CoreServicesStore.framework/Versions/A/CoreServicesStore
0x00000001d0572000 	/System/Library/PrivateFrameworks/MobileSystemServices.framework/Versions/A/MobileSystemServices
0x00000001a0703000 	/usr/lib/libxslt.1.dylib
0x000000019e29c000 	/System/Library/PrivateFrameworks/BackgroundTaskManagement.framework/Versions/A/BackgroundTaskManagement
0x00000001abb72000 	/usr/lib/libcurl.4.dylib
0x00000002938f7000 	/usr/lib/libcrypto.46.dylib
0x000000029447a000 	/usr/lib/libssl.48.dylib
0x00000001ab84c000 	/System/Library/Frameworks/LDAP.framework/Versions/A/LDAP
0x00000001ab888000 	/System/Library/PrivateFrameworks/TrustEvaluationAgent.framework/Versions/A/TrustEvaluationAgent
0x00000001a3359000 	/usr/lib/libsasl2.2.dylib
0x00000001b9a2e000 	/usr/lib/swift/libswiftCoreGraphics.dylib
0x00000001a81f4000 	/usr/lib/swift/libswiftFoundation.dylib
0x00000001f4212000 	/usr/lib/swift/libswiftSwiftOnoneSupport.dylib
0x0000000294b28000 	/usr/lib/swift/libswiftsys_time.dylib
0x00000001ded7f000 	/System/Library/PrivateFrameworks/CoreMaterial.framework/Versions/A/CoreMaterial
0x00000002930de000 	/usr/lib/libSpatial.dylib
0x0000000292afe000 	/System/Library/SubFrameworks/UIUtilities.framework/Versions/A/UIUtilities
0x0000000106be0000 	/Users/orly/.gradle/jdks/amazon_com_inc_-21-aarch64-os_x.2/amazon-corretto-21.jdk/Contents/Home/lib/server/libjvm.dylib
0x0000000100eb0000 	/Users/orly/.gradle/jdks/amazon_com_inc_-21-aarch64-os_x.2/amazon-corretto-21.jdk/Contents/Home/lib/libjimage.dylib
0x0000000100edc000 	/Users/orly/.gradle/jdks/amazon_com_inc_-21-aarch64-os_x.2/amazon-corretto-21.jdk/Contents/Home/lib/libinstrument.dylib
0x0000000100f24000 	/Users/orly/.gradle/jdks/amazon_com_inc_-21-aarch64-os_x.2/amazon-corretto-21.jdk/Contents/Home/lib/libjava.dylib
0x0000000106a9c000 	/Users/orly/.gradle/jdks/amazon_com_inc_-21-aarch64-os_x.2/amazon-corretto-21.jdk/Contents/Home/lib/libzip.dylib
0x0000000106ac4000 	/Users/orly/.gradle/jdks/amazon_com_inc_-21-aarch64-os_x.2/amazon-corretto-21.jdk/Contents/Home/lib/libnio.dylib
0x00000001013ec000 	/Users/orly/.gradle/jdks/amazon_com_inc_-21-aarch64-os_x.2/amazon-corretto-21.jdk/Contents/Home/lib/libnet.dylib
0x0000000106ae4000 	/Users/orly/.gradle/jdks/amazon_com_inc_-21-aarch64-os_x.2/amazon-corretto-21.jdk/Contents/Home/lib/libverify.dylib
0x00000001011f4000 	/Users/orly/.gradle/native/660c5614fbf4a5f2a75b1949f50a0caf5cd603558e7d8a26e50b933a0cfb79d1/osx-aarch64/libnative-platform.dylib
0x00000001253d4000 	/Users/orly/.gradle/native/0.2.8/aarch64-macos/libgradle-fileevents.dylib
0x0000000101408000 	/Users/orly/.gradle/jdks/amazon_com_inc_-21-aarch64-os_x.2/amazon-corretto-21.jdk/Contents/Home/lib/libmanagement.dylib
0x0000000106b00000 	/Users/orly/.gradle/jdks/amazon_com_inc_-21-aarch64-os_x.2/amazon-corretto-21.jdk/Contents/Home/lib/libmanagement_ext.dylib
0x0000000106b14000 	/Users/orly/.gradle/jdks/amazon_com_inc_-21-aarch64-os_x.2/amazon-corretto-21.jdk/Contents/Home/lib/libextnet.dylib

JVMTI agents:
/Users/orly/.gradle/wrapper/dists/gradle-9.5.0-bin/bvnork1r7n8i6kp5cnkibsc9q/gradle-9.5.0/lib/agents/gradle-instrumentation-agent-9.5.0.jar path:none, loaded, initialized, instrumentlib options:none


VM Arguments:
jvm_args: --add-opens=java.base/java.lang=ALL-UNNAMED --add-opens=java.base/java.lang.invoke=ALL-UNNAMED --add-opens=java.base/java.util=ALL-UNNAMED --add-opens=java.prefs/java.util.prefs=ALL-UNNAMED --add-exports=jdk.compiler/com.sun.tools.javac.api=ALL-UNNAMED --add-exports=jdk.compiler/com.sun.tools.javac.util=ALL-UNNAMED --add-opens=java.base/java.nio.charset=ALL-UNNAMED --add-opens=java.base/java.net=ALL-UNNAMED --add-opens=java.base/java.util.concurrent=ALL-UNNAMED --add-opens=java.base/java.util.concurrent.atomic=ALL-UNNAMED --add-opens=java.xml/javax.xml.namespace=ALL-UNNAMED --add-opens=java.base/java.time=ALL-UNNAMED -Xmx4096M -Dfile.encoding=UTF-8 -Duser.country=BO -Duser.language=en -Duser.variant -javaagent:/Users/orly/.gradle/wrapper/dists/gradle-9.5.0-bin/bvnork1r7n8i6kp5cnkibsc9q/gradle-9.5.0/lib/agents/gradle-instrumentation-agent-9.5.0.jar 
java_command: org.gradle.launcher.daemon.bootstrap.GradleDaemon 9.5.0
java_class_path (initial): /Users/orly/.gradle/wrapper/dists/gradle-9.5.0-bin/bvnork1r7n8i6kp5cnkibsc9q/gradle-9.5.0/lib/gradle-daemon-main-9.5.0.jar
Launcher Type: SUN_STANDARD

[Global flags]
     intx CICompilerCount                          = 4                                         {product} {ergonomic}
     uint ConcGCThreads                            = 2                                         {product} {ergonomic}
     uint G1ConcRefinementThreads                  = 9                                         {product} {ergonomic}
   size_t G1HeapRegionSize                         = 2097152                                   {product} {ergonomic}
    uintx GCDrainStackTargetSize                   = 64                                        {product} {ergonomic}
   size_t InitialHeapSize                          = 268435456                                 {product} {ergonomic}
   size_t MarkStackSize                            = 4194304                                   {product} {ergonomic}
   size_t MaxHeapSize                              = 4294967296                                {product} {command line}
   size_t MaxNewSize                               = 2575302656                                {product} {ergonomic}
   size_t MinHeapDeltaBytes                        = 2097152                                   {product} {ergonomic}
   size_t MinHeapSize                              = 8388608                                   {product} {ergonomic}
    uintx NonNMethodCodeHeapSize                   = 5839564                                {pd product} {ergonomic}
    uintx NonProfiledCodeHeapSize                  = 122909338                              {pd product} {ergonomic}
    uintx ProfiledCodeHeapSize                     = 122909338                              {pd product} {ergonomic}
    uintx ReservedCodeCacheSize                    = 251658240                              {pd product} {ergonomic}
     bool SegmentedCodeCache                       = true                                      {product} {ergonomic}
   size_t SoftMaxHeapSize                          = 4294967296                             {manageable} {ergonomic}
     bool UseCompressedOops                        = true                           {product lp64_product} {ergonomic}
     bool UseG1GC                                  = true                                      {product} {ergonomic}
     bool UseNUMA                                  = false                                     {product} {ergonomic}
     bool UseNUMAInterleaving                      = false                                     {product} {ergonomic}

Logging:
Log output configuration:
 #0: stdout all=warning uptime,level,tags foldmultilines=false
 #1: stderr all=off uptime,level,tags foldmultilines=false

Release file:
IMPLEMENTOR="Amazon.com Inc."
IMPLEMENTOR_VERSION="Corretto-21.0.11.10.1"
JAVA_RUNTIME_VERSION="21.0.11+10-LTS"
JAVA_VERSION="21.0.11"
JAVA_VERSION_DATE="2026-04-21"
LIBC="default"
MODULES="java.base java.compiler java.datatransfer java.xml java.prefs java.desktop java.instrument java.logging java.management java.security.sasl java.naming java.rmi java.management.rmi java.net.http java.scripting java.security.jgss java.transaction.xa java.sql java.sql.rowset java.xml.crypto java.se java.smartcardio jdk.accessibility jdk.internal.jvmstat jdk.attach jdk.charsets jdk.internal.opt jdk.zipfs jdk.compiler jdk.crypto.ec jdk.crypto.cryptoki jdk.dynalink jdk.internal.ed jdk.editpad jdk.hotspot.agent jdk.httpserver jdk.incubator.vector jdk.internal.le jdk.internal.vm.ci jdk.internal.vm.compiler jdk.internal.vm.compiler.management jdk.jartool jdk.javadoc jdk.jcmd jdk.management jdk.management.agent jdk.jconsole jdk.jdeps jdk.jdwp.agent jdk.jdi jdk.jfr jdk.jlink jdk.jpackage jdk.jshell jdk.jsobject jdk.jstatd jdk.localedata jdk.management.jfr jdk.naming.dns jdk.naming.rmi jdk.net jdk.nio.mapmode jdk.random jdk.sctp jdk.security.auth jdk.security.jgss jdk.unsupported jdk.unsupported.desktop jdk.xml.dom"
OS_ARCH="aarch64"
OS_NAME="Darwin"
SOURCE=".:git:867f343e1b40+"

Environment Variables:
PATH=/Users/orly/.antigravity-ide/antigravity-ide/bin:/Users/orly/.rbenv/shims:/opt/homebrew/bin:/opt/homebrew/sbin:/usr/local/bin:/System/Cryptexes/App/usr/bin:/usr/bin:/bin:/usr/sbin:/sbin:/var/run/com.apple.security.cryptexd/codex.system/bootstrap/usr/local/bin:/var/run/com.apple.security.cryptexd/codex.system/bootstrap/usr/bin:/var/run/com.apple.security.cryptexd/codex.system/bootstrap/usr/appleinternal/bin:/pkg/env/global/bin:/Library/Apple/usr/bin:/Users/orly/Library/Android/sdk/cmdline-tools/latest/bin:/Users/orly/Library/Android/sdk/platform-tools:/Users/orly/Library/Android/sdk/cmdline-tools/latest/bin:/Users/orly/Library/Android/sdk/platform-tools:/Users/orly/.local/bin
SHELL=/bin/zsh
LANG=en_US.UTF-8
LC_ALL=en_US.UTF-8export
TMPDIR=/var/folders/05/0w0rwk0n7pn35pq6dn67t8bm0000gn/T/

Active Locale:
LC_ALL=C
LC_COLLATE=C
LC_CTYPE=C
LC_MESSAGES=C
LC_MONETARY=C
LC_NUMERIC=C
LC_TIME=C

Signal Handlers:
   SIGSEGV: crash_handler in libjvm.dylib, mask=11100110000111110111111111111111, flags=SA_ONSTACK|SA_RESTART|SA_SIGINFO, unblocked
    SIGBUS: crash_handler in libjvm.dylib, mask=11100110000111110111111111111111, flags=SA_RESTART|SA_SIGINFO, unblocked
    SIGFPE: crash_handler in libjvm.dylib, mask=11100110000111110111111111111111, flags=SA_RESTART|SA_SIGINFO, unblocked
   SIGPIPE: javaSignalHandler in libjvm.dylib, mask=11100110000111110111111111111111, flags=SA_RESTART|SA_SIGINFO, blocked
   SIGXFSZ: javaSignalHandler in libjvm.dylib, mask=11100110000111110111111111111111, flags=SA_RESTART|SA_SIGINFO, blocked
    SIGILL: crash_handler in libjvm.dylib, mask=11100110000111110111111111111111, flags=SA_RESTART|SA_SIGINFO, unblocked
   SIGUSR2: SR_handler in libjvm.dylib, mask=00000000000000000000000000000000, flags=SA_RESTART|SA_SIGINFO, blocked
    SIGHUP: UserHandler in libjvm.dylib, mask=11100110000111110111111111111111, flags=SA_RESTART|SA_SIGINFO, blocked
    SIGINT: UserHandler in libjvm.dylib, mask=11100110000111110111111111111111, flags=SA_RESTART|SA_SIGINFO, blocked
   SIGTERM: UserHandler in libjvm.dylib, mask=11100110000111110111111111111111, flags=SA_RESTART|SA_SIGINFO, blocked
   SIGQUIT: UserHandler in libjvm.dylib, mask=11100110000111110111111111111111, flags=SA_RESTART|SA_SIGINFO, blocked
   SIGTRAP: crash_handler in libjvm.dylib, mask=11100110000111110111111111111111, flags=SA_RESTART|SA_SIGINFO, unblocked


Periodic native trim disabled

---------------  S Y S T E M  ---------------

OS:
uname: Darwin 25.6.0 Darwin Kernel Version 25.6.0: Fri Jul 31 19:18:49 PDT 2026; root:xnu-12377.161.14~5/RELEASE_ARM64_T6000 arm64
OS uptime: 0 days 4:55 hours
rlimit (soft/hard): STACK 8176k/65520k , CORE 0k/infinity , NPROC 2666/4000 , NOFILE 1048576/infinity , AS infinity/infinity , CPU infinity/infinity , DATA infinity/infinity , FSIZE infinity/infinity , MEMLOCK infinity/infinity , RSS infinity/infinity
load average: 3.35 3.99 3.90

CPU: total 10 (initial active 10) 0x61:0x0:0x1b588bb3:0, fp, asimd, aes, pmull, sha1, sha256, crc32, lse, sha3, sha512, sb
machdep.cpu.brand_string:Apple M1 Pro
hw.cachelinesize:128
hw.l1icachesize:131072
hw.l1dcachesize:65536
hw.l2cachesize:4194304

Memory: 16k page, physical 16777216k(114368k free), swap 2097152k(589056k free)

vm_info: OpenJDK 64-Bit Server VM (21.0.11+10-LTS) for bsd-aarch64 JRE (21.0.11+10-LTS), built on 2026-04-19T03:06:24Z by "ec2user" with clang Apple LLVM 15.0.0 (clang-1500.3.9.4)

END.
